node_id,day,tilt_deg,displacement_mm,strain_microstrain,vibration_mms,risk_score_reference,status_reference,tilt_deg_slope,tilt_deg_accel,tilt_deg_std,tilt_deg_anomaly_score,displacement_mm_slope,displacement_mm_accel,displacement_mm_std,displacement_mm_anomaly_score,strain_microstrain_slope,strain_microstrain_accel,strain_microstrain_std,strain_microstrain_anomaly_score,vibration_mms_slope,vibration_mms_accel,vibration_mms_std,vibration_mms_anomaly_score,predicted_risk_score,predicted_risk_band
Node01,1,0.217,1.713,27.74,1.066,18.2,NORMAL,0.0,0.0,0.0,0.04656993377799725,0.0,0.0,0.0,0.06583626536685011,0.0,0.0,0.0,0.04545731231238384,0.0,0.0,0.0,0.05540019361165387,19.45206788289887,NORMAL
Node01,2,0.439,1.669,25.47,1.122,18.6,NORMAL,0.222,0.222,0.15697770542341355,0.33253945868025053,-0.04400000000000004,-0.04400000000000004,0.03111269837220812,0.0994739289549004,-2.2699999999999996,-2.2699999999999996,1.6051323932934625,0.32908789653874837,0.05600000000000005,0.05600000000000005,0.039597979746446695,0.6252984413647505,41.95787367577667,WATCH
Node01,3,0.211,1.592,30.17,0.969,18.2,NORMAL,-0.0030000000000000027,-0.225,0.1299384469662463,0.10674071708738439,-0.0605,-0.01649999999999996,0.061245407991130235,0.02832023808968664,1.2150000000000016,3.485000000000001,2.350453856882398,0.1330596346982099,-0.04850000000000004,-0.10450000000000009,0.07741016298480029,0.5580762320574195,28.832185988670595,WATCH
Node01,4,0.316,1.492,28.09,1.071,18.2,NORMAL,0.006900000000000001,0.009900000000000003,0.10694975455792315,0.007583418709439222,-0.07400000000000002,-0.013500000000000026,0.0969002923972197,0.01857019381091485,0.5750000000000007,-0.6400000000000009,1.924861466876687,0.02201176305624438,-0.013800000000000045,0.034699999999999995,0.0638905313798532,0.04121178740689041,16.674744042944724,NORMAL
Node01,5,0.237,1.527,25.81,1.109,17.3,NORMAL,-0.008300000000000002,-0.015200000000000002,0.09627564593395362,0.008995245392310903,-0.05490000000000004,0.019099999999999985,0.09297472774899643,0.016041146277348844,-0.12399999999999985,-0.6990000000000006,1.9040693264689719,0.031024983874522526,0.0034999999999999697,0.017300000000000013,0.06001916360630164,0.04051319923784919,16.877933494980493,NORMAL
Node01,6,0.318,1.678,28.48,1.078,18.8,NORMAL,0.00011428571428571359,0.008414285714285716,0.0872230856291307,0.008282403866660966,-0.02002857142857146,0.03487142857142858,0.0892533846230308,0.03276224200932023,0.07542857142857165,0.1994285714285715,1.7536096106792611,0.009008253947309251,0.0035142857142857046,1.4285714285734892e-05,0.05385690918226435,0.014343722472702868,16.319991878481257,NORMAL
Node01,7,0.42,1.431,27.34,1.056,18.2,NORMAL,0.014035714285714282,0.013921428571428567,0.09362997078164358,0.011025215028052508,-0.03189285714285716,-0.011864285714285699,0.10634848376916337,0.014837201215198848,0.016428571428571587,-0.059000000000000066,1.6044818181462537,0.009412491575702116,0.0007857142857142825,-0.0027285714285714222,0.049415632768434366,0.011930943209280733,15.988571570137047,NORMAL
Node01,8,0.362,1.538,28.32,0.9,18.0,NORMAL,0.006749999999999998,-0.007285714285714283,0.08577878525602936,0.01101313236086367,-0.01889285714285715,0.013000000000000012,0.0909761873605762,0.013157089824558536,0.11714285714285719,0.1007142857142856,1.6285722639931035,0.008844991843693585,-0.01732142857142857,-0.018107142857142853,0.08030952028009537,0.007429980684296301,15.880702579712857,NORMAL
Node01,9,0.198,1.042,27.71,0.894,15.6,NORMAL,0.008428571428571428,0.0016785714285714294,0.08257492989775436,0.01651676889481091,-0.059071428571428566,-0.04017857142857142,0.20461171125073063,0.05221796638017575,-0.19250000000000003,-0.3096428571428572,1.3143240160050418,0.013743760281794628,-0.02214285714285713,-0.00482142857142856,0.08896815909826016,0.004664562872066465,16.940748456201025,NORMAL
Node01,10,0.507,1.28,23.94,0.898,16.6,NORMAL,0.01925,0.010821428571428572,0.10530658189532215,0.040540167408239174,-0.06235714285714284,-0.0032857142857142738,0.20792500937551864,0.013730499063220556,-0.31464285714285684,-0.1221428571428568,1.6559129261671999,0.04278290529838976,-0.040249999999999994,-0.018107142857142863,0.09812989447908414,0.01956720986027835,17.665993384831022,NORMAL
Node01,11,0.556,1.537,29.45,0.933,19.5,NORMAL,0.03975000000000001,0.020500000000000008,0.13285133115808886,0.07629967070202895,-0.041249999999999995,0.021107142857142845,0.2109484252020813,0.011861615570598234,0.07892857142857158,0.3935714285714284,1.8589577212846473,0.013731754440202557,-0.03749999999999999,0.0027500000000000024,0.09551688955612087,0.011619250429843792,17.696006114982623,NORMAL
Node01,12,0.193,1.788,33.67,1.115,20.3,NORMAL,0.0015000000000000094,-0.03825,0.1410442348714622,0.01831434259778981,0.010142857142857144,0.05139285714285714,0.24976779692536902,0.07182781594490903,0.550357142857143,0.4714285714285714,2.89763614660213,0.07717051700048627,-0.004892857142857151,0.03260714285714284,0.0968727687915099,0.030245567124177246,19.346835989418615,NORMAL
Node01,13,0.249,1.789,33.9,0.824,19.7,NORMAL,-0.017607142857142852,-0.01910714285714286,0.14714392047697156,0.012301163779496038,0.07389285714285712,0.06374999999999997,0.26799058263482384,0.12412473599935052,1.147142857142857,0.596785714285714,3.5649777932922198,0.23373142669748745,-0.008107142857142868,-0.0032142857142857173,0.10233721103247227,0.01061923509398051,24.04687694459753,NORMAL
Node01,14,0.094,1.64,29.35,1.062,17.8,NORMAL,-0.03628571428571429,-0.018678571428571437,0.17254067843348048,0.038376681827565574,0.0824285714285714,0.008535714285714285,0.2723923116179519,0.06434803388886669,0.9,-0.247142857142857,3.4708390641923756,0.03347077984342999,0.020107142857142855,0.028214285714285723,0.10343412902721735,0.027272584515976153,18.5472314453275,NORMAL
Node01,15,0.0,1.674,28.11,1.088,17.2,NORMAL,-0.06167857142857144,-0.025392857142857148,0.20500383271678468,0.12446331652082747,0.10242857142857141,0.020000000000000004,0.2789699591268531,0.08631250236966855,0.5882142857142856,-0.31178571428571444,3.4833925718362275,0.025673951465910436,0.028607142857142862,0.008500000000000008,0.11326643683936437,0.050266989003306214,21.303545118809428,NORMAL
Node01,16,0.107,1.902,33.06,0.815,19.0,NORMAL,-0.08610714285714287,-0.02442857142857143,0.21210980983578162,0.11062153613357274,0.07114285714285713,-0.03128571428571428,0.20481687523481157,0.13046327679977715,0.7271428571428572,0.13892857142857162,3.622850758594345,0.09428637049632764,0.000285714285714282,-0.02832142857142858,0.1257476687277987,0.06906037666618622,23.878016053551598,NORMAL
Node01,17,0.429,1.347,28.0,0.694,17.0,NORMAL,-0.028642857142857154,0.05746428571428572,0.19752034253282805,0.08732383873876783,-0.016321428571428574,-0.0874642857142857,0.18476059155154323,0.05995298631937401,-0.4057142857142856,-1.1328571428571428,2.644336265627783,0.035021332200612834,-0.037607142857142874,-0.03789285714285716,0.16161476830207488,0.7138189690923072,28.49499467416782,WATCH
Node01,18,0.364,1.393,30.09,1.015,18.6,NORMAL,0.03164285714285714,0.06028571428571429,0.15356152792005834,0.03654202160418526,-0.06453571428571428,-0.04821428571428571,0.20831135122124056,0.02091318777780194,-0.6725000000000001,-0.2667857142857145,2.600933898209861,0.016276389603372642,-0.028821428571428585,0.008785714285714289,0.16455973007362637,0.13509853215513806,18.513781011049026,NORMAL
Node01,19,0.433,1.398,28.22,1.043,18.4,NORMAL,0.05432142857142857,0.02267857142857143,0.17560833042394577,0.045474793884195286,-0.0712142857142857,-0.006678571428571423,0.21648666515625434,0.0136515370145869,-0.5596428571428572,0.11285714285714288,2.438188242273739,0.008051671806105515,0.0060357142857142675,0.03485714285714285,0.1540571940794037,0.07819124860990813,17.65195845643897,NORMAL
Node01,20,0.357,1.221,24.77,1.005,16.3,NORMAL,0.0682857142857143,0.013964285714285728,0.18124332500024065,0.049484127078499585,-0.08278571428571427,-0.011571428571428566,0.23585992614665327,0.03576636345480187,-0.5889285714285718,-0.02928571428571458,2.5102323929601957,0.0239842969611701,-0.002178571428571458,-0.008214285714285726,0.14748300951376772,0.018735054631994794,17.87235198298405,NORMAL
Node01,21,0.345,1.488,32.93,1.013,19.6,NORMAL,0.05496428571428571,-0.013321428571428588,0.1684960081482786,0.026227543336341568,-0.06674999999999999,0.016035714285714278,0.22886677347312775,0.014232631687371797,-0.06785714285714306,0.5210714285714287,2.964542845990641,0.07234531901079157,0.017999999999999978,0.020178571428571435,0.14294371186556185,0.03542520124136522,18.267722729035953,NORMAL
Node01,22,0.402,1.618,30.4,0.8,18.8,NORMAL,0.02535714285714286,-0.02960714285714285,0.11189940210061979,0.02012164230059792,-0.026499999999999975,0.040250000000000015,0.22220411037302315,0.024689347668798843,-0.12285714285714329,-0.05500000000000023,2.936082586096814,0.010569462391018324,0.020821428571428578,0.0028214285714285997,0.13910239462524068,0.10701419303541428,17.671702768799722,NORMAL
Node01,23,0.444,1.321,29.24,1.014,18.5,NORMAL,0.0011785714285714316,-0.024178571428571428,0.040709189321799275,0.05582244730572374,0.016500000000000008,0.04299999999999998,0.1267438361420389,0.03186651231141243,0.3232142857142855,0.4460714285714288,2.5196409419182086,0.010467938436924408,0.017857142857142873,-0.002964285714285704,0.13624592610772762,0.015537090319001187,17.565666124622307,NORMAL
Node01,24,0.305,1.316,28.86,0.945,17.4,NORMAL,-0.003928571428571426,-0.005107142857142858,0.05001618785572375,0.01619455385893952,0.0004285714285714369,-0.01607142857142857,0.12933787424527168,0.016849034443357017,0.14214285714285704,-0.18107142857142847,2.478096427656096,0.005343539134815719,-0.016892857142857126,-0.03475,0.0832663540350225,0.015881438673695757,16.109751696351715,NORMAL
Node01,25,0.195,1.471,30.75,1.031,18.2,NORMAL,-0.025678571428571422,-0.021749999999999995,0.08603847422879517,0.019761348769670343,0.008642857142857159,0.008214285714285723,0.13259928894444128,0.011222800441873348,0.4314285714285715,0.2892857142857145,2.5289391715368192,0.015618454464772214,-0.005535714285714278,0.011357142857142847,0.08470874469953749,0.0055964685007505646,16.212024465252664,NORMAL
Node01,26,0.386,1.534,30.91,1.111,19.7,NORMAL,-0.011071428571428567,0.014607142857142855,0.08054339262309539,0.012219931239321814,0.021535714285714287,0.012892857142857128,0.14113991706982187,0.013445752972913436,0.44714285714285723,0.015714285714285736,2.540058117070403,0.014934611126045695,0.01782142857142858,0.023357142857142858,0.09640168937464585,0.03425687606613339,16.41493825083448,NORMAL
Node01,27,0.125,1.128,30.29,0.949,16.5,NORMAL,-0.033607142857142856,-0.02253571428571429,0.11600985179839561,0.02723636670158494,-0.03921428571428572,-0.06075000000000001,0.1656909055756417,0.06926657091722284,-0.1924999999999999,-0.6396428571428572,1.320652796734937,0.03213349386596692,0.015964285714285712,-0.0018571428571428662,0.09711823917757352,0.006473354021956708,18.068381340243505,NORMAL
Node01,28,0.404,1.405,23.69,0.834,16.2,NORMAL,-0.019678571428571427,0.013928571428571429,0.12063996021219503,0.01062578291150151,-0.028821428571428585,0.010392857142857138,0.16218302418358513,0.011335533103092163,-0.5707142857142854,-0.3782142857142855,2.5305580035881032,0.04737653472633929,0.004928571428571417,-0.011035714285714295,0.10984447880439654,0.018059647002598007,16.950199677488772,NORMAL
Node01,29,0.381,1.306,28.01,0.885,17.3,NORMAL,-0.0021785714285714264,0.0175,0.11859173664298875,0.007359382876728228,-0.007499999999999999,0.021321428571428585,0.1320364307591623,0.013888730673923998,-0.5174999999999995,0.05321428571428588,2.4968275108720697,0.006840026051916787,-0.024678571428571428,-0.029607142857142846,0.09332916657365656,0.016804577434615435,15.87147881679268,NORMAL
Node01,30,0.168,1.626,28.26,1.001,17.6,NORMAL,-0.0007499999999999987,0.0014285714285714277,0.11635413922283004,0.010425771263567092,0.01682142857142855,0.02432142857142855,0.16530073603385237,0.02138149951780266,-0.5178571428571425,-0.0003571428571429447,2.4969209610466816,0.005612285614586257,-0.014321428571428572,0.010357142857142856,0.09236238154037348,0.006013600954228033,15.940000727312624,NORMAL
Node01,31,0.276,1.74,26.07,1.098,18.1,NORMAL,0.002250000000000002,0.003000000000000001,0.11585458866305519,0.007761633696859836,0.04174999999999999,0.02492857142857144,0.2035123723862648,0.03565233118003063,-0.7721428571428569,-0.25428571428571445,2.679656161311959,0.025571754163401236,-0.002964285714285701,0.011357142857142871,0.10415213231934654,0.009692720240380443,16.73119561107716,NORMAL
Node01,32,0.261,1.479,29.42,0.842,17.5,NORMAL,-0.011035714285714284,-0.013285714285714286,0.11069391517668377,0.008423477153978535,0.04571428571428572,0.003964285714285733,0.20361623567036946,0.024062018521440107,-0.2978571428571426,0.4742857142857143,2.5178344814920766,0.011534040933577728,-0.012214285714285709,-0.009250000000000008,0.11479837397222432,0.015643363033153827,16.219687483486,NORMAL
Node01,33,0.284,1.604,30.82,1.004,19.0,NORMAL,0.0030714285714285683,0.014107142857142853,0.10165909417544222,0.007792228321002117,0.07178571428571431,0.026071428571428593,0.20950633585146006,0.03447369383505495,0.3967857142857144,0.694642857142857,2.5012263658720157,0.026481892523251466,0.01407142857142858,0.026285714285714287,0.09710083124552246,0.017621657183957418,16.831232204618843,NORMAL
Node01,34,0.409,1.431,26.75,1.121,18.2,NORMAL,-0.00307142857142858,-0.006142857142857148,0.08949008990092808,0.010412961453342267,0.018821428571428583,-0.05296428571428573,0.1499844436377764,0.03703925018121833,0.5699999999999997,0.17321428571428532,2.3320724484376347,0.014763346786037303,0.03357142857142858,0.019499999999999997,0.117900684597552,0.13990928720865378,18.212923338365403,NORMAL
Node01,35,0.16,1.385,31.2,0.94,17.6,NORMAL,-0.006178571428571434,-0.0031071428571428543,0.09497017075552372,0.01094292393180825,-0.010321428571428561,-0.029142857142857144,0.15255319134805467,0.01854210051711614,0.4035714285714282,-0.16642857142857154,1.94217845288664,0.028104731391927734,0.011107142857142855,-0.02246428571428572,0.10356456463298173,0.01240928913781616,16.54795328325114,NORMAL
Node01,36,0.102,1.253,33.36,1.193,18.5,NORMAL,-0.010071428571428577,-0.0038928571428571423,0.10231068463496952,0.014913212188588506,-0.06703571428571428,-0.05671428571428572,0.16516744750187828,0.042409838793876,0.8174999999999997,0.4139285714285715,2.5932118345880686,0.05585995696164802,0.01925000000000001,0.008142857142857155,0.11861542499868666,0.059865292371749534,18.469207365440703,NORMAL
Node01,37,0.123,1.402,25.97,0.915,15.8,NORMAL,-0.03217857142857143,-0.022107142857142853,0.10859974568066336,0.02502682219735147,-0.060178571428571456,0.0068571428571428256,0.15884673655535303,0.011837989940690075,0.2842857142857139,-0.5332142857142858,2.8901260476713766,0.03254364641235481,0.0031785714285714273,-0.016071428571428584,0.12614466374157962,0.019330185547330226,16.966064101515634,NORMAL
Node01,38,0.534,1.604,30.03,1.039,20.1,NORMAL,0.006785714285714292,0.03896428571428572,0.15873757919163015,0.06547532707560941,-0.007392857142857161,0.0527857142857143,0.12514182430537046,0.029823117042210242,-0.045000000000000186,-0.3292857142857141,2.5718087020616442,0.007066674995833282,0.01732142857142857,0.014142857142857145,0.12165485917917444,0.02217845499185107,17.76633759111486,NORMAL
Node01,39,0.174,1.635,28.95,1.042,18.0,NORMAL,-0.004178571428571422,-0.010964285714285715,0.16269442581255264,0.01480725397928072,0.016285714285714275,0.023678571428571438,0.14347689377603304,0.020741583392613606,-0.15285714285714289,-0.10785714285714271,2.5849159514751103,0.005221544747817092,-0.002678571428571427,-0.019999999999999997,0.09729630737377155,0.0109479675545201,16.091079600954163,NORMAL
Node01,40,0.388,1.479,30.48,0.992,19.0,NORMAL,0.014178571428571433,0.018357142857142857,0.17033789948217634,0.0193490989264751,0.035535714285714295,0.01925000000000002,0.1318229331879917,0.017800779692841683,0.1200000000000001,0.272857142857143,2.560877825686973,0.011691352089570143,-0.012035714285714285,-0.009357142857142859,0.09806266218232972,0.005167521913303845,16.235683973776663,NORMAL
Node01,41,0.336,1.539,27.13,1.076,18.1,NORMAL,0.041107142857142856,0.026928571428571423,0.16246215676566772,0.025763488110319494,0.040964285714285724,0.0054285714285714284,0.134755333846197,0.021676746370313808,-0.5353571428571428,-0.6553571428571429,2.495204925261174,0.0169310540011056,0.0047500000000000086,0.016785714285714293,0.09278546684229627,0.008219134348469746,16.6541356471535,NORMAL
Node01,42,0.343,1.537,31.4,1.148,19.7,NORMAL,0.035821428571428574,-0.0052857142857142825,0.15844316992296673,0.018848630060392797,0.035750000000000004,-0.00521428571428572,0.13077552559725425,0.019277203180790084,-0.11107142857142868,0.42428571428571404,2.517774905782977,0.017697587032312105,0.004999999999999989,0.00024999999999998027,0.09315833935014187,0.019307380455321262,16.58773820426111,NORMAL
Node01,43,0.268,1.535,29.4,0.926,18.0,NORMAL,0.007678571428571433,-0.02814285714285714,0.13738735645715627,0.014391861725023497,0.006035714285714271,-0.029714285714285735,0.07700432888264575,0.035082113805927496,0.40035714285714263,0.5114285714285713,1.9075763730576083,0.021008094373188076,0.01017857142857143,0.00517857142857144,0.08267348282191066,0.008701943958352578,16.75914358434935,NORMAL
Node01,44,0.047,1.544,30.46,1.099,17.8,NORMAL,-0.04707142857142858,-0.05475000000000001,0.15627951149874292,0.07701550745475137,-0.011500000000000019,-0.01753571428571429,0.05108396449544054,0.030045128811760777,0.11107142857142842,-0.2892857142857142,1.3809382593695045,0.02128992113412174,0.0037142857142857177,-0.0064642857142857115,0.0724499827467198,0.016607609852053475,18.356994441879863,NORMAL
Node01,45,0.109,1.861,27.31,1.044,17.8,NORMAL,-0.033749999999999995,0.013321428571428581,0.12990179440822283,0.03061817270395641,0.02871428571428571,0.04021428571428573,0.12802213350302621,0.07935456724813375,-0.09607142857142861,-0.20714285714285702,1.6304074863139497,0.009398360126786976,0.0024999999999999983,-0.0012142857142857194,0.07239409341862607,0.008112364420041861,17.81013878756233,NORMAL
Node01,46,0.362,1.291,31.39,1.148,19.1,NORMAL,-0.02957142857142858,0.004178571428571417,0.13387271851241672,0.01508743039231087,0.003107142857142848,-0.025607142857142863,0.167734342112191,0.024220148081337503,0.07678571428571436,0.172857142857143,1.7946003667085544,0.025737198503009377,0.01267857142857142,0.01017857142857142,0.08172806244171082,0.038949333615061525,17.05231018715112,NORMAL
Node01,47,0.029,1.33,30.5,0.962,16.7,NORMAL,-0.037214285714285714,-0.007642857142857135,0.14690229989447312,0.047911144030895844,-0.028321428571428553,-0.0314285714285714,0.18541472176615062,0.02104303479076122,0.285714285714286,0.20892857142857163,1.7961519715107368,0.017288703975531592,-0.00800000000000001,-0.020678571428571428,0.08664074703982555,0.008657359312782997,17.22014194470556,NORMAL
Node01,48,0.034,1.262,23.79,1.145,15.0,NORMAL,-0.03892857142857143,-0.0017142857142857168,0.14923327855599577,0.050090318636314114,-0.053142857142857124,-0.02482142857142857,0.20867678356731495,0.018282722536452235,-0.7035714285714284,-0.9892857142857143,2.762567818603003,0.16707717612673056,0.0040000000000000036,0.012000000000000014,0.09279342135959338,0.01862796969388961,21.163785583954343,NORMAL
Node01,49,0.0,1.221,33.2,1.276,18.1,NORMAL,-0.03250000000000001,0.006428571428571422,0.1390344253362146,0.047722217084239626,-0.07274999999999998,-0.019607142857142858,0.22761182495016125,0.028567094355818754,0.044642857142857525,0.7482142857142859,3.070422648121142,0.09839049240962584,0.03785714285714286,0.033857142857142856,0.11995376093272257,0.34387949430767767,23.717388399577608,NORMAL
Node01,50,0.476,1.5,29.31,0.945,18.9,NORMAL,0.02646428571428571,0.05896428571428572,0.1889003264511031,0.09145824485633704,-0.051464285714285705,0.021285714285714276,0.22541918623712914,0.013506554413986658,0.026071428571428586,-0.01857142857142894,3.070785536230724,0.011197354531808399,-3.5714285714285744e-05,-0.037892857142857145,0.11588335679014646,0.028311325785898993,18.265701469465135,NORMAL
Node01,51,0.131,1.063,30.67,1.025,16.7,NORMAL,0.009464285714285715,-0.016999999999999994,0.18379154859060665,0.038050279422372484,-0.07446428571428572,-0.023000000000000013,0.2560556115192092,0.061205108840221054,0.30785714285714316,0.2817857142857146,3.083605650780238,0.023125452423962238,-0.00532142857142858,-0.005285714285714295,0.11811213396800598,0.008719113738107322,17.9717584250971,NORMAL
Node01,52,0.0,1.332,31.42,1.087,17.2,NORMAL,-0.015714285714285715,-0.025178571428571432,0.19349061746663335,0.05790495764530406,-0.006178571428571422,0.0682857142857143,0.13191014257548855,0.029099692807639115,0.21250000000000022,-0.09535714285714295,2.99767687829537,0.029439050089269527,-0.009178571428571428,-0.003857142857142848,0.11717223789504636,0.01796700761863574,18.074720016531565,NORMAL
Node01,53,0.388,1.435,30.96,1.009,19.1,NORMAL,0.04071428571428572,0.05642857142857143,0.19848125736151895,0.06205122804926301,0.010607142857142855,0.01678571428571428,0.1436076002763881,0.011057471221522572,0.5039285714285716,0.29142857142857137,2.969676910436716,0.026375624948471718,-0.008071428571428587,0.0011071428571428413,0.11629334829276723,0.008226575362539467,17.594744850771967,NORMAL
Node01,54,0.418,1.673,30.35,1.169,20.2,NORMAL,0.05185714285714286,0.011142857142857142,0.2125423207157532,0.04211318800803545,0.053321428571428575,0.04271428571428572,0.20039413545263626,0.051079324169814276,0.6182142857142859,0.11428571428571432,2.9658259911066622,0.018126115533470884,-0.011428571428571436,-0.0033571428571428485,0.11223890336497162,0.031082907725234137,18.0178449524137,NORMAL
Node01,55,0.348,1.119,29.98,0.954,17.5,NORMAL,0.04232142857142857,-0.009535714285714286,0.20293336931355663,0.038958302826815595,0.014714285714285711,-0.03860714285714287,0.2179883133608423,0.05813469464478692,-0.26035714285714295,-0.8785714285714289,1.242972627365927,0.05992745235567118,-0.019071428571428573,-0.007642857142857137,0.1205983100252752,0.01571131111592392,18.957268235083166,NORMAL
Node01,56,0.344,1.332,33.17,1.091,19.5,NORMAL,0.016285714285714282,-0.02603571428571429,0.17099777219378648,0.01881168125181848,-0.001821428571428561,-0.01653571428571427,0.21230077495765073,0.019042138489933746,0.3260714285714288,0.5864285714285717,1.233500632153795,0.13865258019408092,0.013500000000000009,0.032571428571428584,0.08068250533211441,0.05954040450932309,20.179124267275398,NORMAL
Node01,57,0.309,1.381,31.78,0.912,18.5,NORMAL,0.04221428571428571,0.02592857142857143,0.15318880351974007,0.022806210059839745,0.02278571428571429,0.024607142857142852,0.20289722943964936,0.02116602704308292,0.20892857142857135,-0.11714285714285744,1.065707902444818,0.06432687285533642,-0.013785714285714271,-0.02728571428571428,0.08780796145702334,0.011203365927688438,17.81451460458053,NORMAL
Node01,58,0.353,1.482,34.27,0.928,19.8,NORMAL,0.029535714285714283,-0.012678571428571428,0.14040638297795577,0.017670147126933596,3.571428571427385e-05,-0.022750000000000017,0.1686938619144723,0.018749687496666022,0.4646428571428573,0.25571428571428595,1.5372579174497385,0.12478508944404483,-0.026749999999999986,-0.012964285714285715,0.09688628582494212,0.007932026740042593,19.132172732799646,NORMAL
Node01,59,0.212,1.052,29.71,1.02,16.8,NORMAL,-0.024892857142857144,-0.05442857142857142,0.06579368908800846,0.04221757262626352,-0.045321428571428575,-0.045357142857142846,0.2130515251786581,0.058659429478378815,0.210357142857143,-0.25428571428571434,1.715497984065658,0.011601746730271213,-0.01753571428571427,0.009214285714285717,0.09254085326929681,0.006665103472281461,17.703885589278773,NORMAL
Node01,60,0.549,1.521,29.17,1.145,20.0,NORMAL,0.004642857142857149,0.029535714285714294,0.10329154300881974,0.04759857447188274,-0.01571428571428573,0.029607142857142846,0.22087531496730176,0.016728597702907994,-0.10642857142857132,-0.31678571428571434,1.9232772130130489,0.0069821975673282615,-0.003678571428571424,0.013857142857142846,0.10524529171688124,0.021854346684999085,17.025935308420415,NORMAL
Node01,61,0.407,1.579,29.97,1.076,19.5,NORMAL,0.017500000000000005,0.012857142857142855,0.1023746620437471,0.010430651899625547,0.051035714285714275,0.06675,0.20104702127090754,0.06089152833646641,-0.3607142857142859,-0.25428571428571456,1.956484943293287,0.011622353011592998,0.0207857142857143,0.024464285714285723,0.0896827742657418,0.029566460688991002,17.23326897617062,NORMAL
Node01,62,0.204,1.679,29.81,0.966,18.3,NORMAL,-0.000999999999999997,-0.018500000000000003,0.11845915510660808,0.008546320521810351,0.05271428571428571,0.001678571428571432,0.2041402412441949,0.035234516981571644,-0.6714285714285719,-0.31071428571428605,1.974401657404569,0.020154393364145196,0.006071428571428573,-0.014714285714285727,0.08836046303959383,0.006934365863509859,16.569014854710016,NORMAL
Node01,63,0.302,1.38,30.11,0.914,17.9,NORMAL,-0.004428571428571429,-0.0034285714285714323,0.11926680774034086,0.007210448596579623,0.03278571428571427,-0.019928571428571434,0.20099206333537034,0.02759932268030336,-0.48821428571428627,0.18321428571428566,1.775034540240731,0.020745748033336717,0.004928571428571425,-0.0011428571428571477,0.08987372093268263,0.004910103680090405,16.361972442940466,NORMAL
Node01,64,0.393,1.232,32.95,1.002,19.1,NORMAL,-0.0016071428571428556,0.0028214285714285737,0.1205842917986063,0.008418744350821798,0.00228571428571428,-0.030499999999999992,0.21553919100048338,0.02900241664200498,-0.09000000000000023,0.398214285714286,1.9421539343630594,0.04855165514672028,-0.006035714285714291,-0.010964285714285716,0.08222877494266487,0.006022722920533177,17.145836258066726,NORMAL
Node01,65,0.366,1.141,31.22,0.933,18.0,NORMAL,0.0016071428571428567,0.003214285714285712,0.12081508893464307,0.007885361974705227,-0.018214285714285714,-0.020499999999999994,0.23617326166145378,0.03890463202543981,0.43678571428571417,0.5267857142857144,1.276597039006437,0.06966784886722736,-0.02532142857142857,-0.01928571428571428,0.08144323176298937,0.00871986946673622,17.915508642710765,NORMAL
Node01,66,0.423,1.397,33.0,0.967,19.6,NORMAL,-0.009678571428571436,-0.011285714285714293,0.10687019273510316,0.011513096889880746,-0.06053571428571427,-0.04232142857142855,0.1905517052690749,0.020899732388877556,0.6117857142857143,0.1750000000000001,1.5483432005426536,0.09415671347135271,-0.028000000000000004,-0.002678571428571433,0.08259712897120404,0.007370417840660854,18.232672304943527,NORMAL
Node01,67,0.306,1.525,26.47,1.011,17.5,NORMAL,0.00710714285714286,0.016785714285714296,0.07734769981496972,0.013947293375980718,-0.03446428571428572,0.02607142857142855,0.19091621198840084,0.013621954111368233,-0.10749999999999993,-0.7192857142857142,2.233113350928529,0.021859361012270446,-0.006214285714285732,0.021785714285714273,0.05412859467882722,0.026186682277429162,16.5364164108042,NORMAL
Node01,68,0.278,1.55,37.21,0.998,20.8,NORMAL,0.009285714285714288,0.002178571428571428,0.0748862629655959,0.015553406338815424,0.0024285714285714305,0.03689285714285715,0.18714292984367908,0.020148239040197434,0.5346428571428572,0.6421428571428571,3.3444901383789865,0.1573643950514988,0.00910714285714285,0.015321428571428583,0.03655784718054645,0.040400278410005215,20.352657564784774,NORMAL
Node01,69,0.513,1.498,29.46,1.064,19.6,NORMAL,0.012250000000000002,0.0029642857142857144,0.08263920434780393,0.045545731803468985,0.049071428571428585,0.04664285714285715,0.15416225218904916,0.0431946092691616,0.06500000000000002,-0.4696428571428572,3.3770965269563966,0.022298784557557398,0.01857142857142857,0.009464285714285718,0.05072615555256337,0.0354839861189134,18.100341437192004,NORMAL
Node01,70,0.178,1.371,31.68,0.916,17.8,NORMAL,-0.017714285714285714,-0.029964285714285714,0.10855106325289189,0.014367377676740513,0.04585714285714286,-0.003214285714285725,0.15428730157913653,0.027164081925672413,-0.11142857142857159,-0.1764285714285716,3.3219658551612397,0.034221620054405134,0.001250000000000005,-0.017321428571428564,0.05026880126830537,0.02003604106446202,17.071715706636645,NORMAL
Node01,71,0.379,1.366,29.95,1.086,18.8,NORMAL,-0.008714285714285713,0.009000000000000001,0.10777445584800387,0.007481043768775491,0.021285714285714297,-0.024571428571428564,0.1393358395764571,0.025276116047929287,-0.12357142857142847,-0.012142857142856886,3.329268473918644,0.015526992906542003,0.014642857142857155,0.01339285714285715,0.0634582727542468,0.03243152566558952,16.53732435347536,NORMAL
Node01,72,0.167,1.659,31.29,1.018,18.7,NORMAL,-0.025785714285714283,-0.01707142857142857,0.12706278912786537,0.015170175079615648,0.010321428571428584,-0.010964285714285713,0.10882007867948598,0.032672205714156584,-0.13214285714285726,-0.008571428571428785,3.329148325237038,0.030428404088748372,0.007892857142857162,-0.006749999999999994,0.05711350436588866,0.014849229772862571,17.04637581982311,NORMAL
Node01,73,0.116,1.6,28.38,1.015,17.4,NORMAL,-0.03307142857142857,-0.007285714285714288,0.1383012584730815,0.027070689714004583,0.01110714285714288,0.0007857142857142958,0.10979287859636522,0.021402302075471284,-0.20071428571428587,-0.06857142857142862,3.3919947776240127,0.014115145581488275,0.002642857142857145,-0.005250000000000017,0.05409207318038737,0.012308167608577357,16.661966856148194,NORMAL
Node01,74,0.421,1.669,28.07,1.066,19.2,NORMAL,-0.013428571428571434,0.019642857142857136,0.14879228090577434,0.017960916301533587,0.03032142857142858,0.019214285714285698,0.12547357908188897,0.0290344701126178,-1.070357142857143,-0.8696428571428572,3.106507762132662,0.06338414335021261,0.007428571428571423,0.0047857142857142786,0.05724425527426105,0.012180943636425405,17.84658854237708,NORMAL
Node01,75,0.018,1.579,29.75,0.914,16.9,NORMAL,-0.04507142857142858,-0.031642857142857146,0.18195787058180987,0.07821263603939964,0.03832142857142857,0.00799999999999999,0.12670024617557923,0.023941845766040665,-0.2828571428571429,0.7875000000000001,1.3481062555267946,0.03675322372827088,-0.00789285714285715,-0.015321428571428573,0.07066048939757467,0.011625742184450826,18.58862185945571,NORMAL
Node01,76,0.386,1.345,39.06,1.212,22.0,NORMAL,0.005571428571428573,0.050642857142857156,0.15663059361805043,0.023463124973982775,0.012785714285714274,-0.025535714285714294,0.14581576764958618,0.023260669883056667,0.6614285714285718,0.9442857142857147,3.728839983030597,0.2351605879263349,0.021142857142857133,0.029035714285714283,0.103550079901558,0.0829366901633166,23.14663671355534,NORMAL
Node01,77,0.256,1.258,28.53,1.059,17.3,NORMAL,-0.0010357142857142856,-0.006607142857142858,0.15442150109359773,0.011320499795425123,-0.03475000000000002,-0.04753571428571429,0.16859503466675915,0.03082830353151485,0.45178571428571473,-0.20964285714285708,3.8450939675185607,0.022695418470241844,0.007357142857142844,-0.01378571428571429,0.08996745443293844,0.011029369687236149,16.66313182933146,NORMAL
Node01,78,0.297,1.736,37.55,1.072,21.7,NORMAL,0.022678571428571426,0.023714285714285712,0.14578490352309492,0.018713820221573817,-0.027750000000000014,0.007000000000000003,0.17854304536334942,0.02711969986414001,1.0739285714285713,0.6221428571428567,4.592290122741438,0.2795368838579568,0.014142857142857148,0.006785714285714304,0.08926072031121074,0.013302217743600797,23.351289852371913,NORMAL
Node01,79,0.329,1.329,30.17,1.045,18.3,NORMAL,0.022464285714285714,-0.000214285714285712,0.1456260704027695,0.014665062456159407,-0.03571428571428573,-0.007964285714285719,0.18810078352283588,0.013850967629342936,0.825357142857143,-0.24857142857142833,4.6325293923976965,0.03971156177730106,0.008821428571428572,-0.005321428571428576,0.0881810907275747,0.008614638225404734,16.79077361745069,NORMAL
Node01,80,0.232,1.572,35.24,1.043,20.1,NORMAL,-0.0012142857142857125,-0.023678571428571427,0.13245628209589255,0.011210567413848915,-0.014285714285714282,0.02142857142857145,0.18596210571486,0.015244946050802363,0.7442857142857144,-0.08107142857142857,4.551790333274945,0.1286560261744874,0.0018928571428571247,-0.006928571428571447,0.08670200744641438,0.006566565702196839,18.974276952785136,NORMAL
Node01,81,0.273,1.755,31.48,0.974,19.4,NORMAL,0.018928571428571433,0.020142857142857146,0.11648952538236873,0.012178740843174468,0.03760714285714285,0.051892857142857136,0.20132631649708815,0.05979473581009524,-0.028928571428571383,-0.7732142857142859,4.147679787429066,0.0821815425666209,-0.006142857142857152,-0.008035714285714276,0.09221145471660437,0.004451799767876405,18.73358580995473,NORMAL
Node01,82,0.373,1.383,28.28,1.047,18.1,NORMAL,-0.0025,-0.021428571428571432,0.05854017749334538,0.02263286595308877,0.03371428571428571,-0.0038928571428571423,0.2038372366561592,0.021742504206690473,-1.0267857142857142,-0.9978571428571428,4.3771049358048995,0.07719989410539854,-0.024785714285714293,-0.01864285714285714,0.07208989097614436,0.02587315840751311,18.337646365579392,NORMAL
Node01,83,0.183,1.666,30.42,1.03,18.6,NORMAL,-0.004392857142857143,-0.0018928571428571427,0.06276372928918193,0.01968024111481528,0.033714285714285704,-6.938893903907228e-18,0.20383723665615916,0.026992392065586165,-0.41285714285714253,0.6139285714285716,3.476577408341495,0.08098616087666316,-0.007428571428571428,0.017357142857142866,0.03138395100927194,0.03336570016566551,18.56599425928864,NORMAL
Node01,84,0.346,1.443,30.51,1.056,18.9,NORMAL,-0.00014285714285714596,0.004249999999999997,0.06670296630799648,0.012545816348564769,-0.014071428571428568,-0.04778571428571427,0.17251804598498147,0.028103370655063447,-0.9849999999999995,-0.5721428571428571,3.2520967595281243,0.05864673288144997,-0.0026428571428571373,0.004785714285714291,0.031077476149287363,0.01777242706660348,17.639205076884668,NORMAL
Node01,85,0.164,1.382,31.1,1.001,17.8,NORMAL,-0.012750000000000006,-0.01260714285714286,0.081761558087847,0.015336267262357874,-0.00671428571428572,0.007357142857142848,0.16214161946244632,0.01327036953600744,-0.2760714285714286,0.7089285714285709,2.1164469327265496,0.0348602661483087,-0.0017857142857142794,0.000857142857142858,0.029743346594938967,0.017368262622491845,16.783452303048925,NORMAL
Node01,86,0.351,1.254,30.3,0.928,17.9,NORMAL,0.003999999999999995,0.01675,0.08471296072199173,0.01031142948851168,-0.05857142857142857,-0.05185714285714285,0.1774136946450838,0.03295598305622496,-0.4767857142857143,-0.20071428571428573,2.1082118353849415,0.01341922256650106,-0.010071428571428561,-0.008285714285714282,0.04666088399546341,0.014320116397856224,16.488027751420272,NORMAL
Node01,87,0.313,1.481,30.4,1.072,18.9,NORMAL,0.0020357142857142826,-0.0019642857142857123,0.08345144011425361,0.008865616282134586,-0.048714285714285696,0.009857142857142877,0.17401039925136383,0.012091600971996396,0.05285714285714262,0.529642857142857,1.0132103622127233,0.04881876122077924,0.0009642857142857271,0.011035714285714288,0.051028936702153437,0.016058708644621555,16.93264668219815,NORMAL
Node01,88,0.171,1.027,33.3,0.96,17.4,NORMAL,-0.012178571428571427,-0.01421428571428571,0.09432542453806245,0.011540547668505461,-0.05810714285714286,-0.009392857142857161,0.19848665542285807,0.03258973536739603,0.5289285714285707,0.47607142857142815,1.4771126919642594,0.12281035302676169,-0.010892857142857136,-0.011857142857142863,0.053153416769627475,0.012306994321367209,19.275394021883912,NORMAL
Node01,89,0.254,1.531,29.64,1.002,18.2,NORMAL,0.0004285714285714319,0.01260714285714286,0.083047892092168,0.010873233708721806,-0.04064285714285715,0.01746428571428571,0.20698608188773973,0.01149897801189542,0.09071428571428518,-0.43821428571428556,1.1778086998037205,0.026799767083987264,-0.007321428571428574,0.003571428571428562,0.05109794516416489,0.013431202064826606,16.376262629293397,NORMAL
Node01,90,0.265,1.708,32.21,1.252,20.4,NORMAL,-0.008678571428571423,-0.009107142857142855,0.07681951636946234,0.013217428114285312,0.030928571428571416,0.07157142857142856,0.21645146822148864,0.06185152422893714,0.18499999999999975,0.09428571428571457,1.2697487565506425,0.06339566518934146,0.022214285714285714,0.02953571428571429,0.10655313898976149,0.12726873405131386,19.89065512826165,NORMAL
Node01,91,0.582,1.519,30.86,1.198,20.9,NORMAL,0.03653571428571428,0.04521428571428571,0.1418755323044346,0.0931553170476299,0.048892857142857134,0.017964285714285717,0.22061645235027022,0.02514337109438259,0.08357142857142844,-0.10142857142857131,1.2509710513951031,0.03051899169865517,0.04175,0.019535714285714288,0.1226879510519812,0.1909865242868561,21.123069693443313,NORMAL
Node01,92,0.341,1.35,30.84,1.032,18.6,NORMAL,0.021500000000000002,-0.01503571428571428,0.12876427336508403,0.013523860965474673,0.03732142857142857,-0.011571428571428566,0.2217325716563386,0.029435619432965236,0.051785714285714386,-0.03178571428571405,1.2553675234956565,0.026111108124291703,0.030571428571428562,-0.01117857142857144,0.12079025504686092,0.06094633653067751,17.413264415505694,NORMAL
Node01,93,0.428,1.624,37.79,1.198,22.6,NORMAL,0.03617857142857143,0.014678571428571426,0.13448880286194123,0.016377050530944896,0.03796428571428573,0.0006428571428571603,0.2224465692935636,0.025810497465001185,0.6596428571428573,0.6078571428571429,2.765215052344805,0.12126161475761155,0.025642857142857134,-0.004928571428571428,0.11320777358467925,0.09166639850672499,20.22700561695021,NORMAL
Node01,94,0.26,1.642,26.69,1.023,17.7,NORMAL,0.024678571428571428,-0.0115,0.13747692447063528,0.016769804502141054,0.05975000000000002,0.02178571428571429,0.2327211697657582,0.03926455829261993,-0.17499999999999968,-0.834642857142857,3.431488639892937,0.055447026715395045,0.012892857142857135,-0.01275,0.1168289347721702,0.01920926684322849,17.920819212016507,NORMAL
Node01,95,0.448,1.61,33.69,0.98,20.6,NORMAL,0.014928571428571432,-0.009749999999999997,0.12368874145169705,0.02360623124529022,0.007500000000000022,-0.05225,0.11637644173317976,0.0481642632293539,0.28714285714285687,0.4621428571428565,3.4663278222679064,0.10595565120374328,-0.01871428571428572,-0.031607142857142854,0.1131642295831278,0.02681513075333282,19.669211513179118,NORMAL
Node01,96,0.363,1.706,29.67,1.002,19.3,NORMAL,-0.001964285714285714,-0.016892857142857147,0.11333053217826836,0.008190937737699926,0.01671428571428572,0.009214285714285697,0.1252736053224149,0.031154625479336416,-0.2182142857142857,-0.5053571428571426,3.463410787895984,0.030373073585463442,-0.042678571428571434,-0.023964285714285712,0.1131642295831278,0.057670511886299784,17.380717106726888,NORMAL
Node01,97,0.366,1.274,28.28,0.935,17.4,NORMAL,-0.020857142857142852,-0.01889285714285714,0.10148680420907649,0.012860216405898794,-0.0013214285714285687,-0.018035714285714287,0.16164820709535524,0.020233295666083097,-0.5064285714285711,-0.2882142857142854,3.6749771622225267,0.02552264391496714,-0.038107142857142846,0.004571428571428587,0.10427824500322383,0.016128297370543596,16.61435626256078,NORMAL
Node01,98,0.081,1.542,28.46,1.022,17.1,NORMAL,-0.02860714285714286,-0.007750000000000007,0.12440486899061237,0.023145732110477917,-0.0021428571428571525,-0.0008214285714285838,0.16157027072129446,0.013841341637948017,-0.8278571428571426,-0.3214285714285715,3.8123521048597495,0.03663529967784686,-0.020607142857142848,0.017499999999999998,0.08226351387027976,0.012645613716690624,16.979776395296483,NORMAL
Node01,99,0.416,1.483,27.11,0.958,18.0,NORMAL,-0.017000000000000005,0.011607142857142854,0.128985602740328,0.012721746442478468,-0.034249999999999996,-0.03210714285714284,0.14286807101058555,0.017412946375894613,-1.2110714285714284,-0.38321428571428573,4.054612306051091,0.05352982875309475,-0.027392857142857132,-0.006785714285714284,0.08623693827942594,0.006927486055574982,17.147765725183458,NORMAL
Node01,100,0.084,1.326,27.2,1.249,16.9,NORMAL,-0.031214285714285715,-0.01421428571428571,0.15217392931085388,0.02883235000403602,-0.048785714285714266,-0.01453571428571427,0.16182338991570258,0.01362063354913759,-0.4585714285714287,0.7524999999999997,2.4113442210478677,0.021207538131288554,0.02335714285714288,0.05075000000000001,0.10434466696391115,0.23069238461141303,19.506783514165466,NORMAL
Node01,101,0.357,1.406,29.11,1.13,18.6,NORMAL,-0.02789285714285714,0.003321428571428576,0.15357889239891068,0.017211092515047384,-0.041535714285714294,0.007249999999999972,0.1546139585887257,0.0113789986198598,-0.7089285714285715,-0.2503571428571428,2.2375794745130064,0.012077131092172528,0.03453571428571428,0.011178571428571402,0.1117256418536902,0.10198663691990215,17.28898304338488,NORMAL
Node01,102,0.225,1.25,30.23,1.166,18.0,NORMAL,-0.01532142857142857,0.01257142857142857,0.1408849581345412,0.01237784334366499,-0.047142857142857146,-0.005607142857142852,0.1630855749657362,0.01688962431360995,0.07428571428571397,0.7832142857142854,1.1804801283093818,0.04826993305802315,0.03960714285714284,0.00507142857142856,0.11721916794335871,0.11730763265687283,18.40109513128239,NORMAL
Node01,103,0.403,1.786,30.93,0.917,19.8,NORMAL,0.012142857142857146,0.027464285714285715,0.1459908672942706,0.016724811759449645,0.031249999999999993,0.07839285714285714,0.186972750752107,0.07986425684332465,0.4817857142857141,0.40750000000000014,1.441573214697517,0.05161153972828012,0.014499999999999989,-0.025107142857142852,0.1287859057653807,0.03880643985612841,18.934474529023394,NORMAL
Node01,104,0.083,1.644,31.47,0.983,18.2,NORMAL,0.004321428571428575,-0.007821428571428571,0.15577104688490429,0.026472798079712385,0.029857142857142836,-0.0013928571428571575,0.1851260831613597,0.02806014329600308,0.7035714285714284,0.2217857142857143,1.73823528463839,0.04675914454037287,-0.010071428571428577,-0.024571428571428564,0.12252851951785797,0.02258139791437394,17.751605405260506,NORMAL
Node01,105,0.468,1.864,69.07,0.909,32.4,WATCH,0.00714285714285715,0.0028214285714285746,0.1603760461866927,0.02835030452734717,0.07710714285714285,0.047250000000000014,0.23357582637479135,0.12393468713871927,4.865714285714285,4.1621428571428565,15.112498926700498,0.6832910306968067,-0.031857142857142855,-0.021785714285714276,0.13526129914953147,0.055553750620749555,36.48877647032826,WATCH
Node01,106,0.061,1.416,30.53,0.997,17.2,NORMAL,0.00039285714285714716,-0.0067500000000000025,0.17004551211506935,0.02653529039163024,0.056428571428571425,-0.02067857142857142,0.23749726815471456,0.04111814650816625,3.255357142857142,-1.6103571428571426,14.867561845780065,0.16686469237733484,-0.04932142857142858,-0.017464285714285724,0.13186157966017314,0.13590684843370351,22.538272491436864,NORMAL
Node01,107,0.398,1.519,32.75,1.141,20.4,NORMAL,-0.004999999999999997,-0.005392857142857144,0.16327175710044486,0.014862682868085321,0.026749999999999996,-0.02967857142857143,0.22083402515614908,0.030611808209313415,1.7735714285714281,-1.481785714285714,14.494108491120828,0.27489148650030976,-0.011178571428571411,0.038142857142857166,0.10906376466042585,0.07429430399734208,23.986484619308094,NORMAL
Node01,108,0.407,1.745,27.18,0.888,18.4,NORMAL,0.018357142857142853,0.02335714285714285,0.16797264516524565,0.022853586383387383,0.025821428571428575,-0.000928571428571421,0.21988167813838516,0.03821053064073021,-0.2303571428571427,-2.003928571428571,14.67092216402422,0.10932337449090315,-0.013285714285714277,-0.0021071428571428664,0.11213745816545656,0.007508559898271141,19.278220417112884,NORMAL
Node01,109,0.265,1.744,29.84,1.073,19.2,NORMAL,0.005857142857142852,-0.0125,0.1659763322198164,0.015444418111093273,-0.009607142857142854,-0.03542857142857143,0.1581528796239049,0.05628426939251415,-1.7203571428571425,-1.4899999999999998,14.697304417574573,0.1565451250403121,0.018214285714285707,0.031499999999999986,0.09310644190285397,0.033095904863212976,21.00374686195773,NORMAL
Node01,110,0.122,1.625,33.23,0.992,18.9,NORMAL,0.0020357142857142818,-0.0038214285714285707,0.17023485178395392,0.023357669224958928,0.0011428571428571518,0.010750000000000006,0.150680677814598,0.014708105171904785,-2.733214285714286,-1.0128571428571433,14.591252924432563,0.3031450604362944,0.008785714285714282,-0.009428571428571425,0.08789739689520037,0.00767839075341971,23.73626632337104,NORMAL
Node01,111,0.426,1.433,26.8,1.109,18.3,NORMAL,-0.004892857142857148,-0.00692857142857143,0.16065876289589093,0.016594825679795377,-0.02321428571428571,-0.024357142857142862,0.17192190918304415,0.01680837925708978,-4.44,-1.7067857142857146,14.950994870544486,0.2480576855542494,0.018642857142857135,0.009857142857142853,0.09686047894240653,0.024741420891643096,22.42127021204975,NORMAL
Node01,112,0.465,1.522,30.47,0.853,19.0,NORMAL,0.03510714285714286,0.04000000000000001,0.1601600390086057,0.04576654952588476,0.0009285714285714453,0.024142857142857157,0.13619104228986578,0.012793810476852597,-0.21535714285714316,4.224642857142857,2.4706197410289388,0.048072440483979156,-0.014000000000000004,-0.03264285714285714,0.10871653836599891,0.03597380165730843,18.12342868901533,NORMAL
Node01,113,0.283,1.508,36.46,1.013,20.5,NORMAL,-0.0024285714285714305,-0.03753571428571429,0.12058468670053701,0.013237832336589234,-0.02821428571428571,-0.029142857142857154,0.12236479418992566,0.01710483419078705,0.5239285714285715,0.7392857142857147,3.456768377986529,0.17536549431990228,-0.014928571428571442,-0.0009285714285714383,0.10862539385648362,0.007440725971616307,20.267731812432867,NORMAL
Node01,114,0.293,1.315,28.79,1.106,17.9,NORMAL,0.0013214285714285706,0.003750000000000001,0.11838778090101473,0.007361015078340641,-0.06660714285714288,-0.03839285714285717,0.1594239630670371,0.028343814561658492,0.5467857142857143,0.022857142857142798,3.4392676407575355,0.022330943148295302,0.014107142857142861,0.029035714285714304,0.10219822009446247,0.04246862872044783,16.90092601040017,NORMAL
Node01,115,0.218,1.341,30.25,1.176,18.3,NORMAL,0.0020714285714285683,0.0007499999999999976,0.11758684733704985,0.008784830383330994,-0.06264285714285715,0.003964285714285726,0.15257972155096966,0.015639121958571124,0.07178571428571447,-0.47499999999999987,3.143919301036299,0.02357615063957824,0.015750000000000004,0.001642857142857142,0.10523940960179003,0.04781268369528952,16.767148074818763,NORMAL
Node01,116,0.003,1.546,31.89,0.823,17.1,NORMAL,-0.03375,-0.035821428571428574,0.1622969060527209,0.069583671619512,-0.022428571428571433,0.040214285714285716,0.1125344391730816,0.02413376974813041,0.04285714285714321,-0.028928571428571255,3.1313187545916086,0.036734367507455755,-0.004285714285714289,-0.020035714285714292,0.1332437794491914,0.05198638179252601,18.886778972740156,NORMAL
Node01,117,0.18,1.588,35.56,0.925,19.6,NORMAL,-0.06167857142857143,-0.027928571428571428,0.15550072729886566,0.03602092080092444,0.01235714285714286,0.034785714285714295,0.10463223576845125,0.027643868246528893,0.818214285714286,0.7753571428571427,3.494843821021669,0.1947313885802269,-0.01603571428571428,-0.011749999999999993,0.13712611504950992,0.024124345483168694,21.7792014943685,NORMAL
Node01,118,0.476,1.062,31.45,0.91,18.3,NORMAL,-0.01653571428571429,0.04514285714285714,0.1648939052845799,0.05804866962984621,-0.03532142857142856,-0.04767857142857142,0.18583031174139691,0.055880716431836015,0.15142857142857163,-0.6667857142857143,2.842509789738975,0.0530221388291095,-0.010285714285714275,0.005750000000000007,0.13144544405153327,0.023573811997819452,19.320336942852084,NORMAL
Node01,119,0.136,1.459,31.83,1.026,18.2,NORMAL,-0.004035714285714283,0.012500000000000006,0.14733182502998687,0.021069708908745276,-0.014499999999999982,0.020821428571428578,0.1810632617675512,0.01140768086884357,-0.11642857142857162,-0.26785714285714324,2.7557481051517794,0.026613320407650104,-0.021571428571428557,-0.011285714285714283,0.1211390385741387,0.027856938414355322,16.813506430814037,NORMAL
Node01,120,0.072,1.515,33.07,0.86,17.9,NORMAL,-0.012642857142857141,-0.008607142857142858,0.1553323625557239,0.02194655368158252,0.012571428571428575,0.02707142857142856,0.18175965291717366,0.016692486732999008,0.5557142857142857,0.6721428571428574,2.134493360205627,0.08528761011020218,-0.03396428571428572,-0.01239285714285716,0.1311594812577784,0.05583906933997019,18.80113465385136,NORMAL
Node01,121,0.266,1.706,34.04,1.019,20.2,NORMAL,0.008500000000000002,0.021142857142857144,0.15286268347768855,0.01575201916817966,0.03228571428571427,0.019714285714285698,0.20812084401684927,0.026423950615956503,0.3571428571428569,-0.19857142857142884,1.7793431104657436,0.073688570383421,-0.010571428571428574,0.023392857142857146,0.1203712511160289,0.02274370974839039,18.13222628344687,NORMAL
Node01,122,0.0,1.382,28.75,1.115,16.6,NORMAL,-0.008607142857142855,-0.017107142857142855,0.1683433283218441,0.03578521935614789,0.007035714285714256,-0.025250000000000015,0.20477781222816202,0.01872613272682436,-0.3871428571428574,-0.7442857142857142,2.157459926240424,0.020138258623437752,0.036214285714285706,0.04678571428571428,0.1033634364753804,0.20894653671143032,19.48804735199519,NORMAL
Node01,123,0.221,1.335,28.82,1.056,17.4,NORMAL,-0.024964285714285713,-0.01635714285714286,0.15357408635573905,0.016750879654016976,0.004571428571428544,-0.0024642857142857123,0.2064636483627035,0.01575430646152927,-0.8360714285714287,-0.4489285714285713,2.5479889362098143,0.01337155287278334,0.02842857142857142,-0.007785714285714285,0.09091335487835708,0.027459561072624723,16.45301044541687,NORMAL
Node01,124,0.058,1.411,27.72,1.039,16.4,NORMAL,-0.041285714285714294,-0.01632142857142858,0.16198750686689506,0.04637865987322822,0.023785714285714275,0.019214285714285732,0.19517342715304933,0.019500070638549468,-0.7689285714285713,0.06714285714285739,2.406321041004494,0.012415112553248224,0.02507142857142856,-0.0033571428571428606,0.08806220744991793,0.01910043954360717,17.157148302125318,NORMAL
Node01,125,0.124,1.186,34.24,1.092,18.4,NORMAL,-0.0038928571428571445,0.03739285714285715,0.093221446541223,0.0218523565541237,-0.04992857142857143,-0.0737142857142857,0.16095104254163156,0.06655475842160383,-0.3103571428571425,0.4585714285714288,2.7379310923883144,0.07544185585424279,0.021178571428571435,-0.003892857142857125,0.08252445524985741,0.028047162945168368,19.252892360423324,NORMAL
Node01,126,0.311,1.382,31.79,1.087,19.1,NORMAL,0.017535714285714286,0.021428571428571432,0.11700529088566079,0.011575377294592536,-0.05035714285714286,-0.000428571428571424,0.16108767207715835,0.012536343262894226,-0.15964285714285711,0.15071428571428538,2.7364627845868057,0.024548923995806025,0.02682142857142858,0.005642857142857144,0.08525982697166408,0.036408170539442564,16.65177115161956,NORMAL
Node01,127,0.474,1.42,27.08,1.046,18.4,NORMAL,0.04103571428571428,0.023499999999999993,0.16213031208024642,0.048542987044086265,-0.03596428571428572,0.014392857142857138,0.15532592461383532,0.010246875212350274,-0.3350000000000001,-0.17535714285714296,2.9814002782329685,0.014695297831567757,0.0021785714285714425,-0.024642857142857136,0.03402660023877681,0.05148134468738324,17.48670950735576,NORMAL
Node01,128,0.388,1.137,33.85,1.05,19.3,NORMAL,0.06867857142857144,0.027642857142857157,0.17545030499776718,0.05340834183099218,-0.02121428571428571,0.01475000000000001,0.1137357003047395,0.02097920140016123,0.5675,0.9025000000000001,2.9428072117816844,0.10621370377775863,-0.0059642857142857076,-0.00814285714285715,0.028657252053155682,0.02993089164238079,19.897789061216926,NORMAL
Node01,129,0.149,1.614,33.76,0.968,19.1,NORMAL,0.028357142857142855,-0.04032142857142858,0.15090488963014323,0.04239620115139588,0.01867857142857144,0.03989285714285715,0.15898427595205764,0.02945874369179792,0.7114285714285712,0.14392857142857118,3.1018634952004493,0.07778744821266213,-0.010285714285714287,-0.004321428571428579,0.0408440705028049,0.013417844680581284,18.861758881911598,NORMAL
Node01,130,0.061,1.422,30.13,1.102,17.4,NORMAL,0.004857142857142858,-0.023499999999999997,0.1666901888163159,0.03224145672593566,0.023000000000000003,0.004321428571428563,0.16055306198975378,0.01951063420718938,0.2974999999999998,-0.41392857142857137,2.9830457429885167,0.015427670893857659,-0.003428571428571416,0.006857142857142871,0.0457034957504295,0.030544358394808388,17.01960430074131,NORMAL
Node01,131,0.302,1.064,27.64,0.921,16.3,NORMAL,-0.010392857142857143,-0.01525,0.15107708533819983,0.011106152717334524,-0.0032857142857142647,-0.026285714285714266,0.19477887340214678,0.04391118921641667,-0.5871428571428573,-0.8846428571428571,2.99882040301246,0.050449852823802877,-0.020035714285714285,-0.01660714285714287,0.06856870034255184,0.009736958519033877,17.62693713326554,NORMAL
Node01,132,0.447,1.595,27.41,0.989,18.6,NORMAL,-0.009392857142857142,0.0010000000000000009,0.15249574545197114,0.020293790816679282,0.007571428571428586,0.01085714285714285,0.2094267686533205,0.01643369614035579,-0.5621428571428569,0.025000000000000355,2.9606176961669908,0.017317724731197696,-0.017571428571428568,0.0024642857142857175,0.06605481129515167,0.008528654065704027,16.41705002879115,NORMAL
Node01,133,0.0,1.345,26.41,0.981,15.3,NORMAL,-0.041107142857142856,-0.031714285714285716,0.190803064765243,0.08719307025893792,0.005035714285714287,-0.002535714285714299,0.20972521704999297,0.01671128116776339,-0.7503571428571426,-0.18821428571428567,3.180468668668338,0.04061796296012721,-0.013000000000000008,0.00457142857142856,0.06096837587752244,0.009448213923959685,18.73476079943162,NORMAL
Node01,134,0.181,1.6,28.08,1.111,17.9,NORMAL,-0.019035714285714288,0.022071428571428568,0.16668304681411994,0.02384303935679428,0.036571428571428574,0.031535714285714285,0.22705338159833272,0.030997814355782083,-1.240357142857143,-0.4900000000000003,3.076044151023782,0.03654207910923736,0.0034285714285714197,0.016428571428571428,0.07170043501229531,0.027520902726152627,17.549415585702622,NORMAL
Node01,135,0.328,1.216,29.76,1.055,17.9,NORMAL,0.016964285714285716,0.036000000000000004,0.15780759834443364,0.01907751383731436,-0.01989285714285715,-0.056464285714285724,0.21355483292743968,0.03884822216017132,-0.6189285714285712,0.6214285714285718,2.464384401060531,0.020588118486258068,0.012107142857142844,0.008678571428571424,0.07210277056958023,0.015865881996762223,17.039288340613457,NORMAL
Node01,136,0.032,1.53,29.58,1.21,17.8,NORMAL,-0.010749999999999997,-0.027714285714285712,0.17095808453146247,0.0349071630705757,0.022607142857142864,0.04250000000000001,0.20210310899802275,0.03266986313559934,0.11642857142857135,0.7353571428571425,1.4052757736472936,0.03244843896459979,0.025499999999999978,0.013392857142857133,0.09757170745271446,0.06186838976330012,18.200624413010537,NORMAL
Node01,137,0.508,1.225,26.57,1.04,17.8,NORMAL,0.004142857142857147,0.014892857142857145,0.1951994096400128,0.061397083866524815,0.008000000000000007,-0.014607142857142857,0.21138229866873004,0.023070656294825964,0.1599999999999999,0.04357142857142854,1.3296544484868813,0.019562528063689143,0.031178571428571424,0.005678571428571446,0.09513574261974056,0.022617341066958428,17.84309264908923,NORMAL
Node01,138,0.361,1.449,30.23,1.181,19.3,NORMAL,0.02175,0.017607142857142852,0.19871563794000904,0.028026809751747483,-0.026714285714285697,-0.034714285714285704,0.16389776139556084,0.020824126151842863,0.36714285714285716,0.20714285714285727,1.575853510233196,0.02182766258455913,0.02832142857142858,-0.002857142857142843,0.08977935917199083,0.07726566285291857,17.69893892667719,NORMAL
Node01,139,0.149,1.554,32.3,1.002,18.6,NORMAL,0.035250000000000004,0.013500000000000005,0.18472656755839093,0.04286462897371421,0.01192857142857144,0.03864285714285714,0.15732132722552275,0.02361755062331243,0.6707142857142855,0.3035714285714283,2.1124866863485785,0.057474014984679196,0.006714285714285724,-0.021607142857142856,0.08766874884364169,0.00826167423093977,18.165844718128902,NORMAL
Node01,140,0.349,1.648,28.11,0.997,18.5,NORMAL,0.016964285714285713,-0.01828571428571429,0.1600467193695403,0.015997119233039234,0.02639285714285713,0.014464285714285692,0.17491018103178393,0.02378350466784423,0.20785714285714274,-0.46285714285714274,1.8475543680382294,0.011681088796120679,-0.017035714285714276,-0.02375,0.08472982271398223,0.00971403657922111,16.335047745320338,NORMAL
Node01,141,0.433,1.288,33.29,0.985,19.5,NORMAL,0.021071428571428567,0.004107142857142854,0.1643014071179927,0.02550437271153054,0.02789285714285714,0.0015000000000000083,0.17311721875241473,0.027431372880916422,0.4778571428571426,0.26999999999999985,2.2997950219219843,0.04323091962338866,-0.024071428571428567,-0.007035714285714291,0.09143928508656911,0.006269562025739947,17.415603544088096,NORMAL
Node01,142,0.366,1.364,31.01,1.101,19.1,NORMAL,0.030000000000000002,0.008928571428571435,0.16567236744047978,0.02142835786077599,-0.00617857142857143,-0.03407142857142857,0.15246685822546105,0.023234265915609297,0.5575000000000002,0.07964285714285763,2.3284748738380743,0.017734300304129737,-0.022178571428571433,0.0018928571428571336,0.09207191805994971,0.017476489441827614,16.715201174295096,NORMAL
Node01,143,0.188,1.331,29.75,1.214,18.1,NORMAL,-0.02378571428571429,-0.05378571428571429,0.12751433159415754,0.02651020073290662,-0.004214285714285726,0.001964285714285704,0.15074797637431944,0.014084196749108388,0.4317857142857144,-0.12571428571428583,2.3223479498128605,0.00848514911030223,0.012321428571428558,0.03449999999999999,0.09306577295245602,0.09029339580972855,17.34291139849442,NORMAL
Node01,144,0.162,1.668,31.76,0.991,18.8,NORMAL,-0.017928571428571426,0.005857142857142863,0.11643800721332155,0.013163484844044494,-0.0026071428571428712,0.0016071428571428547,0.15386434965656626,0.020719575103774042,0.08535714285714326,-0.34642857142857114,1.7308998485511184,0.03619282309504276,-0.0015000000000000094,-0.013821428571428568,0.0977969227288778,0.005120890820156113,16.764168181358915,NORMAL
Node01,145,0.323,1.775,27.59,0.878,18.2,NORMAL,-0.0034642857142857114,0.014464285714285714,0.1132473062856348,0.006633836586298435,0.026642857142857128,0.029249999999999998,0.19075701322687477,0.04284619528547499,-0.3703571428571424,-0.4557142857142856,2.1447910321121193,0.011232154868503581,-0.005535714285714287,-0.004035714285714278,0.10580485181061719,0.007112432062231726,16.45674794070725,NORMAL
Node01,146,0.301,1.394,34.05,1.163,20.0,NORMAL,-0.020285714285714285,-0.016821428571428574,0.09703509428969255,0.012809028461852069,0.018428571428571412,-0.008214285714285716,0.1952962340845799,0.019045581827381263,0.2560714285714284,0.6264285714285708,2.4620713308300464,0.07606496601322989,0.00621428571428572,0.011750000000000007,0.11711959699384215,0.033932328270248925,18.103642658392115,NORMAL
Node01,147,0.0,1.577,28.31,1.117,17.0,NORMAL,-0.046214285714285715,-0.02592857142857143,0.1465647914583789,0.07232127615990258,0.04896428571428569,0.030535714285714277,0.18774957992470917,0.036750199331642384,-0.39357142857142896,-0.6496428571428574,2.4266349422311424,0.011236422745526395,0.006571428571428577,0.0003571428571428571,0.11736329433491058,0.028861665296163703,18.279649290411925,NORMAL
Node01,148,0.138,1.418,31.25,1.024,17.9,NORMAL,-0.03289285714285714,0.013321428571428574,0.12744205032278863,0.026205634795649742,0.013571428571428552,-0.035392857142857136,0.17063159982002996,0.026560334944378875,0.004642857142856727,0.3982142857142857,2.1921255177827486,0.020556901963650613,-0.009035714285714277,-0.015607142857142854,0.11385328905469279,0.014124685832344474,16.9369415492926,NORMAL
Node01,149,0.402,1.329,26.98,1.027,17.6,NORMAL,0.009678571428571429,0.042571428571428566,0.1352216874687813,0.017678461026452746,-0.02514285714285714,-0.038714285714285694,0.1758459823931429,0.02620130507047073,-0.3075000000000001,-0.31214285714285683,2.546107206062208,0.00787468855001808,-0.009142857142857147,-0.00010714285714286988,0.11389970525485506,0.007813362777590559,16.30800342236179,NORMAL
Node01,150,0.326,1.52,29.88,0.839,18.1,NORMAL,0.017392857142857147,0.007714285714285719,0.14037212448820932,0.01305643988391314,-0.04685714285714284,-0.0217142857142857,0.15952996434466324,0.017208056006223847,-0.34500000000000014,-0.03750000000000003,2.5448304275063007,0.0070127100382884715,-0.010607142857142867,-0.00146428571428572,0.11706957638210586,0.015010968803944933,16.068824365398697,NORMAL
Node01,151,0.249,1.455,33.25,1.231,19.9,NORMAL,0.008214285714285717,-0.00917857142857143,0.1365269901800338,0.01380391695771737,-0.03414285714285712,0.01271428571428572,0.1477800811373183,0.009718565758828833,0.2610714285714288,0.6060714285714289,2.771321671968775,0.07637488571093903,0.011464285714285717,0.022071428571428582,0.14411156392581015,0.09119790573798395,18.668852288585146,NORMAL
Node01,152,0.36,1.175,31.7,0.973,18.3,NORMAL,0.030821428571428573,0.022607142857142853,0.14055214250200798,0.01750066306154484,-0.028535714285714258,0.005607142857142863,0.13173168979117397,0.020470204952409983,0.05214285714285743,-0.20892857142857135,2.5564223512743816,0.01912988734229996,-0.018821428571428572,-0.03028571428571429,0.13012283573974398,0.04544529853637185,16.948498446875497,NORMAL
Node01,153,0.352,1.34,32.78,1.093,19.5,NORMAL,0.04810714285714285,0.017285714285714276,0.14467319493718708,0.018862582785627777,-0.03824999999999997,-0.009714285714285713,0.13436021236462325,0.01349186274535882,0.7350000000000002,0.6828571428571428,2.3192650724292982,0.0666549267430924,0.0010714285714285723,0.019892857142857146,0.12278145509109151,0.025770664909522692,17.795974553917652,NORMAL
Node01,154,0.216,1.79,24.36,0.922,16.8,NORMAL,0.005999999999999994,-0.04210714285714286,0.09382684152456688,0.020211109548810554,0.02832142857142859,0.06657142857142856,0.19224711280264362,0.07238780803490141,-0.25892857142857145,-0.9939285714285717,3.257864477288912,0.11452827396295416,-0.0014285714285714218,-0.0024999999999999944,0.12540050125213104,0.010076932422551992,20.102576088679193,NORMAL
Node01,155,0.073,1.513,29.41,0.81,16.6,NORMAL,-0.03942857142857143,-0.04542857142857142,0.11287435070740849,0.05062891471906728,0.034892857142857135,0.006571428571428544,0.19439993141288225,0.020819120019817956,-0.15071428571428566,0.10821428571428579,3.216861084674817,0.015000737720573754,-0.022249999999999985,-0.020821428571428564,0.1471948821574084,0.1131928171345216,18.55917085609713,NORMAL
Node01,156,0.238,1.577,31.74,0.802,18.3,NORMAL,-0.027142857142857142,0.012285714285714289,0.10027034884322909,0.013897540045541095,0.032214285714285695,-0.00267857142857144,0.1921083523629804,0.025126479386467424,-0.3371428571428572,-0.18642857142857153,3.0273743141698284,0.04222852764367944,-0.03585714285714285,-0.013607142857142866,0.1604633172736878,0.3065043474950733,20.87308284359974,NORMAL
Node01,157,0.069,1.767,28.79,0.976,17.6,NORMAL,-0.037964285714285714,-0.010821428571428572,0.11731276876063285,0.03266017023954081,0.06832142857142855,0.03610714285714285,0.22090021449040004,0.060543409047897956,-0.595357142857143,-0.25821428571428584,3.088732210254989,0.019958597499409658,-0.04964285714285715,-0.013785714285714297,0.1524148474207343,0.18746615032054714,20.018519436198044,NORMAL
Node01,158,0.43,1.634,25.47,1.027,18.2,NORMAL,-0.011928571428571427,0.026035714285714287,0.14158238389210512,0.018085643481601483,0.07207142857142854,0.0037499999999999895,0.22291681130391386,0.03900842888669936,-0.6889285714285717,-0.09357142857142864,3.2420540226397043,0.055733404090411116,-0.006857142857142863,0.04278571428571429,0.10766880434262943,0.022836435116620733,18.002479374665597,NORMAL
Node01,159,0.209,1.574,27.71,1.074,17.7,NORMAL,-0.00017857142857142773,0.01175,0.132965802979205,0.010507776151654246,0.02299999999999999,-0.049071428571428544,0.15357703201294376,0.05018278367253741,-0.48607142857142865,0.202857142857143,3.0711096179905866,0.0245465749501261,0.01139285714285714,0.018250000000000002,0.11853370025118631,0.02451332159192883,17.272814956433912,NORMAL
Node01,160,0.0,1.481,33.85,1.117,18.5,NORMAL,-0.0065714285714285735,-0.0063928571428571454,0.14380641750035256,0.0323345559370653,-0.026714285714285697,-0.04971428571428568,0.11932987491663202,0.02686104541084727,0.6714285714285717,1.1575000000000004,3.3291261544707127,0.14744687590123712,0.04778571428571427,0.03639285714285713,0.12334832598705797,0.30043046318579353,23.98571213247608,NORMAL
Node01,161,0.54,1.581,28.75,0.933,19.3,NORMAL,0.03803571428571429,0.044607142857142866,0.1998763903730789,0.12680045154781128,-0.006464285714285692,0.020250000000000004,0.0927179542894419,0.016551856627882937,0.04142857142857169,-0.63,2.7194633574256803,0.014988975867291279,0.03917857142857143,-0.008607142857142841,0.12283554627456754,0.05157436100622234,19.624930455256962,NORMAL
Node01,162,0.215,1.795,29.2,1.077,18.9,NORMAL,0.015821428571428573,-0.022214285714285718,0.1890625998622326,0.027315080650463817,0.004607142857142865,0.011071428571428558,0.11295785138925128,0.03713659908672205,0.02428571428571453,-0.01714285714285716,2.7203457413315966,0.006589603978073962,0.029607142857142856,-0.009571428571428574,0.10807933593959047,0.0587134352789261,17.402318488426864,NORMAL
Node01,163,0.37,1.403,32.41,0.774,18.6,NORMAL,0.028714285714285716,0.012892857142857143,0.19497130435992246,0.027656181379236738,-0.02724999999999999,-0.031857142857142855,0.14195186977751761,0.016754485443893186,0.6914285714285712,0.6671428571428566,2.8277662394126404,0.07104945804362969,-0.02310714285714285,-0.05271428571428571,0.11682954616509839,0.29498412303978305,21.63407418972306,NORMAL
Node01,164,0.412,1.549,29.95,0.992,19.1,NORMAL,0.017249999999999998,-0.011464285714285719,0.18102709610389692,0.027849085839134563,-0.010107142857142861,0.017142857142857126,0.12315630796055954,0.010769489286994852,0.6496428571428569,-0.041785714285714315,2.8163155599707452,0.013576700050131812,-0.026607142857142854,-0.003500000000000003,0.11650955407380198,0.015272628312026361,16.47993519850327,NORMAL
Node01,165,0.0,1.689,29.14,1.095,17.5,NORMAL,0.0009642857142857111,-0.016285714285714285,0.205202223138426,0.06438686686340389,0.010821428571428562,0.02092857142857142,0.12923713899354972,0.02144625261838369,0.005357142857142553,-0.6442857142857144,2.1860760671643082,0.012645792114785387,-0.012357142857142869,0.014249999999999985,0.12192815995690325,0.030638149199717607,17.810702074380877,NORMAL
Node01,166,0.287,1.462,35.45,0.979,20.0,NORMAL,-0.0007857142857142904,-0.0017500000000000016,0.2047582779302277,0.022185299381904253,-0.003107142857142864,-0.013928571428571426,0.13704830569999066,0.012831635414019037,0.22607142857142876,0.2207142857142862,2.656444992842879,0.06543898100854374,-0.0062500000000000056,0.006107142857142863,0.11871354076896518,0.010336069149355316,17.63887628415861,NORMAL
Node01,167,0.241,1.405,28.39,1.005,17.4,NORMAL,-0.040107142857142855,-0.03932142857142856,0.17114516255701379,0.03446227590075448,-0.03242857142857142,-0.029321428571428554,0.14749059695613204,0.01527200398525317,0.29107142857142904,0.06500000000000028,2.565833198008008,0.007220771842867637,0.012178571428571412,0.01842857142857142,0.10649368414091398,0.015569832606424812,16.58596316788091,NORMAL
Node01,168,0.221,1.277,29.69,0.973,17.3,NORMAL,-0.013035714285714286,0.02707142857142857,0.13332773797783307,0.014351200115448494,-0.05846428571428571,-0.026035714285714294,0.17974042129587614,0.01931796358708133,-0.03821428571428509,-0.3292857142857141,2.484108539918343,0.005506823702910805,0.004892857142857135,-0.0072857142857142764,0.1046533961863318,0.005316521811389211,15.984671986688852,NORMAL
Node01,169,0.129,1.42,31.7,1.091,18.2,NORMAL,-0.03085714285714286,-0.017821428571428575,0.14078284527530163,0.02275784895305802,-0.027750000000000014,0.030714285714285697,0.1301901539690164,0.01490808333615747,-0.121428571428571,-0.08321428571428591,2.427635533953622,0.015588046885694063,0.029392857142857134,0.024499999999999997,0.10681604124225286,0.087498909654883,17.410228212881282,NORMAL
Node01,170,0.452,1.623,29.58,1.091,19.7,NORMAL,0.011142857142857149,0.04200000000000001,0.15624279030985563,0.0384939015914458,-0.017892857142857148,0.009857142857142866,0.14085774654560101,0.013886399697820991,-0.06250000000000025,0.05892857142857075,2.3813981487473166,0.004606169311798519,0.010107142857142854,-0.01928571428571428,0.05708097840119855,0.04884941576568674,17.01696785262393,NORMAL
Node01,171,0.016,1.688,29.31,1.166,17.9,NORMAL,0.009500000000000005,-0.0016428571428571438,0.15899445932244965,0.037143304105823005,0.011928571428571415,0.02982142857142856,0.1592727519816542,0.027299658161245695,-0.2828571428571434,-0.22035714285714317,2.420556803319278,0.005677125106075708,0.018678571428571426,0.008571428571428572,0.07243486400766916,0.060465247472747195,17.442970586107414,NORMAL
Node01,172,0.167,1.391,31.11,0.934,17.6,NORMAL,-0.020678571428571428,-0.030178571428571433,0.13623316846669975,0.01864001017696675,0.024964285714285717,0.013035714285714302,0.14208548734577264,0.016348689998958627,-0.4032142857142863,-0.12035714285714288,2.3543485601875407,0.016746213993052417,0.010892857142857152,-0.007785714285714274,0.08317537410281274,0.007677061688674773,16.347640915343963,NORMAL
Node01,173,0.04,1.237,29.9,1.225,17.2,NORMAL,-0.029428571428571422,-0.008749999999999994,0.1464279442495279,0.03662256711016854,-0.0002857142857142701,-0.025249999999999988,0.16662318480417337,0.02424907378303853,0.1778571428571425,0.5810714285714288,1.1149119119592232,0.044118137471781824,0.02346428571428574,0.012571428571428588,0.10507888193434221,0.07505735301828456,18.53116203571243,NORMAL
Node01,174,0.33,1.465,27.34,0.855,17.2,NORMAL,-0.004857142857142858,0.024571428571428564,0.1560671406188772,0.013884360193660674,-0.0012142857142856836,-0.0009285714285714135,0.16640012019226427,0.012831635414019004,-0.3257142857142859,-0.5035714285714283,1.3957179412146894,0.022591472558504248,-0.008678571428571416,-0.032142857142857154,0.13217466798574853,0.0862358780413355,17.302313432755138,NORMAL
Node01,175,0.152,1.675,28.8,1.122,18.2,NORMAL,-0.005392857142857143,-0.0005357142857142852,0.15622495989834048,0.017019226209211775,-7.14285714285477e-05,0.001142857142857136,0.1682125922470615,0.02364544909395926,-0.4496428571428569,-0.123928571428571,1.4474427367569591,0.015927761902223767,-0.011428571428571408,-0.002749999999999992,0.13009154286043934,0.05013786396658939,16.981871755662254,NORMAL
Node01,176,0.349,1.2,31.47,1.129,18.8,NORMAL,0.004499999999999996,0.009892857142857139,0.16525175598807673,0.01455633144207085,-0.04360714285714285,-0.0435357142857143,0.2026473596693339,0.03275765746462872,0.031428571428571646,0.48107142857142854,1.3955507532017257,0.05461642891330882,-0.0018928571428571286,0.00953571428571428,0.1319354098828377,0.0372642035415061,17.935124205339743,NORMAL
Node01,177,0.039,1.068,28.26,0.984,15.4,NORMAL,0.019464285714285712,0.014964285714285715,0.13808623944408624,0.039095859951778486,-0.06442857142857142,-0.020821428571428567,0.23764218801342812,0.04378068603507042,-0.12607142857142822,-0.15749999999999986,1.4915635771772866,0.008184933130679861,-0.009249999999999996,-0.007357142857142868,0.13585496468135214,0.01913952437701859,17.38002873765492,NORMAL
Node01,178,0.251,1.455,29.29,0.931,17.7,NORMAL,0.009607142857142854,-0.009857142857142858,0.12640901113147787,0.012255386251029548,-0.01467857142857143,0.04974999999999999,0.20252936295051852,0.025723839119111473,-0.164642857142857,-0.038571428571428784,1.4919083337090366,0.009414491894512388,-0.007750000000000007,0.0014999999999999892,0.1341140239817277,0.018497411441285545,16.335055469868827,NORMAL
Node01,179,0.0,1.835,26.82,1.101,17.2,NORMAL,-0.013964285714285717,-0.02357142857142857,0.14569766478502502,0.03539787886313249,0.04167857142857141,0.05635714285714284,0.272729850637167,0.10897177954286343,-0.20999999999999983,-0.04535714285714282,1.5764622841455267,0.012227553777241107,-0.012785714285714298,-0.005035714285714291,0.1298664148819306,0.03458768044458383,18.971091773283817,NORMAL
Node01,180,0.272,1.167,29.07,0.95,17.0,NORMAL,-0.020571428571428567,-0.00660714285714285,0.13850631754544626,0.013764601215253235,-0.011392857142857149,-0.05307142857142856,0.28166452521023083,0.06415975270199943,-0.033928571428571405,0.17607142857142843,1.513400460017424,0.010644103152094506,0.0016071428571428467,0.014392857142857145,0.10764713076485023,0.00942846707341974,17.106029661470956,NORMAL
Node01,181,0.391,1.436,29.0,1.149,18.9,NORMAL,0.018714285714285718,0.039285714285714285,0.14959691873577508,0.02195727048603922,-0.0005714285714285798,0.010821428571428569,0.2809207649684804,0.023082038599641107,-0.20142857142857146,-0.16750000000000004,1.3855134856967712,0.011390321488665546,-0.005714285714285727,-0.007321428571428574,0.0933697207980444,0.018262616240821265,16.573705272667816,NORMAL
Node01,182,0.074,1.644,27.65,1.011,17.0,NORMAL,-0.0035714285714285687,-0.022285714285714287,0.15715264038810287,0.022126312292938786,0.06357142857142856,0.06414285714285714,0.2761616158977168,0.09085347136660232,-0.3642857142857144,-0.16285714285714292,1.4728753867051698,0.014402580860849334,-0.00017857142857144063,0.005535714285714287,0.08887417536955855,0.0040575041468215115,17.91385621983387,NORMAL
Node01,183,0.218,1.584,28.44,1.181,18.4,NORMAL,0.020499999999999997,0.024071428571428567,0.1431519339390013,0.022131702873663762,0.05453571428571428,-0.009035714285714279,0.26765453924966853,0.04946293144539347,-0.02000000000000008,0.3442857142857143,0.8822967862616405,0.025220173976320887,0.028535714285714282,0.028714285714285723,0.09944584551642262,0.11862690706388465,18.77105321795375,NORMAL
Node01,184,0.277,1.404,30.72,1.142,18.8,NORMAL,0.011285714285714286,-0.009214285714285711,0.13254612853824208,0.0137353456638328,-0.006357142857142871,-0.06089285714285715,0.2106156508452123,0.03947617846350505,0.2182142857142857,0.23821428571428577,1.2489157202111258,0.035945387646132185,0.03049999999999999,0.0019642857142857066,0.10150510191259213,0.07213030351288664,18.025388861542893,NORMAL
Node01,185,0.418,1.715,26.54,1.171,19.1,NORMAL,0.03896428571428571,0.02767857142857142,0.15405054829039533,0.02240879242003216,0.009357142857142866,0.015714285714285736,0.22317385919630334,0.02518457752738401,0.06785714285714269,-0.15035714285714302,1.4529624909129624,0.015852338445431147,0.02235714285714286,-0.008142857142857129,0.08773580471262252,0.07205620841282857,17.42954776678979,NORMAL
Node01,186,0.256,1.593,26.83,0.834,17.0,NORMAL,0.007464285714285711,-0.0315,0.11392792207607154,0.012238334286587311,0.057,0.04764285714285714,0.18556349189377075,0.05899801731489731,-0.3060714285714288,-0.3739285714285715,1.4512457702657693,0.018631226278586616,-0.0061785714285714265,-0.028535714285714286,0.13362741378282272,0.0678033067431782,17.905373823329025,NORMAL
Node01,187,0.401,1.603,27.8,1.021,18.6,NORMAL,0.021214285714285717,0.013750000000000005,0.12387320706501237,0.010722292303888124,0.018928571428571437,-0.03807142857142856,0.11091266405428667,0.05506332799493042,-0.255,0.05107142857142882,1.4211380416178203,0.011389829198907577,-0.02671428571428572,-0.020535714285714296,0.12614371999920607,0.0523257628265066,17.40110829425152,NORMAL
Node01,188,0.527,1.79,25.57,1.122,19.4,NORMAL,0.06085714285714287,0.039642857142857146,0.15011043553711664,0.09934670645109069,0.02375000000000001,0.004821428571428574,0.12073662796903574,0.05207366366750435,-0.40749999999999986,-0.15249999999999986,1.6483527130643691,0.02575397030973376,-0.010535714285714272,0.016178571428571452,0.12381360799124437,0.046884532240602496,19.894410396403174,NORMAL
Node01,189,0.337,1.6,28.85,1.086,18.9,NORMAL,0.030000000000000002,-0.030857142857142864,0.1082246341115156,0.0177122679890754,0.025285714285714293,0.0015357142857142826,0.12036294319780531,0.024696986613900872,-0.27892857142857125,0.12857142857142861,1.709614270056539,0.010260725094420243,-0.016964285714285703,-0.006428571428571431,0.1211897371106662,0.02768071214860318,16.591051369069223,NORMAL
Node01,190,0.346,1.869,26.81,1.08,19.0,NORMAL,0.011285714285714284,-0.018714285714285718,0.09229662326795421,0.013239772677945016,0.048642857142857154,0.02335714285714286,0.15284944350880833,0.07052962802806001,-0.2989285714285712,-0.019999999999999962,1.7222797737439812,0.011428995370356609,-0.002428571428571403,0.0145357142857143,0.11282498034777669,0.010974096113156384,17.26772790627071,NORMAL
Node01,191,0.419,1.599,26.6,1.061,18.5,NORMAL,0.004249999999999998,-0.007035714285714287,0.08477364819666208,0.012175718008904855,0.007178571428571423,-0.04146428571428573,0.1121705758888582,0.045209910922611986,0.0425000000000003,0.3414285714285715,1.0443498775155133,0.03342784746801633,0.00810714285714286,0.010535714285714263,0.10766438151784023,0.009927534903721114,17.250177596789438,NORMAL
Node01,192,0.322,1.43,26.31,1.072,17.5,NORMAL,0.0018928571428571386,-0.002357142857142859,0.08653488148882921,0.008330432408374345,-0.014928571428571433,-0.022107142857142856,0.14485493564581217,0.01573456888640656,-0.0971428571428571,-0.1396428571428574,1.0646550972923003,0.021812464739075322,0.026857142857142868,0.01875000000000001,0.09548098788564693,0.03434655540699957,16.54092204753535,NORMAL
Node01,193,0.459,1.455,27.81,1.15,19.0,NORMAL,-0.005500000000000003,-0.007392857142857142,0.07407621557750986,0.023789989340719634,-0.041607142857142856,-0.026678571428571423,0.1609093208108515,0.01513574242950119,-0.026428571428571752,0.07071428571428534,1.107199384117638,0.016844924962815283,0.00935714285714285,-0.017500000000000016,0.041752673139401696,0.10277282462506913,17.66817835533667,NORMAL
Node01,194,0.228,1.416,28.0,0.985,17.2,NORMAL,-0.02417857142857143,-0.018678571428571426,0.0989737820021521,0.012846298629464943,-0.06610714285714288,-0.024500000000000022,0.17888676918787538,0.015336778923934606,0.16821428571428548,0.19464285714285723,1.1303960536445796,0.021485602258192404,-0.010392857142857167,-0.019750000000000018,0.05187760320490639,0.02308034753368361,16.49564445582334,NORMAL
Node01,195,0.18,1.843,28.68,0.887,18.0,NORMAL,-0.023821428571428573,0.00035714285714285796,0.09813547487311318,0.015441650987912354,-0.011464285714285729,0.054642857142857146,0.1893723970432459,0.06599404827451152,0.1099999999999998,-0.05821428571428568,1.0180373274099535,0.01681988774872847,-0.024928571428571442,-0.014535714285714275,0.08512232094938156,0.00769107690285182,17.32310399412907,NORMAL
Node01,196,0.099,1.486,28.09,1.109,17.2,NORMAL,-0.04689285714285713,-0.02307142857142856,0.13019948065144024,0.0367695861845527,-0.024107142857142858,-0.01264285714285713,0.1943800891233952,0.012650475419148294,0.34607142857142864,0.23607142857142882,0.8928499047325661,0.03140151615463665,-0.012428571428571436,0.012500000000000006,0.08734496469255028,0.018047152117164688,17.23728690180008,NORMAL
Node01,197,0.018,1.752,25.75,1.042,16.6,NORMAL,-0.06885714285714285,-0.02196428571428572,0.1629650853637645,0.08057904992586061,0.03425,0.05835714285714286,0.1693514238555577,0.07426871176127471,0.0671428571428571,-0.2789285714285715,1.091512711790385,0.029072776435060347,-0.008785714285714277,0.0036428571428571595,0.08628192990755032,0.006222650349691909,19.453670489089145,NORMAL
Node01,198,0.394,1.174,29.03,1.294,18.7,NORMAL,-0.028392857142857143,0.04046428571428571,0.15877282363115397,0.028334314418378227,-0.0037142857142857177,-0.03796428571428572,0.22403794321498313,0.04745071010767671,0.14750000000000035,0.08035714285714325,1.2048888508311228,0.017252632026838837,0.020500000000000008,0.029285714285714283,0.1286182983352939,0.16421556428304648,19.26454316875001,NORMAL
Node01,199,0.231,1.394,26.19,1.081,16.9,NORMAL,-0.018357142857142857,0.010035714285714287,0.1548907449047323,0.015939945919071143,-0.027071428571428587,-0.023357142857142868,0.22652625202643262,0.018469063295355352,-0.20464285714285677,-0.3521428571428571,1.22804723036209,0.02389630620966581,0.020214285714285723,-0.000285714285714285,0.12860496917008338,0.03443916469207052,16.847391374132993,NORMAL
Node01,200,0.143,1.294,27.84,1.215,17.1,NORMAL,0.00507142857142857,0.023428571428571427,0.11882720547881602,0.0202907632023804,-0.05628571428571428,-0.029214285714285693,0.23996974015587091,0.026659663906750772,-0.16142857142857128,0.04321428571428548,1.2287508174681192,0.012588748554127806,0.045107142857142866,0.024892857142857144,0.13673558076674502,0.2500214828928303,19.592719314693,NORMAL
Node01,201,0.3,1.347,24.03,1.075,16.4,NORMAL,0.023607142857142858,0.018535714285714287,0.12609255859618893,0.014434780995156868,-0.07964285714285714,-0.02335714285714286,0.24440608284847032,0.02815115165870677,-0.5003571428571426,-0.33892857142857136,1.8176607153675504,0.0501400388009897,0.029107142857142856,-0.01600000000000001,0.12952458858309127,0.11750879648300817,18.74310703270761,NORMAL
Node01,202,0.381,1.287,25.14,1.057,16.9,NORMAL,0.041392857142857134,0.017785714285714276,0.14375640772468115,0.017367916725690668,-0.04596428571428572,0.03367857142857142,0.18645987695556845,0.02071744342354123,-0.4814285714285713,0.018928571428571295,1.7929159542621116,0.027549879475673597,-0.006035714285714295,-0.03514285714285715,0.09386641977781388,0.02289589634627712,16.877572154300072,NORMAL
Node01,203,0.41,1.495,25.65,0.859,17.2,NORMAL,0.04353571428571428,0.0021428571428571477,0.14681442773268638,0.020770213904192654,-0.02114285714285713,0.02482142857142859,0.18725689001247153,0.013422084215008597,-0.36571428571428594,0.11571428571428538,1.6846633124130401,0.02100285197242261,-0.03675000000000001,-0.030714285714285715,0.13801811475310047,0.15961025189382844,18.385463181068936,NORMAL
Node01,204,0.533,1.652,24.82,1.155,18.9,NORMAL,0.036178571428571435,-0.007357142857142847,0.12846233466884927,0.07083239274346138,0.058178571428571434,0.07932142857142857,0.1564894641212385,0.06896986103911397,-0.5860714285714288,-0.22035714285714286,1.7638972003303748,0.04133297110006576,-0.03639285714285715,0.0003571428571428614,0.1382129137374997,0.16162887782235372,21.386594517326124,NORMAL
Node01,205,0.385,1.404,26.67,1.118,18.0,NORMAL,0.0482857142857143,0.012107142857142865,0.12789560474967746,0.015598884531160026,0.031928571428571424,-0.02625000000000001,0.12821447804734212,0.028536995226155507,-0.10642857142857144,0.47964285714285737,1.2657239599759271,0.030084476606375022,-0.008035714285714273,0.02835714285714288,0.11157209926022428,0.041050705694375945,17.29473335516624,NORMAL
Node01,206,0.515,1.596,28.95,1.219,20.2,NORMAL,0.05135714285714286,0.0030714285714285583,0.13236439601846614,0.06962729926759363,0.04946428571428572,0.017535714285714293,0.14547131937912974,0.026495635959869857,0.29607142857142854,0.40249999999999997,1.7559205969681948,0.015431662211903077,0.007000000000000014,0.015035714285714288,0.12334871203991055,0.055015008725133874,18.43347714311986,NORMAL
Node01,207,0.077,1.528,27.26,1.156,17.1,NORMAL,-0.01521428571428571,-0.06657142857142857,0.1529006836074288,0.03916503326496089,0.03821428571428572,-0.011249999999999996,0.1328604710284619,0.022622161806628613,0.6546428571428572,0.35857142857142865,1.6751005655667077,0.029188810576744884,0.02950000000000001,0.022499999999999996,0.11595216583533387,0.14425816952165463,19.063035617755453,NORMAL
Node01,208,0.078,1.548,23.67,1.095,15.8,NORMAL,-0.05689285714285714,-0.04167857142857143,0.18898538618230826,0.08113161682952588,0.028321428571428584,-0.009892857142857137,0.12247701436440657,0.022853066940743006,0.1050000000000003,-0.5496428571428569,1.7520817549961745,0.05447725494740194,0.027571428571428573,-0.0019285714285714357,0.11573018703206263,0.061047905114565176,19.722014693013154,NORMAL
Node01,209,0.206,1.394,29.41,0.994,17.5,NORMAL,-0.06535714285714285,-0.008464285714285709,0.19414035178312672,0.0488604756781539,-0.01382142857142858,-0.04214285714285716,0.09480631885712101,0.032284825421463804,0.3417857142857145,0.2367857142857142,2.1018778452113898,0.01199068425359371,0.011535714285714276,-0.0160357142857143,0.12141036278043237,0.020049128647924377,17.493383508726705,NORMAL
Node01,210,0.25,1.435,26.62,0.979,16.9,NORMAL,-0.05871428571428571,0.006642857142857138,0.19045559412454477,0.04505961550840767,-0.025678571428571415,-0.011857142857142835,0.09968354690624491,0.01530014088081237,0.20000000000000004,-0.1417857142857145,2.057793547884307,0.01335593846168316,-0.03214285714285716,-0.043678571428571435,0.0880449019643089,0.03684575451405286,17.284507990008752,NORMAL
Node01,211,0.122,1.364,48.83,0.993,23.1,NORMAL,-0.0425,0.01621428571428571,0.16549291453686096,0.04573665500790878,-0.020571428571428556,0.005107142857142859,0.08930658803619514,0.018965693269024968,2.284642857142857,2.084642857142857,8.42442169839455,0.4856550426755371,-0.03632142857142858,-0.00417857142857142,0.09302943722540837,0.011928699887775267,29.105600196463783,WATCH
Node01,212,0.287,1.682,25.4,0.955,17.3,NORMAL,-0.015071428571428572,0.02742857142857143,0.15428514109240968,0.01542353503821532,-0.006535714285714296,0.01403571428571426,0.11479650733031076,0.019273849384122473,1.2657142857142853,-1.0189285714285716,8.526210568984714,0.2085190558311875,-0.04407142857142858,-0.00775,0.10167993668275727,0.01781899968269247,21.347297612536703,NORMAL
Node01,213,0.0,1.561,29.78,1.0,17.1,NORMAL,0.003678571428571424,0.018749999999999996,0.10454140214242758,0.028874634829675314,0.012035714285714276,0.018571428571428572,0.11095752082924087,0.017524788409500183,1.0871428571428567,-0.1785714285714286,8.514613768048884,0.05052354346930976,-0.026749999999999993,0.01732142857142859,0.07267016155859556,0.02167794570367476,17.67344910804785,NORMAL
Node01,214,0.1,1.461,28.01,1.027,16.8,NORMAL,-0.011035714285714284,-0.014714285714285708,0.1023604741424475,0.014323859979919326,0.01142857142857143,-0.000607142857142846,0.11120166151550756,0.01642922790426545,0.44785714285714284,-0.6392857142857139,8.47699014419398,0.04745762445368528,-0.007714285714285721,0.01903571428571427,0.04479742764723799,0.024870599423769645,17.241649088675622,NORMAL
Node01,215,0.323,1.579,28.8,1.04,18.6,NORMAL,-0.002535714285714282,0.008500000000000002,0.11512746559068054,0.00721747320621791,0.028714285714285716,0.017285714285714286,0.11436907673967515,0.024485633684572128,-0.6464285714285712,-1.094285714285714,8.02336884475889,0.08574917022711478,0.008607142857142857,0.016321428571428577,0.02845882572954763,0.04250760588126498,18.43294109833327,NORMAL
Node01,216,0.159,1.53,26.11,1.254,17.5,NORMAL,-0.002071428571428569,0.0004642857142857131,0.11500103519202813,0.01114550902109435,0.017642857142857134,-0.011071428571428583,0.10522673931404819,0.027879393291145138,-1.3921428571428571,-0.7457142857142859,8.225301847117253,0.10355452954512834,0.03539285714285715,0.026785714285714295,0.10047695779440702,0.130078202056433,20.175785167095032,NORMAL
Node01,217,0.313,1.352,25.93,0.852,16.3,NORMAL,0.02285714285714286,0.02492857142857143,0.12377090972937904,0.014564919178254592,-0.011499999999999995,-0.02914285714285713,0.1195734482391869,0.020920488674390204,-2.437857142857143,-1.045714285714286,8.283576982140483,0.16002309252294122,0.007678571428571431,-0.02771428571428572,0.12160827039544404,0.06322451804706707,20.70266728781139,NORMAL
Node01,218,0.343,1.531,31.02,0.959,19.0,NORMAL,0.03046428571428572,0.007607142857142861,0.13251720463324573,0.014978181036849962,-0.028642857142857137,-0.01714285714285714,0.10237512718754811,0.018353008331036032,0.25928571428571423,2.6971428571428575,2.137637770553103,0.06761016708133506,-0.0020357142857142835,-0.009714285714285715,0.12340564160909494,0.011106016753614804,17.63760601765682,NORMAL
Node01,219,0.193,1.51,24.48,1.015,16.3,NORMAL,0.037678571428571436,0.007214285714285715,0.1290605247456365,0.022559966951471087,-0.008571428571428572,0.020071428571428566,0.07666563146299024,0.018204018087178756,-0.4553571428571431,-0.7146428571428574,2.3336931695327494,0.05976007620099579,-0.009964285714285722,-0.00792857142857144,0.1208083882297362,0.015022056874561878,17.677527709891116,NORMAL
Node01,220,0.146,1.703,26.98,1.312,18.4,NORMAL,0.002214285714285714,-0.03546428571428572,0.0987567960289557,0.022771272294875012,0.021035714285714286,0.02960714285714286,0.1071598716649012,0.04512021765820659,-0.24357142857142872,0.2117857142857144,2.1576508389582276,0.010702186164925964,0.018214285714285718,0.02817857142857144,0.16222500541208926,0.20826491722729,19.467755510609763,NORMAL
Node01,221,0.27,1.388,27.84,1.03,17.4,NORMAL,-0.010892857142857143,-0.013107142857142857,0.08235261004335188,0.011263051791581328,-0.0024642857142857205,-0.023500000000000007,0.11734807807787664,0.017644355967468644,-0.0925,0.15107142857142872,2.1497009758834564,0.006870665534640877,0.008892857142857143,-0.009321428571428574,0.16211004492833464,0.05020631248256919,16.477482840280132,NORMAL
Node01,222,0.199,1.268,21.33,0.888,14.2,NORMAL,-0.00582142857142857,0.005071428571428573,0.07709394392866532,0.014520015358554829,-0.019357142857142868,-0.016892857142857147,0.14413700493098985,0.01886394716449411,-0.5200000000000001,-0.4275000000000001,2.9797842683178066,0.07889568072622663,-0.013892857142857136,-0.022785714285714277,0.1757770503466577,0.07438256240425702,18.731336798061704,NORMAL
Node01,223,0.265,1.403,30.3,1.178,18.7,NORMAL,-0.012678571428571424,-0.006857142857142854,0.07052895386529799,0.01575815170917278,-0.017678571428571432,0.0016785714285714355,0.14314760946393096,0.01175604628248395,-0.10392857142857144,0.4160714285714287,3.3471729364744016,0.027753509922864125,0.030392857142857145,0.04428571428571428,0.16251139154210817,0.4882837221277893,22.58498081224904,NORMAL
Node01,224,0.211,1.398,25.4,1.002,16.3,NORMAL,-0.00710714285714286,0.005571428571428565,0.06493549913274749,0.01810918460762778,-0.03742857142857143,-0.019749999999999997,0.13885209671411075,0.014214644855201613,-0.3882142857142859,-0.2842857142857145,3.3770492896553805,0.04055422366330117,0.001107142857142862,-0.029285714285714283,0.14336251087299473,0.044514102899404065,17.365532926049124,NORMAL
Node01,225,0.088,1.638,30.61,1.06,18.2,NORMAL,-0.006785714285714288,0.00032142857142857147,0.06408848050416965,0.028661951830580103,-0.007535714285714304,0.029892857142857124,0.15344255944039467,0.019374711906875352,0.6317857142857141,1.02,3.2934574393427205,0.0585961298429163,-0.012035714285714276,-0.013142857142857138,0.13705073791083638,0.03431145920505653,18.07426481555973,NORMAL
Node01,226,0.262,1.445,21.81,1.072,15.8,NORMAL,-0.00014285714285714298,0.006642857142857145,0.06869116530148686,0.013654822190968047,-0.005142857142857148,0.0023928571428571566,0.15276530396408114,0.012097514107313476,-0.2107142857142859,-0.8425,3.7210431205190178,0.15452664618592263,-0.019499999999999997,-0.00746428571428572,0.13496525125979297,0.04504905857555001,20.120075115229387,NORMAL
Node01,227,0.351,1.541,26.98,0.95,17.7,NORMAL,0.006857142857142852,0.006999999999999995,0.08143592280934454,0.011049949518660531,0.03742857142857143,0.04257142857142858,0.11891934041109341,0.03827235365971463,-0.04678571428571424,0.16392857142857167,3.721043120519018,0.02972323201138285,0.00035714285714285747,0.019857142857142854,0.09290445681041408,0.007626367508245721,16.950239830015175,NORMAL
Node01,228,0.564,1.851,57.78,0.909,29.2,WATCH,0.047071428571428556,0.0402142857142857,0.14965229541777675,0.105689204965524,0.074,0.03657142857142857,0.19162090551025854,0.08290065806402024,3.54,3.5867857142857145,12.531186999604133,0.6294058193653528,-0.01153571428571428,-0.011892857142857137,0.10271296111471218,0.0059448164454218525,35.582358513976914,WATCH
Node01,229,0.574,2.175,28.55,1.171,21.8,NORMAL,0.0677142857142857,0.020642857142857143,0.18087907036259915,0.15665711817618483,0.11160714285714284,0.03760714285714284,0.28670218495355565,0.20225638167565282,1.9957142857142858,-1.5442857142857143,11.923268168146008,0.1386261894639733,-0.011321428571428562,0.0002142857142857172,0.1031058171191593,0.021952868850346707,27.107571533273575,WATCH
Node01,230,0.864,1.91,34.48,1.209,24.5,NORMAL,0.1154642857142857,0.04775,0.26618334175633795,0.2908870546734507,0.10771428571428569,-0.0038928571428571423,0.28207547115722664,0.16996801772270964,2.110357142857143,0.11464285714285727,11.950032078060154,0.19749979744729562,0.024285714285714292,0.03560714285714285,0.11001168769076963,0.19909561967791953,33.60415425658009,WATCH
Node01,231,1.412,2.669,33.28,1.227,29.1,WATCH,0.19282142857142856,0.07735714285714286,0.4412801183569716,0.4536765624368793,0.16632142857142856,0.05860714285714287,0.4229493384049003,0.2893328536500973,1.247142857142857,-0.8632142857142859,11.564331450834583,0.22883099132531265,0.03557142857142858,0.011285714285714288,0.1244519413841573,0.17107070125680607,40.73341720202474,WATCH
Node01,232,1.531,3.534,33.34,1.708,33.7,WATCH,0.22246428571428573,0.029642857142857165,0.5017579097532993,0.46298051935239537,0.30650000000000005,0.14017857142857149,0.7302448708676915,0.3805759386393581,0.8532142857142863,-0.39392857142857085,11.502167704600815,0.11260344441977736,0.09864285714285714,0.06307142857142856,0.2645411121168125,0.7570879852993232,47.41750158484314,WATCH
Node01,233,1.505,3.39,38.68,1.265,33.4,WATCH,0.22264285714285711,0.00017857142857138908,0.5020527386450077,0.42746428875335757,0.3359642857142857,0.029464285714285665,0.780812580402164,0.3017624180618413,-0.3232142857142856,-1.1764285714285718,10.287762725916744,0.31525793958570425,0.09282142857142857,-0.005821428571428575,0.2616943873699862,0.3032096399921856,44.21779111636057,WATCH
Node01,234,2.327,2.934,46.6,1.587,39.8,WATCH,0.27921428571428575,0.056571428571428634,0.6333275688960726,0.5870134882816227,0.2608214285714286,-0.07514285714285712,0.685640541669578,0.4509640594994266,-0.5149999999999998,-0.19178571428571417,10.040963480615176,0.19140756552677143,0.0971785714285714,0.004357142857142837,0.26867195433766256,0.3317221676485794,48.662180773996255,WATCH
Node01,235,1.874,3.633,46.84,1.26,38.5,WATCH,0.24710714285714291,-0.032107142857142834,0.5873868685400904,0.47578800134762156,0.25510714285714287,-0.005714285714285727,0.6756669368289451,0.30112201648502096,3.0182142857142864,3.533214285714286,7.020194340004313,0.5689313134254771,0.037892857142857124,-0.05928571428571428,0.21080537175770628,0.6333458307368939,56.11434471891611,WARNING
Node01,236,2.622,5.108,53.94,1.843,50.5,WARNING,0.24978571428571428,0.0026785714285713635,0.5935803391686917,0.5086285144807035,0.39007142857142857,0.1349642857142857,0.9921321196580336,0.45764997360444465,3.527142857142857,0.5089285714285707,8.155492452504456,0.3910198075693802,0.0659642857142857,0.028071428571428574,0.2638008808967566,0.557353248549011,54.77234807037147,WARNING
Node01,237,3.144,4.23,46.58,1.776,48.1,WATCH,0.27667857142857144,0.026892857142857163,0.6588565130298893,0.5682063102686726,0.2883571428571429,-0.10171428571428565,0.8183458635448414,0.5556914575595886,3.1878571428571427,-0.3392857142857144,7.812697845113915,0.29631272482316484,0.06828571428571428,0.0023214285714285854,0.267106541967629,0.369243204288798,53.561529722665284,WARNING
Node01,238,2.427,5.329,48.37,2.717,51.3,WARNING,0.2236071428571429,-0.05307142857142855,0.6018875072873432,0.5549754142261878,0.32996428571428577,0.04160714285714284,0.9040224660082397,0.4042997951069547,2.4367857142857132,-0.7510714285714295,6.776923378362076,0.3663779638674218,0.15375000000000003,0.08546428571428574,0.49105493825126373,0.8327594283408364,57.70356449875549,WARNING
Node01,239,2.736,4.865,59.82,2.212,53.5,WARNING,0.1843928571428572,-0.0392142857142857,0.5470505330536529,0.4788521306414487,0.3504285714285715,0.020464285714285713,0.9238906346326412,0.3298385531964223,2.3821428571428567,-0.05464285714285655,6.633056108109845,0.32363739568204025,0.2006071428571429,0.046857142857142875,0.5221330791866691,0.7658198626293602,52.23675542519728,WARNING
Node01,240,3.4,6.515,54.08,2.676,61.1,WARNING,0.16957142857142857,-0.014821428571428624,0.5116790753885448,0.4414930887640448,0.47957142857142854,0.12914285714285706,1.1796902741216198,0.5088860485955279,1.5296428571428566,-0.8525,5.147112459104294,0.4029847502881259,0.21589285714285716,0.015285714285714264,0.548981307687681,0.56007514745212,54.48897155849985,WARNING
Node01,241,4.347,7.961,73.89,2.131,74.3,WARNING,0.30596428571428574,0.13639285714285718,0.7932004190379031,0.739295733550331,0.5868928571428571,0.10732142857142857,1.452931142470938,0.5516571221388367,3.381071428571428,1.8514285714285714,9.688141253738044,0.5632032240519818,0.16839285714285715,-0.047500000000000014,0.5166499229237752,0.7654279826405168,69.69564404297584,WARNING
Node01,242,4.234,7.612,73.05,1.83,71.5,WARNING,0.2933928571428571,-0.012571428571428622,0.7678598892531173,0.5907906338575345,0.5771428571428572,-0.009749999999999925,1.435019827306196,0.47073887325195957,4.202142857142857,0.8210714285714293,11.070401549907324,0.5278988388322384,0.022499999999999996,-0.14589285714285716,0.395029836124528,0.7660540395931413,63.2969716150059,WARNING
Node01,243,5.456,6.493,76.49,1.83,75.6,CRITICAL,0.43432142857142864,0.14092857142857151,1.0593068038872897,0.7780050198813675,0.5161071428571429,-0.061035714285714304,1.3951950708464695,0.6161744761910227,5.47,1.2678571428571423,12.67572595835949,0.5786243827354324,-0.06046428571428573,-0.08296428571428573,0.39684583788622385,0.8630921451215281,73.69218223608712,WARNING
Node01,244,4.034,6.318,68.67,1.588,64.7,WARNING,0.39624999999999994,-0.0380714285714287,1.0377633687521495,0.6324167972547043,0.26142857142857145,-0.2546785714285714,1.1124496136262276,0.6083052650235604,4.043214285714286,-1.4267857142857139,10.89267796886208,0.5589020829629789,-0.17846428571428571,-0.118,0.4325104457863252,0.9177640842890837,70.00661040198739,WARNING
Node01,245,5.022,6.893,72.61,3.114,77.6,CRITICAL,0.32982142857142854,-0.06642857142857139,0.9203857628087001,0.6648912761130864,0.15078571428571425,-0.11064285714285721,1.0034026633221105,0.5997984792613194,2.505357142857143,-1.5378571428571428,8.303426429865592,0.5350890324131163,0.0081785714285714,0.1866428571428571,0.5346602392441123,0.558329728922502,65.4639195954831,WARNING
Node01,246,5.751,7.75,59.99,2.419,77.3,CRITICAL,0.2929642857142857,-0.036857142857142866,0.8360288500376277,0.6371393126388284,0.009821428571428552,-0.14096428571428568,0.6815968645132443,0.4324095382704693,0.38535714285714334,-2.1199999999999997,8.274439989682511,0.4103842907289488,0.03403571428571428,0.02585714285714288,0.5412930286426594,0.5092031658441459,57.392894938638655,WARNING
Node01,247,5.706,9.149,73.55,3.276,87.7,CRITICAL,0.23846428571428574,-0.05449999999999994,0.728954665779639,0.6564639632179292,0.15142857142857127,0.1416071428571427,0.9807642792376623,0.48857391296384517,-1.1078571428571427,-1.493214285714286,5.45000131061583,0.5888819135743517,0.21060714285714285,0.17657142857142857,0.6589804896309797,0.8606055212300862,68.11123590436847,WARNING
Node01,248,3.818,7.08,64.19,2.368,66.9,WARNING,0.034607142857142885,-0.20385714285714285,0.8216825073330595,0.5444465645445375,0.18385714285714277,0.0324285714285715,0.9611481725123391,0.3697827471236299,-1.469285714285714,-0.36142857142857143,5.863189445701925,0.34530364238984745,0.19060714285714278,-0.020000000000000073,0.6541676281460934,0.6491587865066524,53.82328818116377,WARNING
Node01,249,4.179,10.353,66.91,2.431,75.1,CRITICAL,-0.12782142857142856,-0.16242857142857145,0.8288990115982596,0.6328058078078412,0.5485714285714286,0.3647142857142858,1.5022366499260202,0.5808430578887172,-1.312857142857143,0.15642857142857114,5.752943759916473,0.3361105184876578,0.1258928571428571,-0.06471428571428567,0.6132516379338675,0.8145733544499963,62.436091569907916,WARNING
Node01,250,5.532,7.102,80.84,2.186,80.2,CRITICAL,0.031250000000000014,0.15907142857142859,0.8385659243755436,0.4962611805933306,0.3072142857142858,-0.24135714285714283,1.4355253227933502,0.6352144687195388,1.0467857142857142,2.359642857142857,6.839758071466453,0.5487263817421434,0.013464285714285706,-0.1124285714285714,0.5680769984698167,0.733708610314849,64.50027508135912,WARNING
Node01,251,4.39,6.457,80.22,2.508,73.6,WARNING,-0.13789285714285723,-0.16914285714285726,0.7892441531828623,0.6513966843715867,-0.04999999999999995,-0.3572142857142857,1.4122780314425476,0.3768969379785025,2.0675,1.0207142857142857,7.905775766880217,0.5229812677465451,-0.11174999999999999,-0.1252142857142857,0.41123628939368373,0.9342190969044848,64.86699119658772,WARNING
Node01,252,3.991,6.566,71.49,1.837,66.9,WARNING,-0.22135714285714295,-0.08346428571428571,0.8588608180385836,0.557116170157788,-0.3183571428571428,-0.26835714285714285,1.4531114727993004,0.4830195565536044,2.303214285714285,0.23571428571428532,7.883482128868593,0.36473151253463837,-0.1237142857142857,-0.011964285714285705,0.43530044359094805,0.6563396530932217,57.13961206235955,WARNING
Node01,253,4.869,7.478,68.95,2.651,75.7,CRITICAL,-0.06978571428571437,0.15157142857142858,0.7479264033057696,0.6341837054102825,-0.35489285714285707,-0.03653571428571428,1.4576636230952726,0.3442330544128104,0.503928571428572,-1.7992857142857133,6.37603511671037,0.43118537645849486,-0.10214285714285713,0.02157142857142856,0.4428986770077757,0.7135596431437705,58.57974944400912,WARNING
Node01,254,5.098,6.043,74.73,2.316,73.6,WARNING,0.1313928571428571,0.20117857142857146,0.6295277141295232,0.6638929075123254,-0.3356071428571429,0.019285714285714184,1.430005128195933,0.1909774871735375,0.9410714285714293,0.4371428571428574,6.42974301493421,0.3129133642610373,-0.002321428571428593,0.09982142857142853,0.26151062984859624,0.5125195432805896,50.50145570948593,WARNING
Node01,255,5.185,11.62,61.41,1.763,76.2,CRITICAL,0.09389285714285707,-0.03750000000000002,0.572673679207577,0.48418951752268335,0.09657142857142853,0.4321785714285714,2.158943171796705,0.5195550171148006,-1.4282142857142854,-2.3692857142857147,7.079812682483036,0.638709365188567,-0.05717857142857146,-0.05485714285714287,0.335617696338018,0.8006732684516272,64.88304979558464,WARNING
Node01,256,4.396,9.549,78.99,2.509,80.3,CRITICAL,-0.02539285714285717,-0.11928571428571424,0.5417026947725196,0.41216846579245425,0.6122857142857142,0.5157142857142857,2.026867017039328,0.5786081682353729,-1.4260714285714293,0.002142857142856114,7.0822497770667425,0.3666569956625487,-0.0015000000000000172,0.055678571428571445,0.3441363240400663,0.48033092794677845,53.27969217342568,WARNING
Node01,257,3.421,7.679,67.21,2.024,66.4,WARNING,-0.06360714285714286,-0.038214285714285694,0.6332474127181932,0.3977339250409613,0.49192857142857144,-0.12035714285714277,2.003894992971723,0.6767700994600762,-1.1275000000000008,0.2985714285714285,6.688215293299388,0.3630332267078432,-0.03557142857142857,-0.03407142857142856,0.3546677855335018,0.6341627483968397,56.866502025180836,WARNING
Node01,258,3.305,8.772,68.6,1.724,68.3,WARNING,-0.20199999999999999,-0.13839285714285712,0.7753777266904298,0.617375654877155,0.3759285714285715,-0.11599999999999994,1.912470080687227,0.6748194122719956,-0.2817857142857153,0.8457142857142855,5.623992396526731,0.3574319554212419,-0.04999999999999998,-0.014428571428571409,0.3753290619734964,0.634176159932783,62.283252612532,WARNING
Node01,259,5.59,8.263,71.35,2.63,82.2,CRITICAL,-0.11382142857142855,0.08817857142857144,0.8883734199835861,0.6329234375425131,0.13828571428571435,-0.23764285714285716,1.7663055336196047,0.6234347980382756,0.026428571428569723,0.30821428571428505,5.6188750780611905,0.22322711168652268,-0.03521428571428569,0.014785714285714291,0.3956075496414765,0.5285535350865989,56.8188860360079,WARNING
Node01,260,5.581,6.782,77.81,2.792,80.6,CRITICAL,0.0417142857142858,0.15553571428571433,0.9679166138818835,0.5040474015085408,-0.1883571428571428,-0.3266428571428571,1.8501242686705692,0.451727097331922,0.6689285714285711,0.6425000000000014,6.2579408601810735,0.3681845985448472,0.08489285714285713,0.12010714285714283,0.42318491961608956,0.8204169100793479,57.30143242317642,WARNING
Node01,261,5.033,7.673,74.13,2.365,77.8,CRITICAL,0.1458214285714287,0.10410714285714291,0.9632444925256269,0.6059727809657715,-0.5996785714285713,-0.4113214285714285,1.5902896711276335,0.5520000432818115,1.4264285714285718,0.7575000000000007,6.2093336043027865,0.49330528526317835,0.10635714285714289,0.021464285714285755,0.42483856878090703,0.5388102412301428,61.631422184261034,WARNING
Node01,262,4.752,7.8,76.2,2.923,79.2,CRITICAL,0.23457142857142863,0.08874999999999991,0.9362700566864344,0.6834881661129582,-0.25889285714285715,0.34078571428571414,0.8906660429139531,0.3218726132468319,0.5242857142857156,-0.9021428571428562,4.556925132879263,0.3427183070474105,0.10685714285714289,0.0005000000000000004,0.42574774556906686,0.4547996191049491,53.80675324067268,WARNING
Node01,263,5.5,7.661,79.05,1.629,79.2,CRITICAL,0.3062142857142857,0.07164285714285709,0.9909893565331088,0.7058858512505114,-0.09242857142857153,0.16646428571428562,0.6117515057291685,0.3021661729338429,1.9107142857142867,1.3864285714285711,4.5690787859677995,0.5279652115503295,0.03385714285714287,-0.07300000000000001,0.5166376643165654,0.7228122344458972,62.100089265450784,WARNING
Node01,264,4.624,8.895,86.67,2.027,82.0,CRITICAL,0.10528571428571423,-0.20092857142857148,0.8122625660403637,0.640866180346642,0.006535714285714185,0.09896428571428571,0.7312277347037651,0.3021902723392504,2.4285714285714297,0.517857142857143,5.857742536083986,0.4638603108390508,-0.03435714285714282,-0.0682142857142857,0.5163735266719423,0.7313568477422548,58.91686862115798,WARNING
Node01,265,3.339,8.553,64.49,1.71,66.5,WARNING,-0.292857142857143,-0.39814285714285724,0.8010751109186538,0.7386167121061762,0.18157142857142863,0.17503571428571446,0.6954017338406423,0.47962953284178794,0.07357142857142865,-2.355000000000001,6.871575337507961,0.4770853899656442,-0.1795,-0.14514285714285718,0.5189903201225937,0.9232535809122873,67.96401433235107,WARNING
Node01,266,4.078,8.694,77.05,2.329,76.6,CRITICAL,-0.28660714285714295,0.006250000000000033,0.7931716922163407,0.49433192010811233,0.30682142857142874,0.1252500000000001,0.7453593572422444,0.5150380234806035,-0.3960714285714292,-0.4696428571428578,6.606758804796943,0.29889513344942054,-0.12839285714285711,0.05110714285714288,0.4988386035392132,0.8390950890919427,56.87031025060218,WARNING
Node01,267,5.187,7.049,76.42,2.485,77.9,CRITICAL,-0.10882142857142853,0.17778571428571444,0.7319320811581984,0.6991763582919893,0.028857142857143008,-0.2779642857142857,0.6757257474110971,0.4628655332736627,-0.21392857142857125,0.18214285714285794,6.581161787723388,0.22706547281766187,-0.026678571428571458,0.10171428571428566,0.45519765460940675,0.7059092179958916,57.45540180480905,WARNING
Node01,268,3.644,7.625,74.17,2.452,71.0,WARNING,-0.1605714285714285,-0.05174999999999998,0.7947109986835286,0.49322827992116486,-0.06964285714285702,-0.09850000000000003,0.68037437173536,0.4171669216064364,-0.7489285714285714,-0.5350000000000001,6.578993626905042,0.393648293653848,0.021464285714285696,0.048142857142857154,0.4612910970206082,0.5955754887870329,54.07373719233427,WARNING
Node01,269,3.347,6.22,64.72,3.375,65.7,WARNING,-0.23467857142857138,-0.07410714285714287,0.8777203155794859,0.5372845380161172,-0.2988214285714285,-0.2291785714285715,0.9724773225413245,0.4705628336789239,-2.002142857142857,-1.2532142857142854,7.903523927729358,0.5774819105003206,0.24510714285714283,0.22364285714285714,0.5895520090955262,0.8680924776780804,64.49418374324182,WARNING
Node01,270,5.539,9.207,79.49,2.081,84.7,CRITICAL,0.08310714285714285,0.3177857142857142,0.8870838796437513,0.6724552666465105,-0.17139285714285712,0.1274285714285714,1.0992656206585856,0.3233793521595088,-0.855714285714286,1.146428571428571,7.945958841119297,0.4907728528775972,0.12910714285714284,-0.11599999999999999,0.5269366547273383,0.8918919380770761,62.90575049173703,WARNING
Node01,271,4.189,8.052,77.26,2.478,76.0,CRITICAL,0.12971428571428567,0.04660714285714282,0.8717142115777777,0.48591771721796406,-0.046642857142857305,0.12474999999999982,1.033521119649669,0.26298842981339937,1.124642857142858,1.980357142857144,6.188002985808989,0.525080380227799,0.09635714285714288,-0.03274999999999996,0.5079060655559957,0.6855151537442221,55.109273828640525,WARNING
Node01,272,3.816,7.459,70.87,2.834,71.6,WARNING,-0.03167857142857151,-0.16139285714285717,0.8107032808147563,0.48944598350384433,-0.004178571428571587,0.04246428571428572,1.0031075050395484,0.2151639405526035,-0.41214285714285637,-1.5367857142857142,5.021798198141492,0.5052895792117293,0.04035714285714287,-0.05600000000000001,0.4171848967726877,0.7697287209481346,54.75203177807867,WARNING
Node01,273,3.403,6.866,74.74,2.459,67.9,WARNING,-0.14878571428571433,-0.11710714285714283,0.8732904660508084,0.5610491926525157,0.03396428571428561,0.038142857142857194,0.9556452320415825,0.22978173643702485,0.03214285714285684,0.44428571428571323,4.883652029256091,0.26946338532425246,-0.007535714285714249,-0.04789285714285712,0.4071140006482331,0.5346399701990352,47.87759225773206,WATCH
Node01,274,4.701,7.838,73.99,1.723,74.4,WARNING,0.05571428571428567,0.2045,0.7938011325862655,0.5688001334874422,0.006535714285714248,-0.027428571428571358,0.9404270053443557,0.24443189101862042,0.3885714285714279,0.35642857142857104,4.763950941333103,0.23569125776745176,-0.11664285714285712,-0.10910714285714287,0.5259226812628133,0.9141373109908936,52.36395887627937,WARNING
Node01,275,5.691,8.852,72.27,2.844,85.3,CRITICAL,0.1632142857142857,0.10750000000000004,0.9610013378911453,0.6275388243205468,0.14185714285714288,0.13532142857142862,1.0515649335746273,0.4842044114194506,0.3260714285714279,-0.0625,4.780539917704056,0.20835173106278765,-0.08314285714285716,0.03349999999999996,0.5423135624341328,0.8100514966192673,56.93270948683401,WARNING
Node01,276,4.326,8.975,75.64,2.064,77.3,CRITICAL,0.008928571428571397,-0.1542857142857143,0.849781904793392,0.44064264386443786,0.04582142857142852,-0.09603571428571436,0.867765878015274,0.5373471081975065,-0.6575000000000004,-0.9835714285714283,2.9210891641238717,0.3905173704498623,-0.015357142857142871,0.06778571428571428,0.419063922843009,0.6048379270492833,55.32488998409003,WARNING
Node01,277,4.951,8.019,74.02,1.914,76.8,CRITICAL,0.19978571428571423,0.19085714285714284,0.7566355038684648,0.7262438617367788,0.17567857142857152,0.129857142857143,0.7398134256431853,0.4709746637506319,-0.09464285714285836,0.5628571428571421,2.1041998818689125,0.15783178766537634,-0.10167857142857148,-0.0863214285714286,0.44140171747567564,0.8676187573555076,58.61427982073861,WARNING
Node01,278,4.095,7.324,56.97,2.286,66.4,WARNING,0.12707142857142853,-0.0727142857142857,0.7626341255961533,0.4996935861903867,0.10850000000000004,-0.06717857142857148,0.782644175064189,0.5691358920064495,-1.4817857142857147,-1.3871428571428563,6.477228978359127,0.5582863060756855,-0.08546428571428573,0.01621428571428575,0.4366745001114893,0.6441980320995117,62.286149867190666,WARNING
Node01,279,5.03,7.885,72.66,1.662,75.5,CRITICAL,0.10460714285714288,-0.022464285714285645,0.7384095198787858,0.4293625664703204,0.042714285714285705,-0.06578571428571434,0.7583967425085759,0.4686965680235922,-1.3760714285714282,0.10571428571428654,6.496676073193122,0.3421067281937009,-0.07839285714285715,0.007071428571428576,0.4238329073270896,0.5705661041272134,51.90698691205585,WARNING
Node01,280,4.409,8.188,82.82,3.288,81.9,CRITICAL,-0.08674999999999995,-0.19135714285714284,0.5371916834444711,0.6738736767992304,-0.09053571428571426,-0.13324999999999998,0.5833440543232491,0.4775238115650352,0.30714285714285694,1.683214285714285,7.767923053907561,0.39659048750672415,0.0911785714285714,0.16957142857142854,0.6058607808022282,0.8353282093633944,63.09465185494212,WARNING
Node01,281,3.376,7.847,82.04,1.979,71.2,WARNING,-0.23928571428571427,-0.15253571428571433,0.7470305660859311,0.6508614711821404,-0.16867857142857137,-0.07814285714285711,0.582539759525967,0.45283654305644916,1.511071428571429,1.2039285714285721,8.559368857462287,0.534320070055441,-0.014249999999999994,-0.1054285714285714,0.5753963851120373,0.7587297373506078,64.5187099927281,WARNING
Node01,282,4.559,8.397,82.32,2.6,80.8,CRITICAL,-0.0763214285714285,0.16296428571428578,0.5586476869147836,0.6269800478076692,-0.04335714285714275,0.12532142857142864,0.5131512818801469,0.2651187234425819,2.211785714285714,0.700714285714285,9.09133470215824,0.511617132654986,0.09785714285714286,0.11210714285714286,0.5427787850716067,0.8132187665728031,60.03654024875581,WARNING
Node01,283,3.687,6.357,68.96,2.862,67.4,WARNING,-0.1613571428571428,-0.08503571428571431,0.6201110115670151,0.5242288933508039,-0.10278571428571423,-0.05942857142857148,0.6861264981244869,0.40255012951879066,1.6035714285714282,-0.6082142857142858,9.384536673242241,0.41180767736594065,0.1353214285714286,0.03746428571428573,0.5783345135160183,0.733570937237549,56.77615225533003,WARNING
Node01,284,3.719,7.272,61.42,2.035,65.0,WARNING,-0.13085714285714287,0.030499999999999944,0.5783047063039808,0.47740522773005417,-0.10724999999999994,-0.004464285714285712,0.6893591226639422,0.2002289689353757,0.19464285714285726,-1.4089285714285709,10.570691962753836,0.4182907423446212,0.03425000000000004,-0.10107142857142856,0.5640608292087114,0.8315665438763274,52.69758626120413,WARNING
Node01,285,3.38,6.871,56.18,1.694,59.4,WARNING,-0.21496428571428575,-0.08410714285714288,0.6439087483413131,0.5353308242225489,-0.22728571428571426,-0.12003571428571432,0.7400794358908857,0.4642052295121518,-3.761428571428571,-3.9560714285714282,10.765992312657039,0.6908960262336775,-0.05453571428571426,-0.0887857142857143,0.6230940080414373,0.8544815399195432,67.02778544774117,WARNING
Node01,286,3.944,7.131,77.71,3.276,75.0,WARNING,-0.07953571428571428,0.13542857142857145,0.4674589872511864,0.610834643074028,-0.22314285714285717,0.004142857142857087,0.7372602112196338,0.205706104807604,-3.1410714285714287,0.6203571428571424,10.95826911080221,0.5479677122796691,-0.04182142857142858,0.012714285714285678,0.644676109154268,0.6354684725684064,57.022937813928046,WARNING
Node01,287,3.924,9.285,67.11,1.833,71.9,WARNING,0.003821428571428563,0.08335714285714284,0.4057260394005037,0.3660527456086414,0.08199999999999998,0.30514285714285716,0.9949245723982821,0.4372915297423349,-2.3853571428571434,0.7557142857142853,10.210483174985729,0.5209540217264333,-0.00907142857142861,0.03274999999999997,0.5933567946137346,0.33652308619472154,51.20178692305172,WARNING
Node01,288,4.567,7.126,76.38,2.482,75.0,WARNING,0.025821428571428582,0.02200000000000002,0.4467097704859601,0.2896848789521778,0.06792857142857144,-0.01407142857142854,1.001699674600745,0.30149872863869775,-0.18678571428571392,2.1985714285714293,9.362803049962169,0.43909835713654854,-0.04182142857142858,-0.03274999999999997,0.574550217457928,0.7288339153914921,49.283452925076375,WATCH
Node01,289,4.42,8.198,83.36,2.886,80.8,CRITICAL,0.1585357142857143,0.13271428571428573,0.41827411836645856,0.6288468286928239,0.2730357142857143,0.20510714285714288,0.9741562894066209,0.4984165862931146,3.0017857142857145,3.1885714285714286,9.596018271484619,0.6774575839714806,0.03946428571428572,0.0812857142857143,0.6009200485604593,0.7821594005554456,68.87464733875038,WARNING
Node01,290,5.264,8.008,66.12,2.754,78.6,CRITICAL,0.2620714285714286,0.10353571428571431,0.6266213636107003,0.7209942698950682,0.1734642857142856,-0.09957142857142873,0.8542778069390373,0.6194510118016502,2.3975000000000004,-0.6042857142857141,9.714514668170262,0.4040364721615373,0.1338214285714286,0.09435714285714286,0.5895061290525113,0.828172298875748,67.4108147338943,WARNING
Node01,291,4.749,7.942,74.6,2.78,78.6,CRITICAL,0.2586785714285714,-0.0033928571428571974,0.6228922936782968,0.5806844507722569,0.13857142857142848,-0.034892857142857114,0.8358346840420173,0.4885088789754977,1.7260714285714287,-0.6714285714285717,9.08694432374586,0.44469486463171726,0.11667857142857142,-0.017142857142857168,0.5748816441337337,0.6150159529966505,59.36943962173796,WARNING
Node01,292,5.151,7.337,67.89,2.543,76.1,CRITICAL,0.2131428571428571,-0.04553571428571432,0.5295940044258522,0.6157774543272422,-0.04235714285714295,-0.18092857142857144,0.7656387311693855,0.39937448163445205,-0.8835714285714279,-2.6096428571428567,6.467405456079996,0.6247088279603303,-0.0011785714285714097,-0.11785714285714283,0.4439308719244687,0.7509194501925363,64.69333092302004,WARNING
Node01,293,5.37,7.807,83.73,1.641,80.4,CRITICAL,0.2083928571428571,-0.004750000000000004,0.5209975779122934,0.5695519638759532,-0.15242857142857144,-0.11007142857142849,0.6978478480640453,0.4710830180304706,0.8614285714285721,1.745,7.472206278380346,0.44743638924232554,-0.02000000000000001,-0.0188214285714286,0.48796038090539,0.3400746399389066,55.279668796884664,WARNING
Node01,294,3.487,7.484,73.29,2.879,71.0,WARNING,-0.05189285714285715,-0.26028571428571423,0.6504600569706688,0.6204491772498704,-0.013535714285714302,0.13889285714285715,0.3917442678949769,0.2685619070503205,-0.24142857142857008,-1.102857142857142,6.8371283306314945,0.4226329142327624,-0.05392857142857145,-0.03392857142857144,0.43679089472456467,0.782167138719255,57.27816487629695,WARNING
Node01,295,4.376,8.172,62.67,1.587,69.7,WARNING,-0.10946428571428567,-0.057571428571428516,0.6616341961566146,0.5032415196626807,-0.04503571428571419,-0.03149999999999989,0.33095554297907076,0.22450682063605504,-1.378571428571428,-1.137142857142858,8.217864396428991,0.5361417196964162,-0.1709285714285714,-0.11699999999999995,0.5748097822012824,0.9167321097276012,57.96337694120006,WARNING
Node01,296,5.912,6.886,82.44,2.574,83.3,CRITICAL,-0.01664285714285712,0.09282142857142855,0.7889312843515406,0.43531688243882183,-0.09853571428571414,-0.05349999999999995,0.4506893661513491,0.3401123189771269,1.0892857142857142,2.467857142857142,8.031566294494315,0.5968167227219124,-0.09250000000000001,0.07842857142857139,0.5456922209451038,0.8603933398825694,59.51680879336543,WARNING
Node01,297,3.281,6.675,70.78,1.595,62.6,WARNING,-0.13842857142857137,-0.12178571428571425,0.9718096521438753,0.5583270989989931,-0.15492857142857144,-0.0563928571428573,0.5507720122916648,0.35276231095212807,-0.12214285714285669,-1.2114285714285709,7.548446702404913,0.4157794577391329,-0.12667857142857145,-0.03417857142857143,0.5921125616926951,0.7014673167112417,56.27962459262327,WARNING
Node01,298,4.272,7.524,67.18,3.026,73.6,WARNING,-0.15678571428571425,-0.018357142857142877,0.9777981094567235,0.44752578145735544,-0.08217857142857143,0.07275000000000001,0.5126439402975614,0.2822197599221431,-0.6742857142857142,-0.5521428571428575,7.901998541658998,0.3762399788510568,0.037571428571428526,0.16424999999999998,0.6359805702333096,0.7873334588334087,52.041698386336016,WARNING
Node01,299,3.89,8.558,65.5,2.657,72.8,WARNING,-0.14160714285714285,0.015178571428571402,0.9646599943824273,0.4313640442344346,0.029857142857142773,0.11203571428571421,0.6672315582921363,0.3242413140913533,-2.1000000000000005,-1.4257142857142864,8.184427722379686,0.6172088990109876,0.11964285714285713,0.0820714285714286,0.6457136694055212,0.8197963818370011,59.08114184562129,WARNING
Node01,300,3.504,6.269,73.73,2.295,65.9,WARNING,-0.09146428571428573,0.050142857142857114,0.8976711403350762,0.5324866489101934,-0.07982142857142861,-0.10967857142857139,0.8186037764737852,0.40881913525779123,-0.29571428571428576,1.8042857142857147,6.551924471917719,0.41897635084726664,0.029999999999999995,-0.08964285714285714,0.5820460217444763,0.801203212715995,58.16505408017223,WARNING
Node01,301,3.481,8.384,73.86,2.13,71.1,WARNING,-0.2461428571428572,-0.15467857142857144,0.8983601197525993,0.6560964192426697,0.04589285714285712,0.12571428571428572,0.9060735542516876,0.35140417310039024,0.3882142857142859,0.6839285714285717,6.5914717628159485,0.3438557705615099,0.07617857142857143,0.04617857142857143,0.5409811192902866,0.7254619015242356,57.215758762823874,WARNING
Node01,302,5.117,7.964,87.44,2.544,83.8,CRITICAL,-0.09832142857142857,0.1478214285714286,0.9762676252905635,0.6728926046648805,0.19275000000000006,0.14685714285714294,0.8833124615683313,0.4700450679058577,0.9896428571428569,0.601428571428571,7.95680092451614,0.415941239515759,0.008892857142857162,-0.06728571428571427,0.45475707800978754,0.5382519165343842,59.61643265541918,WARNING
Node01,303,5.471,8.148,61.05,2.611,78.0,CRITICAL,0.2803928571428571,0.37871428571428567,0.8546428939565789,0.8048033659956281,0.18303571428571433,-0.00971428571428573,0.8740108694976281,0.4006679668292109,0.7032142857142846,-0.28642857142857236,8.45456230738906,0.22945264006498087,0.05560714285714289,0.04671428571428573,0.4572839068112625,0.7540059893299554,59.50129881362319,WARNING
Node01,304,4.922,7.472,77.4,1.984,76.4,CRITICAL,0.24017857142857135,-0.04021428571428576,0.8015145781878326,0.6192045904357326,0.02567857142857147,-0.15735714285714286,0.772448580504754,0.4708963644100523,1.2667857142857137,0.5635714285714292,8.74380243100111,0.4447461349623613,-0.10603571428571425,-0.16164285714285714,0.3539347532015039,0.9218339470378641,63.890674066097766,WARNING
Node01,305,3.604,5.791,65.2,1.545,59.8,WARNING,0.14171428571428568,-0.09846428571428567,0.8544732156074151,0.5275643350289659,-0.21896428571428567,-0.24464285714285713,1.0779447596059384,0.4371495203025016,-0.22749999999999965,-1.4942857142857133,8.96654868040626,0.42989523668623403,-0.12417857142857143,-0.018142857142857183,0.40136754323425905,0.6342684608420781,56.79156926090225,WARNING
Node01,306,4.506,8.859,67.06,2.34,76.1,CRITICAL,0.10917857142857147,-0.03253571428571421,0.8386905326303675,0.42205132065875817,0.0747142857142857,0.29367857142857134,1.1312947912732139,0.39307461268275157,-1.691785714285714,-1.4642857142857144,8.795071401209938,0.590953686040739,-0.056964285714285724,0.0672142857142857,0.3642618106069681,0.8520623033155252,60.04825755761859,WARNING
Node01,307,4.704,8.697,74.74,2.267,78.8,CRITICAL,0.020714285714285716,-0.08846428571428576,0.7495725130905965,0.3818112657690708,0.013285714285714154,-0.061428571428571555,1.0396937735973715,0.4226819962565678,-1.2132142857142856,0.4785714285714284,8.831633888633357,0.40709907600750933,-0.037964285714285735,0.01899999999999999,0.3632868471791036,0.6104480452955431,51.88241871327303,WARNING
Node01,308,4.942,6.781,75.92,2.792,76.8,CRITICAL,-0.08839285714285713,-0.10910714285714285,0.59103150347104,0.5666868137903049,-0.03800000000000013,-0.05128571428571428,1.0911360178840257,0.2852879057957288,-0.6257142857142856,0.5875,8.922523399214137,0.4277896880673142,0.014714285714285664,0.0526785714285714,0.4224629597739338,0.5423227737306074,53.33613416059377,WARNING
Node01,309,3.332,8.883,85.52,2.382,76.3,CRITICAL,-0.18846428571428572,-0.10007142857142859,0.7664778131787234,0.5473651772528044,0.13317857142857129,0.1711785714285714,1.183354815365036,0.4846684047145626,2.8567857142857136,3.482499999999999,8.408104650248104,0.681388203055229,0.05896428571428569,0.044250000000000025,0.4109950758597387,0.7233677851655994,65.8553540589007,WARNING
Node01,310,4.745,8.93,81.5,2.141,81.4,CRITICAL,-0.022821428571428548,0.16564285714285717,0.6535640384697986,0.4811747452099889,0.30285714285714266,0.16967857142857137,1.2558848711262545,0.5176222886498154,2.207142857142856,-0.6496428571428576,7.278916716890539,0.4454441266544638,0.09275000000000001,0.03378571428571432,0.3843755603944811,0.6453273346171051,57.85617838272021,WARNING
Node01,311,4.484,9.048,84.87,2.426,82.3,CRITICAL,0.06235714285714284,0.08517857142857138,0.614330258628587,0.4803824540092985,0.36067857142857135,0.05782142857142869,1.303360619614504,0.5197658045200555,3.5239285714285713,1.3167857142857153,8.130056228939273,0.563821767953786,0.08428571428571432,-0.008464285714285688,0.37783102799305107,0.48823449490993376,58.897220816211494,WARNING
Node01,312,4.704,8.403,61.24,2.713,75.2,CRITICAL,-0.0015357142857143227,-0.06389285714285717,0.5326275836427765,0.2962590625054142,0.05296428571428583,-0.3077142857142855,0.7918854835439395,0.5253723989005532,0.2992857142857149,-3.2246428571428565,9.117232506162631,0.4289923128862447,0.02807142857142862,-0.0562142857142857,0.23497213613938303,0.7515467477072764,54.240294582391826,WARNING
Node01,313,3.906,8.847,83.06,2.515,78.7,CRITICAL,-0.06135714285714284,-0.05982142857142852,0.5758031657730667,0.418606286318286,0.1378214285714287,0.08485714285714288,0.7910277522071553,0.48412939660511145,-0.18035714285714174,-0.4796428571428566,8.53765469078292,0.2609298766972646,0.022500000000000044,-0.005571428571428574,0.2321893726291209,0.28820119149745344,46.29048702634769,WATCH
Node01,314,4.442,6.89,60.61,2.97,70.4,WARNING,-0.014035714285714278,0.04732142857142856,0.5612649404099043,0.3398868163885717,-0.00971428571428566,-0.14753571428571435,0.9905491502432471,0.4156202637692786,-2.5396428571428564,-2.359285714285715,10.832381569912984,0.6799899929764883,0.049000000000000044,0.0265,0.28062650996518146,0.5549942148539632,56.91496548329423,WARNING
Node01,315,4.159,6.162,65.78,2.192,66.0,WARNING,0.046321428571428576,0.06035714285714285,0.5020014703070861,0.4030106613430832,-0.4444285714285714,-0.4347142857142857,1.1575715137838394,0.49894924236269794,-3.671785714285714,-1.1321428571428576,11.517250622642624,0.6178388984896579,0.0420357142857143,-0.006964285714285742,0.29038365426908364,0.38844891811863247,56.58705888195479,WARNING
Node01,316,3.835,8.59,66.2,2.179,71.2,WARNING,-0.1300714285714286,-0.17639285714285716,0.3656564872481639,0.6333352983177648,-0.29660714285714285,0.14782142857142855,1.1323528181454332,0.3424662991370898,-3.025357142857143,0.6464285714285709,10.77010036651293,0.5309259010683397,-0.003464285714285729,-0.045500000000000033,0.31086653084563487,0.4487651479178163,57.68782507696099,WARNING
Node01,317,3.31,7.579,68.87,2.376,67.3,WARNING,-0.17882142857142855,-0.04874999999999996,0.4764238309180877,0.4703134439218942,-0.2399285714285715,0.056678571428571356,1.086335999938281,0.29346642334810663,-1.977142857142857,1.048214285714286,9.916810643212532,0.499407607620174,-0.055035714285714334,-0.0515714285714286,0.28368812520257597,0.8296509507268178,56.54209793223693,WARNING
Node01,318,3.752,6.888,68.19,2.676,68.3,WARNING,-0.16625,0.012571428571428539,0.463368052827288,0.43241484458321217,-0.19217857142857148,0.047750000000000015,1.0210807533010817,0.26081392401875975,-0.06928571428571446,1.9078571428571427,7.477458824773994,0.3834509053792461,-0.04214285714285716,0.012892857142857171,0.291164165770054,0.6046481764887194,49.0561367596725,WATCH
Node01,319,4.199,7.089,85.33,3.152,78.1,CRITICAL,-0.048214285714285765,0.11803571428571424,0.36773981485361557,0.5634014370632829,-0.13789285714285704,0.05428571428571444,0.9733947469209668,0.2739417441600467,0.8949999999999996,0.9642857142857141,9.321225650044505,0.4261469828911029,0.05382142857142856,0.09596428571428572,0.375429975716733,0.8316687637313658,56.658523509812746,WARNING
Node01,320,5.084,7.061,60.59,3.197,74.8,WARNING,0.06867857142857137,0.11689285714285713,0.5646523582827628,0.5709909264716071,0.023750000000000066,0.16164285714285712,0.7500478714880867,0.30169358560205567,1.4653571428571428,0.5703571428571432,8.354480691164927,0.41000367650546704,0.11064285714285714,0.05682142857142858,0.4388818584930183,0.8336910231624387,57.05591161528016,WARNING
Node01,321,3.639,6.895,80.36,3.625,74.8,WARNING,0.06524999999999996,-0.003428571428571406,0.5678936017047055,0.3455181067951832,-0.04817857142857144,-0.07192857142857151,0.7497281412047208,0.3596632026961293,1.7492857142857139,0.2839285714285711,8.7905707057809,0.391770082399784,0.2539642857142857,0.14332142857142854,0.5637239277045696,0.8741459262714558,52.58905244172547,WARNING
Node01,322,3.192,8.143,65.35,2.311,66.9,WARNING,0.0021785714285714264,-0.06307142857142853,0.6354708790300606,0.26510853335351836,-0.0905714285714285,-0.04239285714285706,0.6709088008422748,0.3390244870867169,0.45821428571428463,-1.2910714285714293,8.832573102955196,0.3778269656070366,0.12196428571428573,-0.13199999999999995,0.5448308606041573,0.8978093931604981,50.04619533688324,WARNING
Node01,323,4.552,7.061,67.39,2.285,71.3,WARNING,0.07307142857142855,0.07089285714285712,0.6867290655883216,0.4923171603076647,0.027214285714285764,0.11778571428571426,0.4582497239757049,0.30169358560205567,-0.5389285714285721,-0.9971428571428567,8.74255193211423,0.403098966080079,-0.018928571428571423,-0.14089285714285715,0.5262393082275492,0.8315439944763447,54.84628584650454,WARNING
Node01,324,6.059,6.988,84.87,2.505,84.6,CRITICAL,0.20482142857142863,0.1317500000000001,0.9769874493515648,0.7117508588579945,0.04735714285714291,0.020142857142857146,0.4405907830348228,0.22248510369986244,0.6757142857142863,1.2146428571428585,10.116550560250031,0.4034245986844644,-0.11189285714285717,-0.09296428571428575,0.5108208613407956,0.9109136778023932,59.778932012935286,WARNING
Node01,325,5.854,7.359,76.13,2.627,82.5,CRITICAL,0.27957142857142864,0.07475000000000001,1.0788900822251586,0.7062581363309235,0.029642857142857144,-0.017714285714285766,0.42777992784452484,0.258386178134378,0.2853571428571427,-0.39035714285714357,9.910197489743295,0.2413986453777427,-0.15353571428571433,-0.04164285714285716,0.513476989793719,0.8009616932665696,54.86821580807528,WARNING
Node01,326,3.916,8.794,67.57,2.801,74.7,WARNING,0.13546428571428576,-0.14410714285714288,1.1038026264216072,0.594872110091898,0.17757142857142866,0.14792857142857152,0.7206154446357775,0.48333119095066285,1.142857142857142,0.8574999999999993,8.82646102839152,0.4475835825560994,-0.10678571428571429,0.04675000000000004,0.49171091003517414,0.8332093481909727,62.47682715966042,WARNING
Node01,327,5.462,7.258,59.61,1.971,72.9,WARNING,0.29353571428571434,0.15807142857142858,1.1393191993884937,0.7571387191878926,0.09603571428571432,-0.08153571428571434,0.7055989687931135,0.5841259328158563,-1.7525000000000002,-2.895357142857142,9.038234393529578,0.6329733122557913,-0.12999999999999998,-0.023214285714285687,0.5288924636400466,0.6932868956439082,71.69994079361072,WARNING
Node01,328,4.475,8.124,66.28,2.529,74.3,WARNING,0.1259285714285714,-0.16760714285714295,1.0541452190552982,0.6144840225460944,0.07653571428571428,-0.019500000000000045,0.6825803284316836,0.36567894347246127,-1.0739285714285711,0.678571428571429,8.303651807086649,0.4502834158253806,0.011500000000000002,0.1415,0.27008993211256765,0.5423756832023979,56.83753718809299,WARNING
Node01,329,3.434,8.113,76.54,2.407,71.9,WARNING,-0.24692857142857141,-0.3728571428571428,0.9954464181605013,0.73126256423122,0.19024999999999997,0.1137142857142857,0.6792402618612455,0.4725462523686792,-0.9374999999999994,0.13642857142857168,8.425327745497361,0.35095051459018817,-0.008642857142857143,-0.020142857142857143,0.2652739823546322,0.34286790731995964,57.00960719110982,WARNING
Node01,330,4.796,6.744,76.03,2.203,74.1,WARNING,-0.2882142857142857,-0.04128571428571429,0.9886768695488696,0.549863957811456,0.003785714285714186,-0.18646428571428578,0.7349690955601954,0.4105593114283153,-0.9639285714285707,-0.026428571428571246,8.407240360319818,0.32091974551542846,-0.05778571428571428,-0.04914285714285714,0.27521489439206975,0.806962137509509,56.2181370559335,WARNING
Node01,331,4.459,7.784,67.06,1.77,71.0,WARNING,-0.1590357142857143,0.1291785714285714,0.8377953210659509,0.6713056879566361,-0.07035714285714294,-0.07414285714285712,0.679330027096025,0.40181476250971115,0.23714285714285868,1.2010714285714295,6.493092300210096,0.3716384210571141,-0.11896428571428572,-0.061178571428571436,0.36837241766348094,0.8167555952509169,60.54727232263118,WARNING
Node01,332,3.303,7.141,62.31,2.834,65.5,WARNING,-0.12585714285714283,0.033178571428571474,0.7674956801491583,0.4632972650015383,-0.18882142857142867,-0.11846428571428573,0.7042179383982666,0.45888000892406455,0.31678571428571545,0.07964285714285677,6.379082632957129,0.19175278215309638,-0.022464285714285732,0.09649999999999999,0.40290475064863424,0.7137235994075553,50.55495228452588,WARNING
Node01,333,5.877,8.748,77.37,1.933,84.6,CRITICAL,-0.0026428571428571373,0.12321428571428569,0.9545752483497069,0.46832584555134493,0.07767857142857133,0.2665,0.6925153943621551,0.41224293239693227,1.2807142857142861,0.9639285714285707,7.29986496939694,0.5167016200094517,-0.005035714285714278,0.017428571428571453,0.3770431957065018,0.2011010160712119,51.44240064014308,WARNING
Node01,334,3.827,7.557,61.22,1.667,65.0,WARNING,0.05175,0.05439285714285713,0.8903019017111421,0.396722386718346,-0.0012142857142857391,-0.07889285714285707,0.669421854324774,0.4017106880144038,-0.9728571428571432,-2.2535714285714294,6.960629418720833,0.6053206604112639,-0.10367857142857141,-0.09864285714285713,0.4267842657875399,0.8868848017383951,60.396231044275666,WARNING
Node01,335,3.766,9.098,81.48,2.209,76.9,CRITICAL,0.016999999999999967,-0.03475000000000003,0.908563596851541,0.2796586361145881,0.19803571428571445,0.1992500000000002,0.8407645047104169,0.488239635389163,-0.16035714285714317,0.8125,8.057110435598396,0.35347540126595856,-0.05367857142857141,0.05,0.4010130623688911,0.8266157819439938,52.05936142500957,WARNING
Node01,336,4.101,7.27,66.42,3.727,74.1,WARNING,-0.10525,-0.12224999999999997,0.8466208180311948,0.5804864749911517,0.16507142857142862,-0.032964285714285835,0.8625177154840414,0.47003018295153826,-0.038571428571428513,0.12178571428571466,7.954478822231747,0.1977826100144591,0.15296428571428572,0.20664285714285713,0.724225727768563,0.8584596678547635,55.7793638205115,WARNING
Node01,337,3.803,7.866,76.08,1.796,70.9,WARNING,-0.08867857142857138,0.016571428571428612,0.8335623780469209,0.43632127742686866,0.030500000000000003,-0.13457142857142862,0.7366260600745487,0.4842882245039751,1.4067857142857139,1.4453571428571423,7.9605333035036345,0.5212648665059473,0.07642857142857142,-0.0765357142857143,0.7523538301319969,0.7843660615677277,59.71023872598481,WARNING
Node01,338,3.621,8.359,80.71,1.328,71.2,WARNING,-0.10428571428571427,-0.015607142857142889,0.843957711646513,0.41201958277127243,0.05724999999999999,0.026749999999999986,0.750417407656756,0.2847187471742861,2.0649999999999986,0.6582142857142848,8.680414188055225,0.508245946465369,-0.09757142857142857,-0.174,0.8176675887634813,0.8859780545145209,55.813264568048076,WARNING
Node01,339,5.31,6.467,65.78,1.95,71.8,WARNING,-0.07414285714285716,0.03014285714285711,0.890464432058858,0.4843984557533872,-0.2311071428571429,-0.28835714285714287,0.9067873169025019,0.4569386987924821,-0.04250000000000093,-2.1074999999999995,8.09931419789296,0.4467507997548246,-0.03714285714285715,0.06042857142857142,0.7728875357108191,0.7671775859219816,58.235767585304906,WARNING
Node01,340,2.816,6.052,61.74,2.178,57.7,WARNING,-0.01517857142857147,0.05896428571428569,0.7431513977649506,0.32813162161608117,-0.31028571428571444,-0.07917857142857154,1.0520854573293037,0.4505079645857068,-0.555357142857143,-0.512857142857142,8.734233414177417,0.2994143200297689,-0.04942857142857144,-0.012285714285714289,0.7702868358759674,0.6786077189848636,49.227964176472454,WATCH
Node01,341,3.699,7.703,80.46,3.011,75.3,CRITICAL,-0.045142857142857186,-0.029964285714285714,0.7465841578562357,0.3076418341589787,-0.2864285714285715,0.023857142857142966,1.054290282607215,0.21113150778807965,-0.8114285714285724,-0.2560714285714294,8.349715421440877,0.3365308934402302,-0.019214285714285708,0.03021428571428573,0.8046650293903728,0.512340716487461,42.445293229491654,WATCH
Node01,342,4.201,7.564,61.36,3.122,71.8,WARNING,-0.025464285714285766,0.01967857142857142,0.7541892840596955,0.29170512458205494,-0.06253571428571421,0.22389285714285728,0.8084506640423251,0.2591348361511154,-0.9067857142857145,-0.09535714285714214,8.501521152403365,0.29579835474679655,0.052321428571428574,0.07153571428571429,0.8570697865679427,0.8308227712000594,46.080944323897675,WATCH
Node01,343,4.157,8.189,60.67,2.626,71.4,WARNING,0.021821428571428565,0.047285714285714334,0.7565263662669945,0.34328373555522324,0.021964285714285787,0.08449999999999999,0.8701339798313494,0.3139039493118786,-2.5089285714285707,-1.6021428571428562,9.19559444206067,0.617480955847128,0.2549642857142857,0.20264285714285712,0.6611269959409498,0.8499167963971916,57.006397707701566,WARNING
Node01,344,3.531,9.115,73.22,3.15,76.3,CRITICAL,-0.042535714285714246,-0.06435714285714281,0.7717981169537362,0.35555299611403995,0.25800000000000006,0.23603571428571427,1.0724790374241755,0.5083219500270614,-1.181071428571428,1.3278571428571426,8.916019024098995,0.479963884953686,0.2772142857142857,0.022249999999999992,0.6908383106259897,0.662588852768763,55.55552977810379,WARNING
Node01,345,3.499,7.333,61.17,1.774,63.1,WARNING,-0.12660714285714275,-0.0840714285714285,0.7806074252663447,0.5025572418359364,0.3289285714285715,0.07092857142857145,1.0262460718560635,0.4971728625060557,-0.3807142857142856,0.8003571428571425,7.657899438457244,0.39501740860804496,0.03682142857142856,-0.24039285714285713,0.578190238918777,0.8422943564011569,59.19232995868995,WARNING
Node01,346,5.083,10.019,79.47,3.092,85.8,CRITICAL,0.2046785714285715,0.33128571428571424,0.7134975890105093,0.752152678559086,0.45400000000000007,0.12507142857142856,1.2827779565124613,0.5627771546974765,0.9453571428571431,1.3260714285714288,9.102123247849788,0.4257603161948331,0.01057142857142858,-0.02624999999999998,0.5425255315475507,0.39188747594683376,61.99236122186844,WARNING
Node01,347,3.718,7.691,70.99,2.745,71.5,WARNING,0.04153571428571434,-0.16314285714285715,0.5593499202943837,0.4969987705090173,0.14349999999999996,-0.3105000000000001,0.9833479982764421,0.6142559787291857,0.2967857142857144,-0.6485714285714288,8.651566332173612,0.2824762586362021,-0.061071428571428554,-0.07164285714285713,0.4900734152970883,0.8587590406874092,58.878730559962754,WARNING
Node01,348,4.812,7.986,72.11,1.799,75.0,WARNING,0.08953571428571436,0.048000000000000015,0.619761513272108,0.495451833636733,0.04192857142857138,-0.10157142857142859,0.9636633229505004,0.502387250611818,2.1121428571428567,1.8153571428571422,7.391794356549957,0.5380663001096958,-0.13532142857142854,-0.07424999999999998,0.6001332788480842,0.8415958221863202,62.76078821891065,WARNING
Node01,349,4.561,6.574,69.93,2.604,71.8,WARNING,0.14260714285714285,0.05307142857142849,0.639983295912963,0.5323471151011556,-0.24089285714285721,-0.2828214285714286,1.1410395636060504,0.462345528323287,1.263571428571429,-0.8485714285714276,6.703900428286576,0.4549640443193729,-0.0641785714285714,0.07114285714285713,0.5576952145939146,0.8613498349110849,60.98348743720966,WARNING
Node01,350,3.749,6.793,70.62,3.059,70.1,WARNING,0.08953571428571427,-0.053071428571428575,0.662155175310498,0.4688182488235204,-0.3756071428571429,-0.1347142857142857,1.2460816490866384,0.5002158759198868,0.08428571428571528,-1.1792857142857138,5.412678678453992,0.41611022609826137,0.003357142857142884,0.06753571428571428,0.5916202932866413,0.5364477389694915,55.03497214566404,WARNING
Node01,351,4.616,8.199,67.76,2.931,77.0,CRITICAL,0.054499999999999944,-0.03503571428571433,0.6227073760527301,0.36836602753654657,-0.17753571428571432,0.1980714285714286,1.1449053402335225,0.30999506001896815,0.03607142857142977,-0.048214285714285515,5.445006012502692,0.18541153680253325,0.11657142857142858,0.1132142857142857,0.5629884545885466,0.8281153613448491,46.26719377319644,WATCH
Node01,352,4.974,8.083,70.85,2.658,78.6,CRITICAL,0.014499999999999973,-0.03999999999999997,0.555965654985818,0.31732439351741,-0.21374999999999997,-0.03621428571428564,1.128979163838267,0.3096281239721488,-1.2074999999999996,-1.2435714285714294,3.687509806282359,0.5596305085763439,0.011785714285714273,-0.1047857142857143,0.43982788841610704,0.7515375131381455,53.52405093031024,WARNING
Node01,353,4.497,9.091,70.04,2.017,76.3,CRITICAL,0.09699999999999998,0.0825,0.4946087438812718,0.5284571082318873,0.2149642857142857,0.42871428571428566,0.8626305560264347,0.4942877560801321,-0.2692857142857135,0.9382142857142861,1.3421056661260362,0.2945255266261547,-0.004964285714285739,-0.01675000000000001,0.4663227474206087,0.2616994534127837,49.826340036595866,WATCH
Node01,354,4.216,6.514,58.6,2.088,64.6,WARNING,-0.02467857142857144,-0.12167857142857141,0.40477554038656793,0.39879418836383407,0.06814285714285716,-0.14682142857142855,0.9871895654306915,0.5104434904637102,-1.4314285714285717,-1.1621428571428583,4.582559068800709,0.5375358084124008,-0.025285714285714293,-0.020321428571428553,0.48503451030877814,0.4423195845626275,55.362913793321326,WARNING
Node01,355,4.831,7.339,82.28,2.126,77.6,CRITICAL,0.05803571428571435,0.0827142857142858,0.4073557004224523,0.48913868594060866,0.0938928571428572,0.025750000000000037,0.9758737476889985,0.3599966703538832,0.5460714285714278,1.9774999999999996,6.914820866736001,0.4104852561522008,-0.15321428571428575,-0.12792857142857145,0.4236527104216602,0.9325243583638578,57.480025337525845,WARNING
Node01,356,4.225,9.229,74.87,2.74,78.9,CRITICAL,0.03928571428571429,-0.01875000000000006,0.417538820550457,0.2970116153863423,0.14353571428571424,0.049642857142857044,1.0621041783715404,0.4509373562373559,1.055,0.5089285714285722,7.153103555533813,0.39385394149690384,-0.11203571428571428,0.04117857142857147,0.4323756083160413,0.825640112184652,52.7264019509209,WARNING
Node01,357,5.647,9.022,62.72,1.762,78.9,CRITICAL,0.06889285714285719,0.029607142857142894,0.49926393439790573,0.43507749789376754,0.10746428571428572,-0.03607142857142852,1.0103766624383204,0.5152193052311151,0.18428571428571416,-0.8707142857142858,7.767780525073703,0.35138106781383305,-0.11549999999999998,-0.0034642857142856975,0.43924887185805206,0.5618057621079665,53.166127128581586,WARNING
Node01,358,4.403,5.817,73.78,3.536,73.3,WARNING,0.021285714285714224,-0.04760714285714296,0.5126255014744242,0.3210455635815985,-0.15074999999999997,-0.2582142857142857,1.3568159681506444,0.4299971035337606,0.37214285714285744,0.18785714285714328,7.864240646901706,0.2228137960002688,0.09914285714285717,0.21464285714285714,0.6050494273394609,0.8413499269551392,48.73306368810806,WATCH
Node01,359,4.553,6.187,73.04,2.758,72.2,WARNING,0.04849999999999995,0.02721428571428573,0.49750238094668375,0.34659937998898305,-0.3008214285714285,-0.15007142857142855,1.4900772271453389,0.47029780668004023,0.7071428571428571,0.33499999999999963,7.926189560714591,0.27022550985330457,0.1698214285714286,0.07067857142857142,0.6127875806897681,0.8382372451692186,51.41038795883673,WARNING
Node01,360,3.705,9.0,80.57,1.97,75.5,CRITICAL,-0.06825000000000005,-0.11674999999999999,0.6089307177730643,0.5192042214645985,0.062214285714285715,0.36303571428571424,1.4752226304947362,0.38631101615403823,1.6549999999999994,0.9478571428571423,8.725387970634614,0.519973821212987,0.06092857142857142,-0.10889285714285718,0.6183304710497223,0.882252791462955,60.95687227270442,WARNING
Node01,361,5.094,7.831,76.96,2.595,80.2,CRITICAL,-0.04803571428571428,0.020214285714285768,0.6280611511021914,0.38278651423942495,-0.06489285714285709,-0.1271071428571428,1.3975269824467311,0.42071001458198526,0.20571428571428438,-1.449285714285715,6.376039597773914,0.4611479819847383,0.030821428571428586,-0.030107142857142836,0.6016478561892686,0.6410830491631503,53.63422634041351,WARNING
Node01,362,4.198,7.275,77.97,3.149,76.3,CRITICAL,-0.06732142857142846,-0.019285714285714184,0.6408884086804445,0.3959567375302556,-0.18074999999999988,-0.1158571428571428,1.4010596499996502,0.461440896826787,1.591785714285713,1.3860714285714286,5.717393678608327,0.5255757815097541,0.04739285714285713,0.016571428571428546,0.6201480238044554,0.48537310312894566,54.49320535798353,WARNING
Node01,363,3.784,8.184,87.89,3.317,80.5,CRITICAL,-0.1949285714285714,-0.12760714285714292,0.6969727056212119,0.6133691723705919,0.07307142857142848,0.25382142857142836,1.2685859394279466,0.37433517541034106,3.136071428571428,1.544285714285715,7.713455158111083,0.5868548846294036,0.13314285714285717,0.08575000000000005,0.6712331225154974,0.8442834470254966,64.32494988054472,WARNING
Node01,364,6.029,9.742,68.36,3.701,88.9,CRITICAL,0.13689285714285718,0.3318214285714286,0.8091839510683999,0.7077589360286197,0.5015714285714286,0.4285000000000001,1.421502826488321,0.5665299484330479,0.38714285714285673,-2.7489285714285714,6.231006950649919,0.45407266857043693,0.09971428571428574,-0.03342857142857143,0.6034317730795296,0.7691546501129868,66.4721891104188,WARNING
Node01,365,5.805,8.207,71.07,2.637,83.1,CRITICAL,0.2533571428571428,0.1164642857142856,0.9340713238801617,0.7542333686484558,0.28203571428571433,-0.21953571428571422,1.1493838100726594,0.6475259678532612,-0.6928571428571436,-1.0800000000000003,6.536654160887481,0.502940868799994,0.1364642857142857,0.03674999999999996,0.5657551632657937,0.7232362387991916,70.03913191650696,WARNING
Node02,1,0.581,1.597,17.84,1.224,17.1,NORMAL,0.0,0.0,0.0,0.08077587415232479,0.0,0.0,0.0,0.1570640317321328,0.0,0.0,0.0,0.05373370501309573,0.0,0.0,0.0,0.02948427401819121,22.14352943675798,NORMAL
Node02,2,0.874,0.691,17.91,1.116,15.7,NORMAL,0.29300000000000004,0.29300000000000004,0.20718228688765844,0.9207044103358862,-0.906,-0.906,0.6406387437550121,0.7122938655633726,0.07000000000000028,0.07000000000000028,0.049497474683058526,0.056503493997594544,-0.10799999999999987,-0.10799999999999987,0.07636753236814704,0.258240887974677,58.347617525402555,WARNING
Node02,3,0.691,1.15,16.52,1.18,15.8,NORMAL,0.05499999999999999,-0.23800000000000004,0.1480078826729622,0.6115569240740742,-0.22350000000000003,0.6825,0.4530132448394859,0.3878148753440721,-0.6600000000000001,-0.7300000000000004,0.7830921614556832,0.1654331164821295,-0.02200000000000002,0.08599999999999985,0.05430776494511007,0.10150456706073412,44.34849536526909,WATCH
Node02,4,0.713,0.937,20.25,1.307,16.9,NORMAL,0.021299999999999996,-0.033699999999999994,0.12085356152523324,0.0941603803581668,-0.15209999999999996,0.07140000000000007,0.38436213393101043,0.09037204467938433,0.584,1.2440000000000002,1.5512360662817681,0.24419752199117206,0.031299999999999974,0.05329999999999999,0.08020546531668933,0.08068075458185664,26.577212080263728,WATCH
Node02,5,0.552,0.622,17.06,1.343,14.4,NORMAL,-0.021899999999999985,-0.04319999999999998,0.12748215561403092,0.1549650169472629,-0.17039999999999997,-0.01830000000000001,0.3940942780604661,0.17903483120677977,0.07799999999999976,-0.5060000000000002,1.4260890575276148,0.02249280068998036,0.04289999999999998,0.011600000000000006,0.0923985930628816,0.09567324089565564,24.549498334313384,NORMAL
Node02,6,0.746,0.982,15.25,1.193,15.2,NORMAL,-0.0033999999999999903,0.018499999999999996,0.11696053465450072,0.05705918030313929,-0.09985714285714285,0.07054285714285712,0.352560207624173,0.0651000484934444,-0.33628571428571435,-0.41428571428571415,1.6767756757141568,0.014689682014681644,0.018657142857142858,-0.02424285714285712,0.08432180421852144,0.026729681845264374,18.553775463117248,NORMAL
Node02,7,0.503,1.154,16.42,1.194,14.9,NORMAL,-0.022464285714285707,-0.019064285714285718,0.12863865967081886,0.15105361312203094,-0.04553571428571429,0.05432142857142856,0.32730108463003904,0.03412216738923128,-0.3228571428571427,0.013428571428571678,1.581449004040583,0.00916657679582218,0.008107142857142853,-0.010550000000000006,0.0779890102148098,0.0108806973792905,19.949439791512376,NORMAL
Node02,8,0.529,1.111,15.06,1.3,14.8,NORMAL,-0.049214285714285703,-0.026749999999999996,0.13565607774283991,0.30813966554822386,0.046892857142857146,0.09242857142857144,0.21732990064481625,0.0226824480108358,-0.4910714285714284,-0.1682142857142857,1.7676241789744893,0.01520275753175011,0.016642857142857143,0.00853571428571429,0.0833500935526655,0.02527094087873764,24.0494383049735,NORMAL
Node02,9,0.687,0.958,18.73,1.302,16.3,NORMAL,-0.015321428571428557,0.03389285714285715,0.09975947263770182,0.07016181136682795,0.010857142857142855,-0.03603571428571429,0.18548199758621162,0.010700266515924699,-0.15678571428571406,0.3342857142857143,1.8681490712416267,0.01679085064266874,0.007250000000000019,-0.009392857142857125,0.06795446654789901,0.020416464106178714,17.704983462059342,NORMAL
Node02,10,0.633,1.351,16.88,0.942,15.4,NORMAL,-0.006678571428571423,0.008642857142857134,0.09635129178465345,0.011439276794277139,0.0729642857142857,0.06210714285714285,0.2259386768888534,0.026892997078206617,-0.24857142857142853,-0.09178571428571447,1.8563199642097827,0.00532144101073485,-0.03821428571428571,-0.04546428571428573,0.13800414072462774,0.23068600133943942,18.94012100901755,NORMAL
Node02,11,0.728,0.825,19.98,1.196,16.2,NORMAL,0.017357142857142852,0.024035714285714275,0.09881440033864353,0.040233612624547374,0.04110714285714285,-0.031857142857142855,0.23623212958363443,0.025924520426293094,0.5117857142857144,0.760357142857143,1.7810657590597934,0.06787464590876076,-0.02982142857142858,0.008392857142857129,0.13342788314291734,0.06123515176610865,19.08840483667597,NORMAL
Node02,12,0.735,1.41,15.79,1.222,16.6,NORMAL,0.018607142857142853,0.0012500000000000011,0.10034583057748694,0.021234294478678292,0.030928571428571423,-0.010178571428571426,0.2123942874310261,0.013809081864352962,0.3771428571428569,-0.1346428571428575,1.8439605408442112,0.01938628794144368,-0.009535714285714298,0.020285714285714282,0.12054143725390909,0.032169411911037706,16.739427843196342,NORMAL
Node02,13,0.592,1.353,13.8,1.212,15.1,NORMAL,0.025714285714285707,0.0071071428571428535,0.09278982908138358,0.03714215147142321,0.03792857142857143,0.007000000000000006,0.2203950997640374,0.011915458715214884,-0.18392857142857164,-0.5610714285714286,2.117764994381712,0.023472127682603178,-0.007428571428571435,0.002107142857142863,0.12076265584864823,0.01914185407941651,17.042926255638548,NORMAL
Node02,14,0.632,1.066,22.42,1.113,16.9,NORMAL,0.007892857142857134,-0.01782142857142857,0.07446251853561406,0.020767279731230548,0.025500000000000005,-0.012428571428571424,0.22367897915156382,0.0071965266438677135,0.39750000000000013,0.5814285714285717,3.0226407565003726,0.08769499591222597,-0.016464285714285726,-0.009035714285714291,0.12473762940859585,0.05008005783715282,18.55723495751403,NORMAL
Node02,15,0.634,1.082,17.01,1.192,15.5,NORMAL,-0.010607142857142862,-0.018499999999999996,0.054356845628372015,0.017055546266807418,0.011785714285714304,-0.013714285714285701,0.22486122704586362,0.006668172904494021,-0.009285714285713962,-0.4067857142857141,2.8423079153593283,0.007657935180361835,0.0009999999999999929,0.01746428571428572,0.114213042370909,0.02730028612516095,16.119971099219114,NORMAL
Node02,16,0.734,0.88,19.89,1.308,16.8,NORMAL,0.00042857142857142893,0.011035714285714291,0.06038408809643559,0.013573123861332626,-0.04439285714285712,-0.056178571428571425,0.23749766916149484,0.02726351493749433,0.3471428571428575,0.35642857142857143,2.9376845433419967,0.02113201832823791,0.035035714285714295,0.0340357142857143,0.11539889411040631,0.08973565971992663,17.60846047968487,NORMAL
Node02,17,0.755,1.316,11.87,1.265,15.4,NORMAL,0.004321428571428575,0.0038928571428571463,0.06541770548159107,0.03118515069421923,0.005071428571428592,0.04946428571428572,0.2325872084268813,0.013345776485751977,-0.46142857142857147,-0.8085714285714289,3.7458306981292715,0.11335874428598584,0.01282142857142857,-0.022214285714285725,0.06123685476044946,0.022106390596354046,19.25132355242097,NORMAL
Node02,18,0.718,0.968,20.76,1.203,16.8,NORMAL,0.013464285714285715,0.00914285714285714,0.0644792325370846,0.01541715490874404,-0.05664285714285714,-0.061714285714285735,0.2057424418562013,0.019468173882655718,0.3042857142857144,0.7657142857142858,3.8506610440534077,0.04224611103061951,0.008714285714285721,-0.004107142857142849,0.06092305842305562,0.008861098491563916,16.997090982227643,NORMAL
Node02,19,0.71,1.495,16.02,1.231,16.9,NORMAL,0.023107142857142854,0.009642857142857139,0.06193660353250618,0.020430680552809357,0.016571428571428577,0.07321428571428572,0.2250057142131538,0.03825707440556947,-0.0642857142857145,-0.3685714285714289,3.835956452406871,0.014076968258308932,0.01107142857142859,0.0023571428571428684,0.061154760746034834,0.010324444881231215,16.824544548037565,NORMAL
Node02,20,0.751,1.199,18.19,1.231,16.9,NORMAL,0.017607142857142852,-0.005500000000000001,0.051673425057207664,0.06466442518852149,0.04689285714285714,0.03032142857142856,0.21071680385904545,0.011251631242835014,-0.492857142857143,-0.4285714285714285,3.4937072682453643,0.02233277195829028,0.011678571428571451,0.0006071428571428616,0.06128038604876535,0.010027332917851413,17.58537418585655,NORMAL
Node02,21,0.636,0.996,14.61,1.223,14.6,NORMAL,-0.00017857142857142873,-0.01778571428571428,0.050747272973882186,0.019397471997746243,0.019964285714285712,-0.026928571428571427,0.2165984874414057,0.007807161649383603,-0.230357142857143,0.26249999999999996,3.0777411320951735,0.00859889618506965,-0.003392857142857118,-0.015071428571428569,0.03930406497818672,0.016712452420166116,16.092893342068326,NORMAL
Node02,22,0.633,1.05,20.89,1.204,16.7,NORMAL,-0.018142857142857138,-0.01796428571428571,0.05098272349765256,0.025416556949227825,0.0036071428571428604,-0.01635714285714285,0.21820359649604665,0.006630493268369873,0.21107142857142858,0.4414285714285716,3.4287239053396563,0.02895851051768155,-0.013142857142857138,-0.00975000000000002,0.037266734815509704,0.01959005439965418,16.77723539595464,NORMAL
Node02,23,0.613,1.223,13.64,1.243,14.9,NORMAL,-0.023928571428571428,-0.00578571428571429,0.059436240347675647,0.018019145529249873,-0.021928571428571426,-0.025535714285714287,0.18956391056969732,0.010673923353401395,0.14857142857142863,-0.062499999999999944,3.5038523017360417,0.013958849408471037,-0.002571428571428558,0.01057142857142858,0.021739803302216115,0.028411035552630796,16.404500445467704,NORMAL
Node02,24,0.752,1.218,11.34,1.364,15.3,NORMAL,-0.0074999999999999945,0.01642857142857143,0.05888083203345873,0.030769704837718424,0.0020357142857142835,0.02396428571428571,0.18111637931767208,0.011448642577226012,-1.082857142857143,-1.2314285714285715,3.625905469836532,0.5199995287419731,0.017142857142857144,0.0197142857142857,0.055451823792412494,0.07678288480547991,30.266880892318053,WATCH
Node02,25,0.662,1.306,16.27,1.184,16.0,NORMAL,-0.005892857142857136,0.0016071428571428582,0.057852851104784636,0.007566484712172275,-0.010785714285714296,-0.012821428571428579,0.16439267739456154,0.016264569081699827,-0.4971428571428572,0.5857142857142857,3.104949965090305,0.02470836637697061,0.0051785714285714135,-0.01196428571428573,0.0581205643468816,0.010467499243441961,16.30209141111315,NORMAL
Node02,26,0.62,1.459,20.43,1.273,17.8,NORMAL,-0.007928571428571427,-0.002035714285714291,0.05992693964518875,0.0063623449990773875,0.056,0.0667857142857143,0.1543348246353949,0.05907994936180573,0.017499999999999818,0.5146428571428571,3.5590468226358425,0.020400349010200262,0.007428571428571403,0.00224999999999999,0.059194594347795,0.012977955893235867,17.103366558813708,NORMAL
Node02,27,0.546,1.569,15.35,1.208,16.0,NORMAL,-0.008821428571428567,-0.0008928571428571397,0.06192968362817392,0.02004647313646905,0.09357142857142857,0.03757142857142857,0.20580203155089646,0.07548502740131084,0.1403571428571428,0.12285714285714297,3.4930781895192724,0.009156553799170146,0.0012142857142856916,-0.006214285714285712,0.060782986341339246,0.008522488506586021,17.457395747595626,NORMAL
Node02,28,0.67,1.479,11.65,1.209,15.2,NORMAL,-0.005535714285714278,0.0032857142857142885,0.06312082140813832,0.006953741120665095,0.07928571428571428,-0.01428571428571429,0.18208370654859868,0.04768312364758938,-0.5432142857142858,-0.6835714285714285,3.8599771773319866,0.14773548311117818,-0.005214285714285719,-0.00642857142857141,0.061762216836601914,0.008612534594015005,20.067651411496968,NORMAL
Node02,29,0.695,0.971,15.95,1.3,15.5,NORMAL,-0.0012142857142857153,0.004321428571428563,0.06588987927198067,0.009298235309458306,0.0010357142857142826,-0.07825,0.2034620591751925,0.01957830736097924,0.23678571428571418,0.7799999999999999,3.124391750328983,0.023592570645420294,-0.004107142857142865,0.0011071428571428543,0.06289901202948833,0.01709272149980968,16.472686782392785,NORMAL
Node02,30,0.645,0.921,25.22,1.292,18.1,NORMAL,-0.007321428571428574,-0.006107142857142859,0.06388195959662446,0.0068868312481852895,-0.055035714285714285,-0.05607142857142857,0.252932609131177,0.023276035118362598,1.1507142857142856,0.9139285714285714,4.885988226795164,0.7585991166635251,-0.001714285714285708,0.0023928571428571566,0.06412970487706188,0.01476554328939821,35.20276809495365,WATCH
Node02,31,0.813,1.655,22.89,1.201,19.9,NORMAL,0.023285714285714274,0.030607142857142847,0.0810572989575011,0.18576311088554623,-0.022392857142857152,0.03264285714285713,0.28808819747398456,0.052801125725901725,1.072857142857143,-0.07785714285714262,4.761709876964466,0.479507839200092,0.00646428571428574,0.008178571428571448,0.04832331587487408,0.015659750072029254,33.28609496227756,WATCH
Node02,32,0.619,1.105,12.91,1.228,14.3,NORMAL,0.018071428571428565,-0.0052142857142857095,0.08288086688276185,0.017158950467236995,-0.05171428571428572,-0.029321428571428568,0.30141823498413695,0.021760612027432805,0.2175000000000001,-0.8553571428571428,5.148386247396455,0.19345565056166938,-0.0023571428571428433,-0.008821428571428584,0.042633543690608774,0.01315686735758125,21.00083539062922,NORMAL
Node02,33,0.697,1.109,22.92,1.25,18.0,NORMAL,0.016749999999999987,-0.0013214285714285776,0.08205834161480126,0.01602178752384485,-0.05157142857142858,0.00014285714285713902,0.3013076263792301,0.02011668823336785,1.1489285714285715,0.9314285714285714,5.440424965894099,0.6501859875078637,0.0023214285714285693,0.004678571428571412,0.04091629085270142,0.017231654504121424,32.63548148319518,WATCH
Node02,34,0.641,1.444,25.19,1.198,19.2,NORMAL,-0.0038928571428571463,-0.020642857142857133,0.06417795200697449,0.013059073188967948,0.012678571428571412,0.06424999999999999,0.28298048056527214,0.031051424951366233,1.5089285714285716,0.3600000000000001,5.858448925229596,0.6757020279443691,-0.007035714285714304,-0.009357142857142873,0.042413497402416164,0.015555575956328246,33.42158445255981,WATCH
Node02,35,0.652,0.908,13.59,1.27,14.3,NORMAL,-0.009035714285714277,-0.005142857142857131,0.06513246575432326,0.008413565165267154,0.011107142857142852,-0.0015714285714285604,0.28508653656974636,0.016915708515875028,-0.25392857142857117,-1.762857142857143,5.455410158732339,0.17531945960728829,-0.00817857142857144,-0.0011428571428571356,0.04130317640269792,0.0231963364209891,20.34040422703012,NORMAL
Node02,36,0.644,1.283,20.33,1.17,17.1,NORMAL,-0.010821428571428565,-0.001785714285714288,0.06605805527463447,0.007744549799267395,-0.0024642857142857283,-0.01357142857142858,0.27500658000785916,0.013454955421547997,-0.7496428571428572,-0.495714285714286,5.183293216810002,0.19569679000582083,-0.00921428571428573,-0.0010357142857142908,0.04342207031540749,0.01952324023382372,20.722593280718897,NORMAL
Node02,37,0.54,0.896,17.93,1.18,14.8,NORMAL,-0.029071428571428557,-0.018249999999999992,0.08317852286898741,0.07778836277490295,-0.0757857142857143,-0.07332142857142858,0.2794148647918837,0.05176682744548572,-0.3346428571428574,0.41499999999999976,4.778360448043719,0.05338867863852551,-0.005678571428571445,0.0035357142857142853,0.036843943742170066,0.01862302803147631,19.68250324666032,NORMAL
Node02,38,0.719,1.142,23.16,1.309,18.4,NORMAL,-0.00039285714285713924,0.028678571428571418,0.057656618998044896,0.03230891330697128,-0.017000000000000008,0.058785714285714295,0.1945847838224718,0.013499554109255033,0.5682142857142854,0.9028571428571428,4.812250735659682,0.401743092620577,0.002678571428571419,0.008357142857142865,0.050605382736471465,0.026715593999083555,26.695815499462466,WATCH
Node02,39,0.629,0.534,22.74,1.071,15.4,NORMAL,-0.005714285714285712,-0.0053214285714285724,0.057037999029886474,0.006996999981813792,-0.08360714285714287,-0.06660714285714286,0.2976129637473411,0.12409447188903319,-0.009285714285714721,-0.5775000000000001,3.948247350769344,0.15190334260230368,-0.014464285714285723,-0.01714285714285714,0.07841859594813079,0.03463106037943805,22.130512283374784,NORMAL
Node02,40,0.574,1.128,21.38,1.242,16.9,NORMAL,-0.006142857142857152,-0.0004285714285714405,0.057650837354014606,0.01342434677662199,-0.06560714285714286,0.018000000000000002,0.298378075921265,0.0234375010591054,0.34642857142857114,0.35571428571428587,3.8546409875443843,0.07047243104774051,-0.004535714285714286,0.009928571428571436,0.077740410524845,0.015320582221459865,17.832752155350846,NORMAL
Node02,41,0.722,0.998,23.63,1.243,18.0,NORMAL,0.005678571428571417,0.01182142857142857,0.0678257571526727,0.015702779957161087,-0.014357142857142862,0.051250000000000004,0.24197687807683094,0.012693870515707565,1.3225,0.9760714285714289,3.581623733926914,0.44474873584900665,-0.0016428571428571284,0.002892857142857158,0.07884886084873301,0.01246540718640154,27.17019234314268,WATCH
Node02,42,0.609,1.181,22.41,1.151,17.2,NORMAL,0.0040714285714285635,-0.0016071428571428539,0.06850165100547716,0.012742317322248509,-0.00414285714285713,0.010214285714285731,0.2495411980491588,0.010024147313888518,0.5664285714285715,-0.7560714285714285,1.984093891787526,0.3755510838545742,7.142857142859529e-05,0.0017142857142857237,0.07710475249388238,0.014335108832588362,25.29726749804461,WATCH
Node02,43,0.87,1.203,22.42,1.062,18.3,NORMAL,0.030821428571428566,0.026750000000000003,0.11292981385419378,0.2686291529783921,0.05225000000000002,0.05639285714285715,0.23718256982453712,0.016768574053754627,0.4592857142857145,-0.10714285714285698,1.9073691679528488,0.1322769078107153,-0.017785714285714262,-0.017857142857142856,0.09228527200247842,0.050731207703148894,26.226259646979674,WATCH
Node02,44,0.66,0.696,21.43,1.061,15.5,NORMAL,0.01214285714285715,-0.018678571428571416,0.09881584603985046,0.028103081298861982,0.0018928571428571564,-0.050357142857142864,0.26397754233484116,0.04226867919496221,-0.1714285714285712,-0.6307142857142858,0.8335009355266552,0.24580198415544272,-0.030464285714285704,-0.012678571428571442,0.10260720294033016,0.08426021801696995,23.957106381694082,NORMAL
Node02,45,0.759,0.827,23.01,1.271,17.6,NORMAL,0.025357142857142863,0.013214285714285713,0.10231976022906492,0.07752424276286833,0.007857142857142856,0.0059642857142857,0.259189395726644,0.023711235922626552,-0.010714285714285232,0.16071428571428598,0.8139907569382792,0.1848837962781488,0.0020357142857142757,0.03249999999999998,0.09424208947477464,0.04039232127728218,22.710270855187098,NORMAL
Node02,46,0.759,1.29,20.32,1.355,18.3,NORMAL,0.024285714285714296,-0.001071428571428567,0.10140818037820741,0.07230187095010235,-0.012178571428571419,-0.020035714285714275,0.21675595229922262,0.011258508123790787,-0.19285714285714256,-0.18214285714285733,1.1181660154445932,0.06314381448448743,0.010892857142857124,0.008857142857142848,0.11061408676328792,0.056108649313005396,19.408493554953413,NORMAL
Node02,47,0.667,0.852,26.66,1.209,18.2,NORMAL,0.0008571428571428659,-0.02342857142857143,0.08589805696566244,0.024203428824298,-0.021285714285714293,-0.009107142857142874,0.2243536748720008,0.015841288303213744,0.19642857142857156,0.3892857142857141,1.9977153617737105,0.13674216238456618,0.01839285714285713,0.007500000000000007,0.10911221833725218,0.024747353221392675,19.756268705842086,NORMAL
Node02,48,0.771,1.302,19.21,1.266,17.8,NORMAL,0.006392857142857149,0.005535714285714283,0.087978081685968,0.046078165081580504,0.009107142857142854,0.030392857142857145,0.2503074300211833,0.013747171082367353,-0.07964285714285715,-0.27607142857142875,2.3701999111989727,0.020709288330964516,0.03332142857142857,0.01492857142857144,0.11119031304158519,0.04642194559155779,17.587087253812566,NORMAL
Node02,49,0.698,1.238,16.87,1.148,16.1,NORMAL,-0.01378571428571429,-0.020178571428571438,0.07311374048439218,0.026003762622113045,0.04792857142857143,0.038821428571428576,0.256133242854648,0.015355018759061348,-0.6228571428571429,-0.5432142857142858,3.1032870437957354,0.02575586697011907,0.021642857142857137,-0.011678571428571434,0.11140017953306897,0.03250659945722659,17.06062384631161,NORMAL
Node02,50,0.565,1.319,28.92,1.05,19.1,NORMAL,-0.01410714285714287,-0.00032142857142858014,0.07400225221797871,0.018930968785324447,0.0965357142857143,0.04860714285714286,0.27041106274918353,0.03440829427754277,0.32428571428571445,0.9471428571428573,4.223619526515368,0.27399593027551905,-0.013142857142857131,-0.03478571428571427,0.11387085416633806,0.08762999918831445,24.318094669100304,NORMAL
Node02,51,0.509,0.656,16.35,1.093,13.2,NORMAL,-0.03953571428571429,-0.025428571428571422,0.1029366425572176,0.2296454863639651,-0.0024642857142857127,-0.099,0.2800038265044656,0.0692140681903466,-0.4489285714285713,-0.7732142857142857,4.803769353330778,0.09719027613452856,-0.04303571428571428,-0.02989285714285715,0.10812558835512921,0.12162358981490753,26.35581166289652,WATCH
Node02,52,0.662,0.723,21.05,1.16,15.8,NORMAL,-0.029035714285714286,0.010500000000000006,0.09611426731215499,0.041780537566533944,-0.07414285714285715,-0.07167857142857144,0.2972231004289058,0.09634891904783609,-0.3114285714285713,0.1375,4.766221424426971,0.10425398073055961,-0.03689285714285716,0.0061428571428571235,0.1038364097992607,0.056585252432945085,21.492756714862452,NORMAL
Node02,53,0.77,1.293,28.72,1.386,21.1,NORMAL,-0.003499999999999999,0.025535714285714287,0.09804323633212132,0.07087159681953846,-0.014892857142857152,0.05925,0.29762152379922296,0.024881646398176076,0.33357142857142846,0.6449999999999998,5.47182480226356,0.3421427178415051,0.009428571428571406,0.04632142857142856,0.11267927514684783,0.12173966548630437,27.61278074476823,WATCH
Node02,54,0.672,1.396,20.05,1.093,17.2,NORMAL,-0.00199999999999999,0.0015000000000000091,0.09809422098409362,0.014110366140939648,-0.0072857142857143,0.007607142857142852,0.3067511788311264,0.024371594159566797,0.6553571428571426,0.3217857142857142,5.206232986023762,0.11436638053392573,0.002392857142857133,-0.007035714285714273,0.11740872848221089,0.03954567218660244,19.298260736479044,NORMAL
Node02,55,0.703,0.963,21.43,1.282,17.2,NORMAL,0.01750000000000001,0.0195,0.08862548273762005,0.026806662398490513,-0.0012142857142857233,0.006071428571428577,0.3022449337871521,0.016287241463860083,0.296785714285714,-0.35857142857142865,5.103282323778538,0.17935218094944513,0.027892857142857146,0.025500000000000012,0.11970300549196547,0.054646805787326766,21.2999011602678,NORMAL
Node02,56,0.695,0.87,22.45,1.268,17.2,NORMAL,0.02814285714285714,0.010642857142857131,0.08838498040903082,0.023920768171975935,-0.0021428571428571447,-0.0009285714285714214,0.3029977211921222,0.0300375580557256,-0.36607142857142894,-0.6628571428571429,4.594761509951668,0.29680587863033475,0.03446428571428572,0.006571428571428572,0.1240170879162952,0.04752429782423511,24.42276239940209,NORMAL
Node02,57,0.631,1.485,19.9,1.195,17.5,NORMAL,0.013035714285714277,-0.015107142857142862,0.08051382608270576,0.0195098067981074,0.0875357142857143,0.08967857142857144,0.33415037960546473,0.11663300379162586,0.2199999999999996,0.5860714285714286,3.7501130141700547,0.018097666328301912,0.014928571428571449,-0.019535714285714267,0.10771876964268266,0.025828465195371488,18.766754826536474,NORMAL
Node02,58,0.764,1.267,9.74,1.12,14.2,NORMAL,0.0018214285714285652,-0.011214285714285711,0.05166835634717876,0.04804918528126997,0.05321428571428572,-0.03432142857142858,0.2893025274361639,0.023508903830404358,-1.7560714285714287,-1.9760714285714283,5.610625973055395,0.696965516605384,-0.011678571428571396,-0.026607142857142843,0.10317691694597288,0.05241766032839065,35.165764273692744,WATCH
Node02,59,0.572,0.834,23.24,1.212,16.6,NORMAL,-0.01721428571428572,-0.019035714285714284,0.0703839808614486,0.029801155276738468,-0.039749999999999994,-0.09296428571428572,0.2644564956571082,0.04891896343479563,-1.3782142857142858,0.3778571428571429,5.708105348245305,0.5150403780076426,-0.019821428571428552,-0.008142857142857157,0.1004037089051234,0.022619849675409028,30.221390155102586,WATCH
Node02,60,0.655,0.957,16.48,1.181,15.1,NORMAL,-0.008714285714285714,0.008500000000000006,0.06041995885939869,0.009507469726612795,-0.04207142857142857,-0.0023214285714285784,0.2664155365124904,0.012992739822848367,-0.7071428571428573,0.6710714285714285,4.650868838440937,0.14491863809835084,-0.0008571428571428499,0.0189642857142857,0.06998094978873416,0.02009105549492696,19.470122428332417,NORMAL
Node02,61,0.715,1.382,15.46,1.141,16.1,NORMAL,-0.003678571428571424,0.005035714285714291,0.06276372928918195,0.011167839448471169,0.02785714285714284,0.06992857142857141,0.2639543611344673,0.025441449633815946,-0.9467857142857141,-0.23964285714285682,4.805954144402048,0.08947166741463236,-0.020714285714285716,-0.019857142857142865,0.06022023074080826,0.03381640266614696,18.538097363721104,NORMAL
Node02,62,0.83,1.351,12.49,1.307,16.2,NORMAL,0.01657142857142857,0.020249999999999994,0.08583871920226742,0.0905927902878581,0.03310714285714284,0.005250000000000001,0.2690500042035026,0.014684342432327562,-1.1435714285714285,-0.19678571428571434,5.044093670064123,0.23758839703723564,0.002499999999999986,0.0232142857142857,0.06633464942460847,0.03192273383567811,24.08767740988175,NORMAL
Node02,63,0.629,1.042,21.19,1.147,16.6,NORMAL,0.009607142857142854,-0.006964285714285716,0.08933724227410904,0.01577130833309818,-0.021892857142857148,-0.05499999999999999,0.24448838710370568,0.013296614675711632,0.05678571428571466,1.2003571428571431,4.840070345809133,0.24826138370908177,0.005678571428571414,0.0031785714285714277,0.06234962863142157,0.012910433447192289,22.17999473538616,NORMAL
Node02,64,0.598,1.433,20.32,1.326,17.8,NORMAL,-0.007464285714285717,-0.01707142857142857,0.09344669985764995,0.024459383994971145,0.04671428571428574,0.0686071428571429,0.23455875495024592,0.030544376183228656,0.8446428571428574,0.7878571428571427,4.8854355949475945,0.18708258414141068,0.021928571428571426,0.01625000000000001,0.08201103293953516,0.041174628859262596,21.568364699326942,NORMAL
Node02,65,0.693,1.18,20.63,1.253,17.4,NORMAL,0.0058214285714285685,0.013285714285714286,0.08645560380086087,0.015787769136587887,0.058928571428571434,0.012214285714285691,0.23151879487625274,0.012660550987636493,0.19928571428571434,-0.645357142857143,3.8074788558960155,0.09858300862280586,0.014964285714285708,-0.006964285714285718,0.0740999967868388,0.01413021377807705,18.3656517670223,NORMAL
Node02,66,0.721,1.13,22.67,1.096,17.6,NORMAL,-0.002785714285714292,-0.00860714285714286,0.07592508839388365,0.01683660481841294,0.007035714285714284,-0.05189285714285715,0.18199058060397366,0.012272111267659641,1.3121428571428573,1.112857142857143,3.694742725755585,0.4275873108640999,-0.00042857142857142893,-0.015392857142857137,0.08872187683188078,0.028856326792186447,26.961510380942222,WATCH
Node02,67,0.691,1.452,15.52,1.2,16.4,NORMAL,-0.008071428571428575,-0.0052857142857142825,0.07423546835512496,0.010991580111807777,-0.00335714285714286,-0.010392857142857145,0.16205334218795278,0.027072596834656047,0.7135714285714284,-0.5985714285714289,3.797011356066142,0.08298615565722872,-0.0049642857142857145,-0.004535714285714285,0.08807194029125656,0.011994843246139876,18.124659196235157,NORMAL
Node02,68,0.685,1.062,16.95,1.245,15.9,NORMAL,-0.006714285714285708,0.0013571428571428667,0.07386893154512962,0.008271147688183014,-0.012500000000000002,-0.009142857142857142,0.17367279031338817,0.010030474033706771,0.15678571428571406,-0.5567857142857143,3.648444547892653,0.017663882043416256,-0.011071428571428557,-0.006107142857142842,0.0831252640525702,0.015560035312423486,16.07288128160545,NORMAL
Node02,69,0.749,1.288,19.99,1.358,18.2,NORMAL,0.019000000000000006,0.025714285714285714,0.05176365704310497,0.08858024310063249,0.009571428571428573,0.022071428571428575,0.1682505218275358,0.016232836286835542,-0.5517857142857147,-0.7085714285714287,2.495081828985442,0.10447840070095317,0.014928571428571442,0.026,0.09315476114407424,0.07784529538608817,21.260470704208313,NORMAL
Node02,70,0.777,0.96,20.58,1.123,16.8,NORMAL,0.021892857142857155,0.0028928571428571484,0.05701169470672955,0.05732971250126512,-0.04539285714285714,-0.05496428571428571,0.1852502811513836,0.018531915978075606,-0.22214285714285747,0.3296428571428572,2.4407629564387876,0.03666461775919912,-0.008928571428571421,-0.02385714285714286,0.09716603364982075,0.04330542426643857,18.342802795573036,NORMAL
Node02,71,0.672,1.1,17.28,1.165,15.8,NORMAL,0.0038214285714285867,-0.018071428571428568,0.03830516563449001,0.04300767226539892,-0.026571428571428548,0.01882142857142859,0.16112402794416597,0.01578623201925848,-0.34857142857142864,-0.12642857142857117,2.5435764097783564,0.007352735029239039,-0.001857142857142843,0.007071428571428578,0.08901257268070673,0.019243866218993773,16.865007110714682,NORMAL
Node02,72,0.687,1.178,16.11,1.199,15.8,NORMAL,-0.0017142857142856999,-0.005535714285714286,0.038878932965957645,0.02445523023123205,-0.023642857142857132,0.002928571428571416,0.16109979161110932,0.013861013300963685,-0.4475000000000002,-0.09892857142857153,2.658193084821055,0.008984176738478157,0.004178571428571428,0.006035714285714271,0.08653708261009653,0.015527349103369737,16.345225111441053,NORMAL
Node02,73,0.747,1.176,19.21,1.141,16.9,NORMAL,0.0033928571428571497,0.00510714285714285,0.04109281016940855,0.04621746949916226,-0.028000000000000008,-0.004357142857142875,0.1602682275496449,0.013360667989168715,0.23857142857142882,0.686071428571429,1.9750732355318585,0.03599461721570454,-0.016499999999999997,-0.020678571428571425,0.07904399016340449,0.03178387675883857,17.785566834674132,NORMAL
Node02,74,0.642,1.5,12.54,1.102,15.0,NORMAL,-0.007964285714285717,-0.011357142857142868,0.049301308782009494,0.01188275185986218,0.0467142857142857,0.0747142857142857,0.17454976094976196,0.0647865075216068,-0.6878571428571426,-0.9264285714285714,2.7535293369644362,0.1194503873922699,-0.028107142857142862,-0.011607142857142864,0.08811707580043185,0.051381740284478214,20.38082552439061,NORMAL
Node02,75,0.663,1.395,15.15,1.112,15.7,NORMAL,-0.016178571428571428,-0.00821428571428571,0.05168724628543706,0.020231923371694778,0.05275,0.006035714285714297,0.18206448360533198,0.0227547954292025,-1.0239285714285713,-0.3360714285714287,2.896289909193352,0.03524183530219657,-0.02871428571428571,-0.0006071428571428478,0.08872590216101336,0.050455914388726084,17.54143315751104,NORMAL
Node02,76,0.786,1.079,13.41,1.297,15.5,NORMAL,-0.001285714285714287,0.01489285714285714,0.05836339361522523,0.03434137468978684,0.04532142857142857,-0.00742857142857143,0.18766345256488123,0.011856073990473595,-1.0478571428571428,-0.02392857142857152,2.932307721135108,0.06634750075985957,0.01139285714285714,0.04010714285714285,0.06789873412102829,0.04209863874036151,18.356265540203157,NORMAL
Node02,77,0.682,1.377,19.04,1.157,17.1,NORMAL,0.0051428571428571435,0.00642857142857143,0.05091168824543142,0.01972398384068472,0.030428571428571423,-0.014892857142857145,0.16412538760698436,0.01945248769562213,-0.14928571428571447,0.8985714285714284,2.598723129685405,0.046201413203543394,0.00510714285714285,-0.00628571428571429,0.06576690439944477,0.012392124146385264,17.2524625710262,NORMAL
Node02,78,0.638,1.004,19.1,1.389,16.6,NORMAL,-0.00475,-0.009892857142857144,0.055140513150279895,0.009070023336944346,-0.019321428571428562,-0.04974999999999999,0.18249696670669038,0.013846533848102796,0.3392857142857144,0.4885714285714289,2.8176163515925845,0.024261419715907655,0.028464285714285702,0.023357142857142854,0.10630750544663208,0.10007288019830778,17.420119864648335,NORMAL
Node02,79,0.8,1.014,14.32,1.141,15.1,NORMAL,0.006071428571428577,0.010821428571428576,0.06834401774774997,0.04412244676465004,-0.05342857142857142,-0.034107142857142864,0.20189907898561127,0.012747719765063448,0.08357142857142863,-0.2557142857142858,2.9239129033995983,0.009862107669931543,0.02210714285714285,-0.006357142857142853,0.10859514152071792,0.03250821169373552,17.061974882184558,NORMAL
Node02,80,0.697,1.235,19.33,1.245,17.2,NORMAL,0.010392857142857136,0.004321428571428559,0.06620279090649822,0.01244813685649426,-0.058285714285714274,-0.0048571428571428515,0.2009505980512197,0.013705399242301668,0.8714285714285713,0.7878571428571427,2.94539026438328,0.0709995455985357,0.020678571428571428,-0.0014285714285714214,0.10767919726581138,0.02418451063629716,17.727508147114964,NORMAL
Node02,81,0.895,1.072,18.84,1.236,17.5,NORMAL,0.022714285714285708,0.012321428571428572,0.09240799800470788,0.11035456020956695,-0.036428571428571414,0.02185714285714286,0.1670568765420927,0.016209584311664058,0.6496428571428571,-0.22178571428571425,2.610042875035544,0.04112560686563626,0.009,-0.011678571428571429,0.09751019482719789,0.018905194827396207,19.448239161089845,NORMAL
Node02,82,0.743,1.282,26.51,1.112,19.4,NORMAL,0.012714285714285706,-0.010000000000000002,0.08644403639680084,0.03121547892975017,0.00821428571428573,0.044642857142857144,0.14553971802848023,0.02014046558290446,1.3975000000000002,0.7478571428571431,4.259092235050407,0.5663523085594105,-0.019321428571428552,-0.028321428571428553,0.09751019482719789,0.06352514436109191,31.47590906521424,WATCH
Node02,83,0.758,1.215,22.87,1.095,18.0,NORMAL,0.019035714285714277,0.006321428571428572,0.08506803999488545,0.04265462930489302,0.004571428571428583,-0.0036428571428571465,0.1432523580791538,0.013882403280652444,1.1010714285714287,-0.2964285714285715,3.794853658010318,0.3726293965632784,-0.023035714285714288,-0.003714285714285736,0.10251155567846508,0.058792175886552146,26.63434397190578,WATCH
Node02,84,0.665,0.5,25.81,4.131,26.6,WATCH,0.0015357142857142872,-0.01749999999999999,0.08736840444484548,0.01943165160211832,-0.037964285714285714,-0.042535714285714295,0.26506540073473694,0.05110301402903162,1.5860714285714284,0.48499999999999965,4.333456774798569,0.5437062006921962,0.28575,0.3087857142857143,1.1112816496108917,0.6570077483472979,38.82280307304999,WATCH
Node02,85,0.694,0.642,22.41,1.137,16.1,NORMAL,-0.01853571428571429,-0.020071428571428577,0.07832350495586514,0.03190767566072263,-0.08725000000000001,-0.049285714285714294,0.3066728519044979,0.10560345171663818,1.4735714285714285,-0.11249999999999982,4.275786198940216,0.3598724609683727,0.20067857142857146,-0.08507142857142855,1.1240689057001376,0.18630886125523907,29.60990481402479,WATCH
Node02,86,0.75,1.469,20.76,1.283,18.7,NORMAL,-0.011464285714285713,0.0070714285714285775,0.07525385609483981,0.036398627464423954,-0.03357142857142857,0.05367857142857144,0.3558275398212428,0.07001364398474842,0.383214285714286,-1.0903571428571426,2.9866058135807423,0.17200009766874377,0.10482142857142854,-0.09585714285714292,1.1159668240503176,0.1586035974723058,23.824153293343578,NORMAL
Node02,87,0.661,0.969,13.07,1.198,14.1,NORMAL,-0.026857142857142857,-0.015392857142857144,0.08001249902359006,0.0366348544435275,-0.018142857142857148,0.015428571428571423,0.3480534988981408,0.024381846363507095,-1.0453571428571429,-1.4285714285714288,4.565481771897004,0.487116740488974,0.009642857142857135,-0.0951785714285714,1.1186359891360893,0.06902165249442269,29.753805975307202,WATCH
Node02,88,0.654,0.555,20.63,1.398,16.0,NORMAL,-0.013428571428571425,0.013428571428571432,0.04568317393693634,0.027564128872569097,-0.06085714285714287,-0.04271428571428572,0.3880536290870362,0.11325258483467324,-1.5103571428571432,-0.4650000000000003,4.442276872227103,0.25636428393916993,-0.06371428571428575,-0.07335714285714288,1.1115310761887556,0.2468829675972736,27.79454979130139,WATCH
Node02,89,0.726,1.416,18.75,1.102,17.2,NORMAL,-0.005392857142857144,0.008035714285714281,0.043644123588514445,0.02867650118745087,0.03714285714285713,0.098,0.4099938443208049,0.11732666048216202,-1.145,0.36535714285714316,3.994195192788559,0.10548016919572731,-0.1922857142857143,-0.12857142857142856,1.1123019459875179,0.3346176637757263,25.1805618431575,WATCH
Node02,90,0.7,1.048,15.73,1.342,15.9,NORMAL,0.0026071428571428517,0.007999999999999995,0.03586283392514953,0.02504765280856719,0.08135714285714286,0.044214285714285734,0.3978063659142533,0.06167368660655385,-1.3460714285714286,-0.20107142857142857,4.227031492441857,0.06191333966943728,-0.2972142857142857,-0.1049285714285714,1.0966581704693321,0.3911689968728903,23.515475858707735,NORMAL
Node02,91,0.708,0.973,20.37,1.204,16.7,NORMAL,0.00024999999999999626,-0.0023571428571428554,0.03392639090737473,0.02483539645173773,0.021357142857142845,-0.06000000000000002,0.3470013036890564,0.036908354764898704,-0.375,0.9710714285714286,3.290028947621962,0.07844103957103835,0.007964285714285726,0.3051785714285714,0.10793009201286154,0.06241971776469798,19.21370305883479,NORMAL
Node02,92,0.742,1.523,17.54,1.082,17.1,NORMAL,0.004142857142857135,0.0038928571428571384,0.03741848282791348,0.04362289456204522,0.02367857142857141,0.0023214285714285646,0.3509085486616271,0.060923922965475615,0.0014285714285712711,0.3764285714285713,2.894825432684031,0.007182264598871244,-0.023107142857142833,-0.03107142857142856,0.11801472870144719,0.0986894136732531,18.848454945953705,NORMAL
Node02,93,0.8,1.718,17.58,1.115,18.0,NORMAL,0.020535714285714286,0.01639285714285715,0.04992995093127972,0.10716638478629976,0.13357142857142856,0.10989285714285715,0.39952626709046063,0.2548351083323056,0.3203571428571427,0.3189285714285714,2.650991728175918,0.011369461992474614,-0.02782142857142856,-0.004714285714285726,0.122407010381253,0.06494499493563392,24.265958830349575,NORMAL
Node02,94,0.605,1.132,20.08,1.191,16.5,NORMAL,0.0015357142857142872,-0.019,0.06254331832151751,0.020602586247042396,0.10035714285714283,-0.03321428571428574,0.3903878413407193,0.060444201379381834,-0.0778571428571431,-0.39821428571428574,1.818180670995309,0.03751224827984787,-0.030535714285714277,-0.0027142857142857177,0.12251044659052353,0.04337418278897757,18.31938839030703,NORMAL
Node02,95,0.759,0.935,17.64,1.076,15.6,NORMAL,3.571428571429368e-05,-0.0014999999999999935,0.060841323676155086,0.027097093591699227,-0.018928571428571427,-0.11928571428571424,0.30325660986789954,0.037857192593116505,0.09214285714285696,0.17000000000000004,1.6211254174330927,0.013089266153841614,-0.016750000000000004,0.013785714285714273,0.09534224067611825,0.05683610416692028,17.55387784424325,NORMAL
Node02,96,0.801,1.398,24.26,1.124,19.3,NORMAL,0.009571428571428583,0.00953571428571429,0.06822930525249468,0.04778640095338918,0.020821428571428564,0.039749999999999994,0.3016795840433545,0.027032469297523988,0.8096428571428572,0.7175000000000002,2.8105659487692076,0.2856557364731795,-0.02860714285714285,-0.011857142857142844,0.09350044563173661,0.05083181634191778,24.72532013530934,NORMAL
Node02,97,0.797,1.207,22.22,1.29,18.7,NORMAL,0.012285714285714297,0.0027142857142857142,0.07075511087042205,0.0391670608799629,-0.011821428571428557,-0.03264285714285712,0.2899832507478418,0.015043425203251071,0.6803571428571429,-0.12928571428571434,2.603944809597272,0.16331718707648496,0.010821428571428584,0.03942857142857143,0.0775152826713484,0.040830639195877455,21.003611758205942,NORMAL
Node02,98,0.672,1.096,14.38,1.159,14.8,NORMAL,-0.000714285714285707,-0.013000000000000005,0.07503522982096954,0.0154620855472855,-0.07274999999999997,-0.06092857142857141,0.2722094781597437,0.03201428343691265,0.1421428571428575,-0.5382142857142854,3.3285231960535695,0.019835314851291554,0.018357142857142857,0.007535714285714272,0.07454177480095432,0.024166317312209484,16.88850777892878,NORMAL
Node02,99,0.679,0.856,20.07,1.372,16.7,NORMAL,-0.006821428571428566,-0.006107142857142859,0.07837911529409934,0.01251240060212682,-0.08521428571428569,-0.01246428571428572,0.29186110525711495,0.04560018773065558,0.023214285714286045,-0.11892857142857144,3.2677027025696437,0.013651258465357868,0.032892857142857154,0.014535714285714298,0.10572110660105853,0.08321020118423676,17.69710736059631,NORMAL
Node02,100,0.659,0.903,16.76,1.245,15.2,NORMAL,-0.0045357142857142775,0.0022857142857142885,0.07558816989828125,0.007856979736196234,-0.040964285714285696,0.04424999999999999,0.19260816379869455,0.017957637288953516,-0.5349999999999997,-0.5582142857142858,3.359790951546723,0.02097021730290398,0.028178571428571435,-0.0047142857142857195,0.10178314950820457,0.024484836413421626,16.428874981158444,NORMAL
Node02,101,0.828,1.178,19.92,1.079,17.3,NORMAL,-0.006964285714285721,-0.002428571428571443,0.07065037997403968,0.046324700241907615,-0.021857142857142863,0.019107142857142833,0.19562670963804896,0.011312929674221317,-0.36821428571428555,0.16678571428571415,3.354491658316396,0.028447569035205622,0.011892857142857134,-0.0162857142857143,0.11310088206468387,0.048495756210975904,17.765413513833533,NORMAL
Node02,102,0.721,1.291,18.31,1.221,17.0,NORMAL,-0.006821428571428585,0.00014285714285713555,0.07059913664654896,0.011756994910406247,-0.02042857142857144,0.0014285714285714249,0.19735223525945872,0.012832540154003232,-0.7167857142857142,-0.3485714285714287,3.3077520780015854,0.03523591240139969,-0.0016071428571428625,-0.013499999999999996,0.10090495292010956,0.016866485623067563,16.68605830641773,NORMAL
Node02,103,0.646,1.318,24.36,1.268,18.8,NORMAL,-0.007357142857142868,-0.0005357142857142826,0.07137893513462062,0.0066387416186285365,0.037321428571428554,0.057749999999999996,0.18107430729373167,0.020723943759553335,0.5046428571428571,1.2214285714285713,3.332278642667949,0.24915828068411777,-0.008392857142857146,-0.006785714285714284,0.09422819313216395,0.021859346194333384,22.24191453758829,NORMAL
Node02,104,0.734,1.151,17.48,1.134,16.2,NORMAL,0.00649999999999999,0.013857142857142858,0.06269730760529019,0.01737482800963994,0.05275,0.015428571428571444,0.17786484970871777,0.01391884972741771,0.6939285714285713,0.18928571428571428,3.1476650454098887,0.034050874943344536,-0.010964285714285735,-0.002571428571428589,0.09702478819255178,0.02606194790284156,16.93942081776996,NORMAL
Node02,105,0.665,1.167,19.68,1.342,17.3,NORMAL,-0.002642857142857145,-0.009142857142857135,0.06337417229665182,0.008500965030508125,0.05603571428571429,0.0032857142857142946,0.17873710409691765,0.015280972663112367,0.16821428571428548,-0.5257142857142858,2.488523180331583,0.029774788895772827,-0.004392857142857158,0.006571428571428577,0.10496303204099103,0.04671632904676302,16.896385589557532,NORMAL
Node02,106,0.751,1.501,22.39,1.196,19.0,NORMAL,-0.0013214285714285687,0.0013214285714285765,0.06436724988022134,0.024245569717122304,0.05828571428571428,0.002249999999999988,0.18407050926466295,0.04044079588393681,0.5564285714285713,0.3882142857142858,2.7191218820648344,0.13347198872483093,0.010428571428571414,0.014821428571428572,0.0868282376715252,0.01976266161932587,20.133138588449867,NORMAL
Node02,107,0.702,0.744,25.48,1.156,17.5,NORMAL,-0.010678571428571426,-0.009357142857142857,0.060055529859178364,0.014096636749210127,-0.03689285714285714,-0.09517857142857142,0.23250765476390128,0.05415067576731151,0.72,0.1635714285714287,3.0488381862136085,0.2991138954135403,0.009107142857142845,-0.0013214285714285689,0.0877265773922156,0.016407674254499675,24.346768276950375,NORMAL
Node02,108,0.664,1.582,15.95,1.152,16.6,NORMAL,-0.0014999999999999974,0.009178571428571428,0.039995237811757615,0.019531739972680352,0.002678571428571435,0.03957142857142857,0.27454620566968146,0.045840034888016516,0.002500000000000137,-0.7174999999999998,3.6184777120193727,0.020459333421558576,-0.013178571428571453,-0.022285714285714298,0.07434251491447902,0.027320988295617913,17.34221571369257,NORMAL
Node02,109,0.69,0.999,19.98,1.253,16.7,NORMAL,0.0010357142857142787,0.002535714285714276,0.03866276663418595,0.02189553914575899,-0.018500000000000006,-0.021178571428571442,0.28917320563486315,0.01347518725857192,-0.3714285714285714,-0.3739285714285715,3.5015377574241104,0.037161740113993966,-0.006964285714285733,0.00621428571428572,0.07610487751092167,0.015361755160115993,16.98817072865983,NORMAL
Node02,110,0.742,1.114,22.07,1.186,17.7,NORMAL,-0.00046428571428571867,-0.0014999999999999974,0.03609445281216385,0.04279392689600664,-0.013071428571428559,0.0054285714285714475,0.28660874276366977,0.011633837715229273,0.2832142857142857,0.6546428571428571,3.20342376365098,0.06251847901633267,-0.002357142857142867,0.004607142857142865,0.07272027293154298,0.012766124164204794,18.095453485306884,NORMAL
Node02,111,0.74,1.427,13.65,1.199,16.0,NORMAL,0.0069642857142857085,0.007428571428571427,0.0369085097943292,0.04439578118785261,0.009321428571428588,0.022392857142857145,0.3006412194911783,0.02789606051253123,-0.8653571428571428,-1.1485714285714286,4.01588038144754,0.17476142416020293,-0.012571428571428575,-0.010214285714285709,0.06635510530471643,0.013584389641701836,21.354500990198403,NORMAL
Node02,112,0.707,0.682,9.05,1.261,12.5,NORMAL,0.0007857142857142825,-0.006178571428571426,0.03187848953821519,0.025927570498373978,-0.05567857142857141,-0.065,0.3638934956693733,0.12476453979364471,-2.0557142857142856,-1.1903571428571427,5.744442863283072,0.6593048028141987,0.011250000000000007,0.023821428571428584,0.04278183860338068,0.03316015018737129,35.547463904974535,WATCH
Node02,113,0.645,1.332,19.59,1.224,17.2,NORMAL,-0.0012499999999999972,-0.0020357142857142796,0.03611028082073553,0.017520702917662643,0.014000000000000009,0.06967857142857142,0.34163953434661426,0.043998726635703915,-1.3499999999999999,0.7057142857142857,5.510350001847174,0.28197622187921545,0.013142857142857154,0.0018928571428571475,0.04359991262551314,0.015167208026308967,23.76552642566454,NORMAL
Node02,114,0.667,1.166,16.47,1.165,15.7,NORMAL,-0.004142857142857138,-0.002892857142857141,0.03793352581757171,0.021475981903172438,-0.03621428571428572,-0.050214285714285725,0.2974284227619591,0.02254040177890438,-0.4371428571428572,0.9128571428571426,4.4042593020847445,0.07220607366142033,0.002000000000000018,-0.011142857142857137,0.04203853107850098,0.017038331127186664,18.085114676570463,NORMAL
Node02,115,0.752,1.08,21.34,1.224,17.6,NORMAL,-0.002107142857142847,0.0020357142857142913,0.04096107327462896,0.052647562667843026,0.008999999999999996,0.045214285714285714,0.24124725510404899,0.010079353970455977,-0.04214285714285732,0.3949999999999999,4.715531076488982,0.16101916509409275,-0.0037142857142857017,-0.0057142857142857195,0.03490940656422941,0.01423790226955089,20.844221083738326,NORMAL
Node02,116,0.667,0.906,22.49,1.129,16.7,NORMAL,-0.00860714285714285,-0.006500000000000002,0.04332600670662894,0.021008525462326778,-0.029785714285714297,-0.03878571428571429,0.2510172636825337,0.017218554835553207,0.859285714285714,0.9014285714285714,5.025237734248429,0.4079889628572966,-0.007749999999999995,-0.0040357142857142935,0.04342700498428091,0.022671777108639678,26.594395400541057,WATCH
Node02,117,0.72,0.763,20.49,1.27,16.4,NORMAL,-0.0011785714285714257,0.007428571428571424,0.04073374639335417,0.0287070467425325,-0.06414285714285715,-0.03435714285714286,0.28122732712844517,0.047716729290786575,1.7553571428571426,0.8960714285714286,4.833765662109663,0.3732090579579357,-0.0018214285714285691,0.005928571428571425,0.05049658168534539,0.017279555597768777,26.483155501162706,WATCH
Node02,118,0.643,0.748,18.99,1.237,15.4,NORMAL,-0.0014999999999999974,-0.0003214285714285717,0.04124087200593026,0.01534280100036047,-0.042857142857142864,0.02128571428571429,0.24457747822958445,0.03202611944110786,1.3442857142857139,-0.41107142857142875,4.520891715664278,0.274363884766188,-0.0005714285714285482,0.001250000000000021,0.05111984052438049,0.011746757814417624,23.217846687304352,NORMAL
Node02,119,0.651,0.977,22.66,1.212,17.2,NORMAL,-0.0022142857142857164,-0.000714285714285719,0.04188248866940521,0.015826081108279634,-0.07921428571428571,-0.036357142857142845,0.2133486973634165,0.01678534703468843,0.47857142857142854,-0.8657142857142853,2.174542097392767,0.38846369809096937,0.005500000000000005,0.006071428571428553,0.04708047821094673,0.014651385777388138,25.852883162729675,WATCH
Node02,120,0.659,1.346,19.42,1.144,17.0,NORMAL,-0.008928571428571428,-0.006714285714285712,0.04035851240828287,0.022193846225652753,0.006285714285714299,0.0855,0.21705682819636582,0.02678891201172873,0.2853571428571432,-0.19321428571428534,2.1845888792696377,0.027948936327161635,0.0007499999999999887,-0.004750000000000016,0.052184653828861394,0.01543343877312452,17.04468167970334,NORMAL
Node02,121,0.755,1.054,22.67,1.147,17.7,NORMAL,-0.002714285714285713,0.006214285714285716,0.048558751847142645,0.04680343000810697,0.03628571428571429,0.029999999999999992,0.2064792160646361,0.010112752038910194,0.0007142857142862066,-0.284642857142857,1.5554359364438488,0.12653764457713856,-0.009250000000000005,-0.009999999999999993,0.05443563258783806,0.017573995746646007,19.85916182852034,NORMAL
Node02,122,0.713,1.44,21.02,1.283,18.5,NORMAL,0.007999999999999995,0.010714285714285707,0.04243594612836531,0.030275528871558877,0.09935714285714285,0.06307142857142856,0.2700147262297973,0.05504830668833561,0.013571428571429043,0.012857142857142836,1.5536715348152708,0.05614231643012992,0.004392857142857127,0.013642857142857132,0.06353326837552269,0.018020245220744104,18.603189698884684,NORMAL
Node02,123,0.789,1.264,23.25,1.126,18.5,NORMAL,0.016107142857142858,0.008107142857142863,0.05585312371364227,0.049726876149110935,0.10585714285714284,0.006499999999999992,0.2757002340362065,0.03003235920840424,0.4410714285714289,0.4274999999999998,1.6873337660626717,0.18026938686227603,-0.014464285714285739,-0.018857142857142864,0.06412413556458103,0.027758237934992318,21.85700987364011,NORMAL
Node02,124,0.807,1.494,17.55,1.372,18.3,NORMAL,0.02935714285714286,0.013250000000000001,0.06823907552547463,0.09032296720141716,0.10378571428571427,-0.0020714285714285713,0.2720140927721699,0.05561845101281625,-0.05499999999999984,-0.4960714285714287,2.188994115591734,0.011358416931815456,0.013285714285714281,0.027750000000000018,0.08880261686405852,0.07171714308099712,19.68916095370249,NORMAL
Node02,125,1.019,1.753,23.67,1.185,21.4,NORMAL,0.051214285714285705,0.021857142857142846,0.12495713550768402,0.31678924319742063,0.1012142857142857,-0.0025714285714285717,0.26560488019039175,0.09161765148586748,-0.0046428571428571075,0.05035714285714273,2.2596291309690204,0.07111076552636032,0.012642857142857162,-0.0006428571428571186,0.08905322111230002,0.015112945285312875,27.031015368918837,WATCH
Node02,126,0.856,1.34,25.93,1.39,20.8,NORMAL,0.043321428571428566,-0.007892857142857139,0.11600389977024372,0.1930564526930881,0.051214285714285705,-0.049999999999999996,0.21528110084480795,0.018583075443733207,0.6449999999999998,0.6496428571428569,2.817510721659576,0.27375053032648855,0.03225000000000001,0.019607142857142844,0.11217800480443912,0.10456116288354808,28.63162324694377,WATCH
Node02,127,1.261,1.577,23.07,1.331,22.4,NORMAL,0.07264285714285713,0.029321428571428568,0.19233366344776484,0.7260496630198502,0.06635714285714285,0.015142857142857145,0.22585382967962345,0.05487041876689263,0.4085714285714285,-0.23642857142857132,2.605330616073058,0.14729475290397476,0.029464285714285714,-0.002785714285714294,0.10903821959906229,0.05249599632287707,39.10560295797069,WATCH
Node02,128,1.385,1.892,24.4,1.036,23.3,NORMAL,0.1074642857142857,0.03482142857142857,0.25737567502628933,0.788452210584649,0.06528571428571428,-0.0010714285714285704,0.22318783462323724,0.06417311062326375,0.6485714285714285,0.24,2.709492133047745,0.24361221795717974,-0.011178571428571418,-0.04064285714285713,0.13380760886614854,0.1030379681542891,43.99505562252818,WATCH
Node02,129,1.315,2.336,22.81,1.372,24.8,NORMAL,0.10628571428571428,-0.0011785714285714316,0.255531285942129,0.6858563884400782,0.13699999999999998,0.0717142857142857,0.36808623472017554,0.21315583687610457,0.4207142857142854,-0.2278571428571431,2.607207044219651,0.1428790840844081,0.007571428571428586,0.018750000000000003,0.14187838521239307,0.08481076795705225,41.74365337444404,WATCH
Node02,130,1.695,2.69,30.61,1.62,31.0,WATCH,0.13517857142857143,0.02889285714285715,0.3165419553926612,0.8330037294450792,0.18949999999999997,0.05249999999999999,0.4850850195486109,0.31175788984500213,1.2832142857142854,0.8625,3.9066006414053343,0.5856828790850445,0.027285714285714295,0.01971428571428571,0.18197422632784857,0.14521471816608172,59.652851333341985,WARNING
Node02,131,1.897,2.622,35.15,1.405,32.6,WATCH,0.15592857142857144,0.02075000000000002,0.3610477477986481,0.7908466879897692,0.2166428571428571,0.027142857142857135,0.5254810494521504,0.3057737052998304,1.5549999999999997,0.2717857142857143,4.651820432189244,0.7299136815441564,0.04146428571428573,0.014178571428571436,0.18368036419409725,0.1391340905367589,62.05104031508017,WARNING
Node02,132,1.941,2.21,35.0,1.526,32.0,WATCH,0.17275000000000001,0.01682142857142857,0.38863172676406527,0.7947391501486,0.19635714285714284,-0.020285714285714268,0.5135850186956112,0.26503730812180976,2.0564285714285715,0.5014285714285718,5.4050298444178475,0.7497896766879336,0.04071428571428574,-0.0007499999999999937,0.18274976385887945,0.15092714217350406,61.94184894463224,WARNING
Node02,133,2.18,3.174,34.52,1.382,35.2,WATCH,0.15896428571428572,-0.01378571428571429,0.3559469596656757,0.8004297244324449,0.2040357142857143,0.007678571428571451,0.5315507859981378,0.3278670120081874,2.4246428571428575,0.36821428571428605,5.782009042835248,0.7329073564457322,0.041642857142857134,0.0009285714285713967,0.18272266260256673,0.12399749778567656,62.64823766433488,WARNING
Node02,134,2.032,2.3,31.67,1.509,31.6,WATCH,0.13989285714285718,-0.019071428571428545,0.3272503774234791,0.7915632726392521,0.08642857142857142,-0.11760714285714287,0.4113063972040216,0.2618311656830257,1.772142857142858,-0.6524999999999996,5.094077794010274,0.8187646536943018,0.04803571428571425,0.006392857142857117,0.1868282888745961,0.16279804307783313,63.70294944151229,WARNING
Node02,135,1.761,3.389,36.99,1.577,35.2,WATCH,0.08196428571428571,-0.05792857142857147,0.27937660194491193,0.7991573961434162,0.10467857142857141,0.01824999999999999,0.4534313094405285,0.32127515581855065,1.5725000000000005,-0.19964285714285745,4.753765925683603,0.7526741006281592,0.013214285714285678,-0.03482142857142857,0.09892902698880841,0.13503749351771466,63.12052827117024,WARNING
Node02,136,2.071,2.729,44.24,1.474,36.8,WATCH,0.03382142857142857,-0.04814285714285714,0.17182341433659656,0.735144074900544,0.06217857142857143,-0.04249999999999998,0.42817047116884693,0.23653029475780138,1.4728571428571435,-0.09964285714285692,4.444227931234166,0.7149883845294996,-0.003964285714285738,-0.017178571428571418,0.08631724431807745,0.05987512282331816,57.76805429506669,WARNING
Node02,137,2.286,3.388,36.84,1.553,37.7,WATCH,0.036,0.0021785714285714256,0.17674840876228567,0.5927380428965929,0.12682142857142858,0.06464285714285715,0.49344797574000115,0.340158269547405,0.9292857142857149,-0.5435714285714286,3.9033184904764355,0.48235027192785984,0.019107142857142847,0.023071428571428583,0.07341402487004134,0.09868096628763595,50.90129757607326,WARNING
Node02,138,2.697,3.333,38.41,1.88,41.1,WATCH,0.08996428571428572,0.05396428571428572,0.2979964844791039,0.8472090272793082,0.15092857142857147,0.024107142857142883,0.5160857256216996,0.3353836765638475,0.9799999999999996,0.05071428571428471,3.9314543534592046,0.4310240291191128,0.048892857142857134,0.029785714285714287,0.15573665195420364,0.26862745056018605,58.14684605978387,WARNING
Node02,139,2.809,3.505,49.21,1.617,44.7,WATCH,0.13364285714285715,0.04367857142857143,0.37329957330349506,0.8667466900238618,0.10921428571428574,-0.04171428571428573,0.4408149379544771,0.32669230858208004,2.0499999999999994,1.0699999999999998,5.97739631166168,0.86063641449261,0.05082142857142858,0.0019285714285714461,0.1564861168343849,0.17168027307516387,68.17940420424756,WARNING
Node02,140,2.643,3.739,46.22,2.215,45.6,WATCH,0.16267857142857142,0.029035714285714276,0.39658200377007236,0.8876233446627808,0.1840357142857143,0.07482142857142857,0.5006828194718546,0.4165641889891362,2.223571428571428,0.1735714285714285,6.199756523637113,0.7875836412235672,0.093,0.04217857142857142,0.2670847020988624,0.3771345179905722,71.37823226050081,WARNING
Node02,141,3.147,4.52,43.81,2.369,50.0,WATCH,0.20803571428571427,0.045357142857142846,0.474034005209793,0.9125891293971052,0.19749999999999998,0.013464285714285679,0.5390153721635137,0.37673219879121556,1.3139285714285711,-0.9096428571428568,4.869588816121463,0.8672090862696221,0.1400714285714286,0.0470714285714286,0.35399078545984247,0.426792498576665,73.83201808066735,WARNING
Node02,142,3.727,5.343,40.91,2.718,55.5,WARNING,0.23699999999999993,0.028964285714285665,0.5483003608555129,0.9225745188752122,0.37542857142857133,0.17792857142857135,0.8683897797209554,0.5570428335447228,0.41999999999999943,-0.8939285714285716,4.363556871570322,0.5754884909569883,0.2035357142857143,0.0634642857142857,0.4710199672241184,0.526003489438381,71.74431145388583,WARNING
Node02,143,2.88,4.431,49.97,1.855,48.7,WATCH,0.14928571428571427,-0.08771428571428566,0.45389294940967023,0.8833384713167093,0.29157142857142854,-0.0838571428571428,0.7508668324010589,0.4545888142283542,1.3924999999999996,0.9725000000000001,5.1449517559865,0.8554763955956969,0.11907142857142859,-0.0844642857142857,0.42302712960394445,0.3577883320523246,73.56159264228602,WARNING
Node02,144,3.339,6.231,51.37,2.109,57.3,WARNING,0.11257142857142854,-0.03671428571428573,0.3930292004176692,0.8601149738588566,0.4339285714285714,0.14235714285714285,1.050442514462584,0.5880192840604075,1.2532142857142856,-0.139285714285714,4.875664057336191,0.7965318309295338,0.05950000000000001,-0.05957142857142858,0.3671371224306617,0.33499746110238376,74.011120937443,WARNING
Node02,145,4.172,5.107,44.59,2.136,56.2,WARNING,0.18621428571428567,0.07364285714285712,0.5470858294288975,0.9151556519287634,0.3464642857142857,-0.08746428571428566,0.946861809196192,0.4874679230478479,0.0928571428571429,-1.1603571428571426,3.769715790727086,0.46899681997186804,0.029678571428571443,-0.029821428571428568,0.35300229326113314,0.23646572817558817,63.669519432471624,WARNING
Node02,146,4.377,6.445,57.24,2.272,65.4,WARNING,0.2451428571428571,0.05892857142857144,0.6500022344283939,0.9302872124636371,0.3635714285714287,0.017107142857142987,0.9816350063614714,0.4614690843535081,1.6100000000000005,1.5171428571428576,5.518541473976616,0.88408202497361,-0.0322857142857143,-0.06196428571428574,0.2655092142603395,0.37008350938745943,75.79119834185195,CRITICAL
Node02,147,3.4,7.399,49.6,2.873,62.8,WARNING,0.11967857142857143,-0.1254642857142857,0.5439371462288809,0.8878316619323157,0.41132142857142867,0.04774999999999996,1.093904605399523,0.4834639620304562,1.5946428571428577,-0.015357142857142847,5.512267271839281,0.776407541606205,0.032178571428571424,0.06446428571428572,0.35644327672690024,0.39897260796840994,72.79860963497669,WARNING
Node02,148,5.415,6.313,55.59,2.851,71.7,WARNING,0.25507142857142856,0.13539285714285715,0.839818801318248,0.9552358001841472,0.3235714285714285,-0.08775000000000016,0.9934013719108131,0.5111081558854317,1.7560714285714296,0.16142857142857192,5.737647186617111,0.8104075056824853,0.09278571428571429,0.060607142857142866,0.40743343014534295,0.4765439113599309,76.96088748200367,CRITICAL
Node02,149,4.486,6.985,58.76,2.13,67.5,WARNING,0.2927857142857143,0.037714285714285756,0.8622427014422773,0.9472239121660401,0.3613571428571429,0.03778571428571437,1.0342010488893392,0.46677002922738225,1.4221428571428574,-0.33392857142857224,4.997308799553538,0.8221033142897182,0.10878571428571428,0.015999999999999986,0.3917371567773474,0.2643021206914803,73.40655943452008,WARNING
Node02,150,3.695,6.798,65.77,3.032,68.2,WARNING,0.09764285714285716,-0.19514285714285717,0.7289768433189344,0.9279170800477222,0.19017857142857145,-0.17117857142857143,0.7275522236205716,0.5139248291125821,2.4960714285714283,1.073928571428571,6.899071711193503,0.8807370313960953,0.11914285714285713,0.010357142857142856,0.4119609320358055,0.3310294028371133,76.2622073466329,CRITICAL
Node02,151,5.884,8.607,72.58,2.467,84.5,CRITICAL,0.17350000000000007,0.07585714285714291,0.8881530327166652,0.926505165774084,0.38542857142857134,0.1952499999999999,1.0713935962545404,0.6318729672567173,3.935357142857142,1.4392857142857136,9.396818103815272,0.903572467281442,0.06321428571428571,-0.055928571428571425,0.3781735555207928,0.3688844935726021,79.79755749017183,CRITICAL
Node02,152,5.299,8.162,56.34,2.485,75.2,CRITICAL,0.21478571428571436,0.04128571428571429,0.922417734104498,0.9340281854842555,0.28757142857142853,-0.09785714285714281,0.8656093092096898,0.535629556656486,1.9085714285714281,-2.0267857142857135,7.519788180907375,0.916972555884591,0.00028571428571428595,-0.06292857142857142,0.3372424590565018,0.25848529790113156,76.87833453209532,CRITICAL
Node02,153,6.463,7.352,73.79,3.405,85.1,CRITICAL,0.3698214285714286,0.15503571428571422,1.1322810941592536,0.9705881010133895,0.18496428571428578,-0.10260714285714276,0.7906916200992888,0.511318904506895,3.138928571428572,1.2303571428571438,9.14861165631678,0.8941238338001668,0.0428928571428571,0.042607142857142816,0.42201619242236027,0.449332711302983,79.14467312763024,CRITICAL
Node02,154,5.552,8.812,87.17,3.091,90.1,CRITICAL,0.21317857142857144,-0.15664285714285714,0.9124691253746096,0.9489741899383921,0.3426785714285714,0.1577142857142856,0.9603785463976962,0.6140929249053648,4.120357142857143,0.9814285714285713,11.526496597384819,0.8989463036483437,0.09725000000000002,0.054357142857142916,0.44033791137088824,0.4789837268348923,81.27848975784565,CRITICAL
Node02,155,4.746,8.601,70.34,2.992,79.8,CRITICAL,0.18117857142857147,-0.03199999999999997,0.9279783967107773,0.8937859614832474,0.2721785714285715,-0.0704999999999999,0.8409845137581026,0.5254447279501383,2.812500000000001,-1.3078571428571424,10.35079385039299,0.9264856203286158,0.1300714285714286,0.03282142857142857,0.44728950888871155,0.41856239963375036,77.91929640047326,CRITICAL
Node02,156,7.157,10.807,79.64,2.727,89.2,CRITICAL,0.2986785714285714,0.11749999999999994,1.131194311967918,0.9685765262133017,0.45232142857142865,0.18014285714285716,1.274858012635506,0.6569678157485498,2.427142857142858,-0.38535714285714295,9.818889472653742,0.8453851332977409,0.0264642857142857,-0.10360714285714288,0.3429236344255365,0.3554392612424312,79.74843898302927,CRITICAL
Node02,157,6.549,11.201,76.37,3.459,90.6,CRITICAL,0.14264285714285713,-0.15603571428571428,0.8281501474169202,0.9405230979809157,0.5114642857142858,0.059142857142857164,1.4044468492545215,0.5656792530090513,1.9471428571428575,-0.4800000000000004,9.467132114647521,0.8447284030453588,0.10882142857142858,0.08235714285714288,0.4055678558691328,0.5605578235018218,79.69170965226057,CRITICAL
Node02,158,7.253,10.159,84.6,3.307,92.7,CRITICAL,0.2728214285714286,0.13017857142857148,0.960964074448651,0.9656128699002222,0.5601428571428572,0.04867857142857135,1.439862195787202,0.5466601275162887,2.9432142857142845,0.9960714285714269,10.275713855401737,0.8898990305225741,0.07892857142857145,-0.029892857142857138,0.3619465232797322,0.38921563099201006,78.89458046565056,CRITICAL
Node02,159,8.604,11.155,85.09,3.358,93.1,CRITICAL,0.4152857142857142,0.1424642857142856,1.2454896914180265,0.9752009115865246,0.5965357142857143,0.036392857142857116,1.489441138401214,0.5632159409041084,1.2424999999999993,-1.7007142857142852,6.355804246438652,0.9334365931883011,0.027071428571428587,-0.05185714285714286,0.26578858408248357,0.3359808197285829,79.9223505675098,CRITICAL
Node02,160,7.044,10.448,89.67,4.405,98.0,CRITICAL,0.4388571428571428,0.023571428571428577,1.2527986954928436,0.9485565428640912,0.3345714285714286,-0.2619642857142857,1.0663237469611813,0.5899218477471239,1.4985714285714284,0.25607142857142917,6.768909316376851,0.8436191430057424,0.18764285714285717,0.1605714285714286,0.5336092292340994,0.6373679960431018,81.36276120385669,CRITICAL
Node02,161,8.253,14.186,93.98,3.81,97.4,CRITICAL,0.4410714285714285,0.002214285714285724,1.2559772897552532,0.9337147973416391,0.5711071428571427,0.23653571428571413,1.6828260668971615,0.7278980722070826,3.560714285714286,2.0621428571428577,8.033827884401711,0.9129617148510609,0.20389285714285718,0.016250000000000014,0.5480119915267758,0.40791193552949023,82.75896227331535,CRITICAL
Node02,162,10.192,11.14,96.43,4.792,100.0,CRITICAL,0.4394285714285714,-0.0016428571428571126,1.2512192529879083,0.9475616667626435,0.2592142857142857,-0.311892857142857,1.3326823648995605,0.5821606426470024,3.237857142857144,-0.32285714285714207,7.301456475708575,0.853775697213637,0.2855357142857143,0.0816428571428571,0.704457237878922,0.6772412109914643,81.93984187778513,CRITICAL
Node02,163,8.427,10.621,81.84,4.63,95.8,CRITICAL,0.3986071428571428,-0.040821428571428564,1.2232846493491747,0.9598943164657543,0.11617857142857144,-0.14303571428571424,1.3459253853231026,0.5701957717244907,1.7485714285714293,-1.4892857142857145,6.995905605287656,0.9320912971345231,0.24767857142857141,-0.03785714285714287,0.6326166370905918,0.5503983687141271,82.37987249705762,CRITICAL
Node02,164,10.782,11.177,92.03,3.096,94.4,CRITICAL,0.4778928571428572,0.07928571428571435,1.3942431297165874,0.9698095230099248,0.09564285714285711,-0.020535714285714324,1.3461694862513727,0.4944974734991825,0.8053571428571438,-0.9432142857142856,5.4081772301193105,0.8485597415241392,0.08207142857142856,-0.16560714285714284,0.693078398643809,0.4901609319293401,78.12603943957535,CRITICAL
Node02,165,11.169,12.73,106.2,5.255,100.0,CRITICAL,0.5480357142857144,0.07014285714285723,1.5199187948233102,0.9714597175005426,0.09350000000000007,-0.0021428571428570437,1.3434383392729907,0.5063913308162714,1.9967857142857142,1.1914285714285704,7.9725481377990945,0.9114857537585772,0.13903571428571423,0.056964285714285676,0.7926619107550864,0.5904201008857826,81.30378158324704,CRITICAL
Node02,166,9.91,11.725,130.62,3.935,98.1,CRITICAL,0.5364285714285715,-0.011607142857142927,1.5132551794377704,0.9516986116049095,0.034142857142857065,-0.059357142857143004,1.3265425522225596,0.40590280868837514,5.1032142857142855,3.1064285714285713,15.878993910794463,0.9327874967783776,-0.007714285714285737,-0.14674999999999996,0.7179228636108743,0.42914325971081463,77.15140700971467,CRITICAL
Node02,167,11.789,14.802,111.07,8.262,100.0,CRITICAL,0.45664285714285713,-0.07978571428571435,1.3361001530752172,0.9691792292422627,0.18310714285714275,0.1489642857142857,1.6200316281451035,0.651031353958245,5.143214285714285,0.03999999999999915,15.914891798324641,0.8671261067473219,0.4381071428571429,0.44582142857142865,1.6757458751538785,0.7637629291237652,85.3981796856751,CRITICAL
Node02,168,7.961,13.461,141.19,5.691,100.0,CRITICAL,-0.03003571428571426,-0.4866785714285714,1.4052201996569111,0.9598877140416351,0.5668928571428571,0.38378571428571434,1.501169417170367,0.7582052233173727,8.261785714285713,3.1185714285714283,21.203477477594497,0.9434439575695072,0.38571428571428573,-0.052392857142857185,1.6360693605043013,0.62415954259321,87.60485278964173,CRITICAL
Node02,169,9.11,18.907,138.91,5.601,100.0,CRITICAL,-0.10617857142857146,-0.07614285714285719,1.443777188983318,0.947831003236941,1.1249285714285713,0.5580357142857142,2.834171391463557,0.8328091190227704,9.799999999999999,1.538214285714286,23.1670437105323,0.945695029457639,0.39678571428571435,0.011071428571428621,1.6397150158894482,0.513247606187165,87.52601459183201,CRITICAL
Node02,170,12.285,15.802,99.86,5.194,100.0,CRITICAL,-0.0556428571428572,0.05053571428571425,1.5311591314145911,0.9437981992537124,0.99875,-0.12617857142857125,2.6759831660086926,0.7069029345226757,3.552857142857142,-6.247142857142856,19.66249971997699,0.9405931405404184,0.31221428571428567,-0.08457142857142869,1.6202060421587186,0.6258914253920133,86.05378219710536,CRITICAL
Node02,171,14.25,18.489,148.9,7.428,100.0,CRITICAL,0.4040714285714285,0.45971428571428574,2.1142769787464326,0.9872052394144921,1.054857142857143,0.05610714285714291,2.77630926642857,0.6761159897944513,3.3721428571428573,-0.18071428571428472,19.310901929566455,0.8754416219863823,0.2277142857142857,-0.08449999999999996,1.4618466468982372,0.6501383315724,85.15422347640249,CRITICAL
Node02,172,13.558,17.478,156.28,7.047,100.0,CRITICAL,0.7210714285714285,0.31699999999999995,2.3409224270624196,0.9889709671197912,0.9633571428571431,-0.0914999999999998,2.6699507753621874,0.706676325683753,3.9753571428571433,0.6032142857142859,20.32706476362886,0.8808206422652206,0.2561071428571428,0.02839285714285711,1.4848688895143636,0.5712145906972647,84.97954399148767,CRITICAL
Node02,173,10.574,21.313,158.45,8.343,100.0,CRITICAL,0.45317857142857143,-0.26789285714285704,2.2897037654101315,0.9863446253628869,0.9696071428571429,0.006249999999999756,2.684871904366602,0.6715767046917615,6.511071428571428,2.535714285714285,22.52290981793131,0.9427120815643428,0.17078571428571424,-0.08532142857142858,1.305133381251565,0.6445062267957555,86.67940539299018,CRITICAL
Node02,174,13.339,14.54,158.77,5.371,100.0,CRITICAL,0.7262500000000001,0.27307142857142863,2.4097906449276776,0.9884916326793395,0.3473214285714285,-0.6222857142857143,2.7250545472915375,0.6546707359009141,5.2942857142857145,-1.216785714285714,20.733882782491445,0.9546434866336349,0.2277500000000001,0.056964285714285856,1.2181111646823575,0.6286507790032677,86.47699611266692,CRITICAL
Node02,175,16.099,22.971,157.83,3.124,95.4,CRITICAL,0.6928214285714286,-0.033428571428571474,2.3333170951815934,0.9728432281932387,0.44614285714285706,0.09882142857142856,2.9460105227239093,0.7082142702297045,6.576071428571431,1.281785714285716,21.408700278602804,0.9427675287765085,-0.22007142857142853,-0.4478214285714286,1.7368184377517084,0.6661219066495463,87.39068185489148,CRITICAL
Node02,176,12.831,20.519,192.55,5.83,100.0,CRITICAL,0.18274999999999997,-0.5100714285714286,1.7069663985311152,0.9781434558853519,0.7206071428571426,0.2744642857142855,3.0444857099509,0.7738008712419903,10.657857142857145,4.081785714285714,27.39090655500037,0.9545507594666186,-0.29914285714285704,-0.07907142857142851,1.7298540813771384,0.7165417981025806,89.86287893117543,CRITICAL
Node02,177,16.971,21.652,202.15,6.964,100.0,CRITICAL,0.43692857142857144,0.2541785714285715,2.1217544627029774,0.9866728715186802,0.6153214285714285,-0.1052857142857141,2.9064866534471934,0.7077922142357196,8.273928571428574,-2.383928571428571,20.618576344553727,0.9668312410619799,-0.3230357142857142,-0.02389285714285716,1.7134783336826875,0.6471758021270605,88.1064309004359,CRITICAL
Node02,178,17.578,22.703,163.94,8.787,100.0,CRITICAL,0.8694999999999998,0.4325714285714284,2.5340295221341873,0.9907521155361504,0.7975714285714285,0.18225000000000002,3.077607295719625,0.7643430278302666,5.1485714285714295,-3.125357142857144,19.038168554374185,0.9579994084778346,0.1043214285714287,0.4273571428571429,1.9262344464932464,0.684638192294617,89.66459015550615,CRITICAL
Node02,179,17.4,24.204,210.76,7.393,100.0,CRITICAL,1.0652857142857142,0.19578571428571434,2.7247477996006473,0.9880743579436502,0.845714285714286,0.04814285714285749,3.1469686699304473,0.6744034305534475,7.556785714285714,2.4082142857142843,23.181556194937553,0.9519143345146833,0.27935714285714286,0.17503571428571416,1.9470821637468083,0.7269871814530334,88.06987112047445,CRITICAL
Node02,180,16.774,23.152,169.08,5.585,100.0,CRITICAL,0.6304999999999998,-0.43478571428571433,1.9570441998074544,0.9900174075787992,1.0887857142857145,0.2430714285714285,3.2402813075998442,0.8038563623825605,3.8635714285714267,-3.693214285714287,22.023609842080617,0.9550546314029492,0.4334642857142857,0.15410714285714283,1.7956685716043534,0.722319564297945,90.89085913946279,CRITICAL
Node02,181,17.777,20.338,204.35,9.748,100.0,CRITICAL,0.4767500000000001,-0.15374999999999972,1.7088686315805555,0.9816190883113978,-0.0028928571428568717,-1.0916785714285713,1.43527691039876,0.6394602735925319,3.6153571428571403,-0.2482142857142864,21.678435851148965,0.8961365772504515,0.7075357142857143,0.2740714285714286,2.196339335392069,0.8026744273162546,86.7053992339507,CRITICAL
Node02,182,14.668,21.973,216.8,5.684,100.0,CRITICAL,0.22567857142857153,-0.2510714285714286,1.843712636425288,0.9820416111389756,0.07796428571428583,0.08085714285714271,1.3972923476359218,0.6092848335058998,2.9389285714285713,-0.6764285714285689,20.414927311721122,0.9301867765005634,0.06885714285714276,-0.6386785714285715,1.6260023428788837,0.5830436438895777,84.14293305640074,CRITICAL
Node02,183,19.731,26.622,196.1,5.279,100.0,CRITICAL,0.10132142857142881,-0.12435714285714272,1.5017291937724901,0.9471879944784658,0.34228571428571414,0.2643214285714283,2.0256597631859297,0.7556213185382676,2.8985714285714286,-0.04035714285714276,20.410248242815012,0.8775624162598545,-0.31807142857142867,-0.3869285714285714,1.7111829659206939,0.7574346659710772,87.2453804838966,CRITICAL
Node02,184,17.481,32.931,222.09,6.197,100.0,CRITICAL,0.08089285714285754,-0.02042857142857127,1.4970969049654552,0.9103654026697734,1.2264642857142856,0.8841785714285715,4.1713504151190985,0.8719858430969302,6.887500000000001,3.9889285714285725,22.861114312715547,0.9518012457507664,-0.42496428571428574,-0.10689285714285707,1.7428318635949667,0.784940749703477,91.02294325925286,CRITICAL
Node02,185,14.555,24.549,273.19,9.434,100.0,CRITICAL,-0.18453571428571408,-0.2654285714285716,1.8196574507569385,0.9827044489451687,0.9598928571428568,-0.2665714285714288,4.091948575294799,0.7483667748236781,10.180714285714286,3.293214285714285,31.659786721298282,0.9608200345544099,0.10278571428571426,0.5277499999999999,1.8688860955379911,0.6915810457419324,89.28032662745204,CRITICAL
Node02,186,23.089,27.534,211.74,5.43,100.0,CRITICAL,0.5469285714285712,0.7314642857142852,2.976500237975241,0.9906375121621903,1.1616428571428568,0.20174999999999998,4.199977755043131,0.8072324554082606,9.676785714285712,-0.503928571428574,31.649385911442714,0.9327615846007284,-0.020714285714285748,-0.1235,1.9534523041942704,0.5252807738433478,87.89769651138265,CRITICAL
Node02,187,18.824,28.382,260.89,6.292,100.0,CRITICAL,0.5288214285714286,-0.018107142857142655,2.9681746595380485,0.9653146355999542,1.1850357142857142,0.023392857142857437,4.219352951974193,0.7185584838522888,8.449642857142857,-1.227142857142855,29.17987287416415,0.9707365649773197,-0.2400357142857143,-0.21932142857142856,1.899797069363437,0.760225758742361,89.33155182054674,CRITICAL
Node02,188,25.424,27.689,296.76,8.055,100.0,CRITICAL,1.2879285714285713,0.7591071428571428,4.0681589494629185,0.9930571490375559,0.5453928571428575,-0.6396428571428567,3.396113436884945,0.7537760390446772,12.82535714285714,4.375714285714283,37.29090135421137,0.9647108340777331,0.29899999999999993,0.5390357142857143,1.5467532508605302,0.7398980437484041,90.37452445693141,CRITICAL
Node02,189,27.513,24.726,294.73,13.71,100.0,CRITICAL,1.5536071428571427,0.26567857142857143,4.593485122587051,0.9934273247837334,-0.44067857142857125,-0.9860714285714287,2.813191595391425,0.8960781470804022,15.461785714285714,2.6364285714285742,40.79894396392422,0.9664657820213659,0.9238214285714286,0.6248214285714286,3.013115995112037,0.8394842529390774,94.72235907396181,CRITICAL
Node02,190,20.73,41.48,270.13,3.807,97.7,CRITICAL,1.3570714285714285,-0.19653571428571426,4.564900875155998,0.9903125077700832,0.934142857142857,1.3748214285714284,5.928758386036657,0.8747487308902162,9.722142857142858,-5.739642857142856,33.13627640948383,0.9723588461449412,0.14310714285714296,-0.7807142857142856,3.2574760021774383,0.5671883518775841,90.86818154268941,CRITICAL
Node02,191,18.615,35.198,246.55,10.918,100.0,CRITICAL,0.5768214285714286,-0.7802499999999999,4.433799950381163,0.9902313559915391,2.006535714285714,1.072392857142857,6.196100559453271,0.8906259492761761,2.5250000000000017,-7.197142857142856,29.38179700491607,0.9600635264086241,0.3080000000000001,0.16489285714285715,3.4130771271962894,0.770525344341436,93.48251906367621,CRITICAL
Node02,192,21.54,42.028,294.91,8.945,100.0,CRITICAL,-0.34853571428571445,-0.925357142857143,3.3227131197547704,0.9880322127598755,2.5323214285714286,0.5257857142857145,7.116549267460351,0.8973110822636796,6.9357142857142895,4.410714285714288,31.48053812996819,0.9577451691212071,0.5553214285714286,0.24732142857142853,3.389371904167777,0.7834794593180828,93.67454684237636,CRITICAL
Node02,193,32.349,44.61,240.55,10.808,100.0,CRITICAL,0.8538928571428565,1.202428571428571,5.087868634123254,0.9929705598986874,3.1369285714285717,0.6046071428571431,8.025644454170761,0.9121774479555597,-4.032142857142852,-10.967857142857142,23.868647397190916,0.9505494005628229,0.4477142857142857,-0.10760714285714296,3.273564869126768,0.7683191866854923,93.73959939106419,CRITICAL
Node02,194,30.469,42.44,316.15,6.371,100.0,CRITICAL,0.914892857142857,0.0610000000000005,5.180109449110309,0.9844704638676123,3.020321428571428,-0.11660714285714358,7.888300489905769,0.842245545026421,-0.9075000000000009,3.1246428571428515,28.283140106531913,0.9338171549360696,-0.2042142857142857,-0.6519285714285714,3.26305947583815,0.752567482326342,91.4092875109662,CRITICAL
Node02,195,32.899,38.502,310.7,7.233,100.0,CRITICAL,1.7632142857142856,0.8483214285714287,5.940409986652757,0.9943803739437835,1.880714285714286,-1.1396071428571422,6.767214240101207,0.8673741812165935,4.783928571428567,5.691428571428568,30.095193968472767,0.9540934967376069,-0.5147500000000002,-0.31053571428571447,3.314800791256435,0.8113824565549721,93.46291137430396,CRITICAL
Node02,196,32.554,43.662,377.52,8.337,100.0,CRITICAL,2.6060357142857145,0.8428214285714288,6.3994808048332,0.9949746703906962,0.4845000000000003,-1.3962142857142856,3.2470864302808877,0.8218625870609965,16.84678571428571,12.06285714285714,47.30009820789159,0.9707895112476188,0.13021428571428567,0.6449642857142859,2.5233668268520018,0.6930010536893993,91.42733004136305,CRITICAL
Node02,197,35.507,38.222,319.31,12.903,100.0,CRITICAL,2.6162142857142863,0.010178571428571814,6.415130518658882,0.9797244334884475,0.2225714285714288,-0.2619285714285715,3.417804558484875,0.7089720105850746,16.20178571428571,-0.6449999999999996,46.8508750235915,0.9632030855820798,0.04157142857142869,-0.08864285714285698,2.3005041993938136,0.6493912904189455,87.89004591407283,CRITICAL
Node02,198,35.868,35.638,371.37,6.755,100.0,CRITICAL,1.8351785714285722,-0.7810357142857141,4.815283376915631,0.9948753164941162,-1.0972857142857142,-1.319857142857143,3.302585624858772,0.9419271514703893,16.009642857142854,-0.19214285714285495,46.50835188692559,0.9457471071547737,-0.014785714285714307,-0.056357142857142994,2.3675175365167385,0.4367052124588193,90.0698152306424,CRITICAL
Node02,199,35.3,44.993,291.67,12.508,100.0,CRITICAL,0.7949642857142857,-1.0402142857142866,2.0254602533980357,0.9933749977507296,-0.4548214285714283,0.6424642857142859,3.667007947320852,0.9234183447109295,9.728928571428574,-6.28071428571428,46.79913974585837,0.9733288567321198,0.4120714285714285,0.42685714285714277,2.7627875933039596,0.7968565043936383,94.9335085454388,CRITICAL
Node02,200,32.252,49.417,429.34,8.532,100.0,CRITICAL,0.480892857142857,-0.31407142857142867,2.035462881719325,0.9919823560529178,0.9246071428571432,1.3794285714285714,4.721034294465972,0.8829894449936471,10.548571428571432,0.819642857142858,48.95385562907563,0.9511274723242713,0.5518214285714286,0.1397500000000001,2.6849395931841036,0.7789436426388352,93.24435777337847,CRITICAL
Node02,201,32.33,37.845,417.98,8.589,100.0,CRITICAL,-0.0899285714285717,-0.5708214285714287,1.6512755387160263,0.985142302518665,0.5824999999999998,-0.3421071428571434,4.93803009692076,0.7602686222258485,14.208571428571432,3.66,53.79043019861786,0.9706916117483042,0.1451071428571429,-0.4067142857142857,2.450736808545933,0.6775959125559733,89.66882092119565,CRITICAL
Node02,202,38.136,49.157,338.35,14.184,100.0,CRITICAL,0.24200000000000013,0.33192857142857185,2.2459869715095135,0.987938409645626,1.053928571428571,0.4714285714285713,5.575084735636205,0.8739561885504367,4.921428571428576,-9.287142857142856,50.50766655620095,0.969613891535887,0.38178571428571423,0.23667857142857132,2.863502733499988,0.8031383727398652,93.72916693925865,CRITICAL
Node02,203,38.087,61.867,472.05,6.198,100.0,CRITICAL,0.3323571428571435,0.09035714285714339,2.3897807928961274,0.9817219307527404,3.2437499999999995,2.1898214285714284,9.17800824175454,0.9241770553435957,18.517500000000002,13.596071428571426,65.30446557326324,0.9743265790983684,-0.32771428571428574,-0.7095,3.197364837606416,0.7753808974037527,94.40410586915252,CRITICAL
Node02,204,31.678,49.759,504.84,14.509,100.0,CRITICAL,-0.039714285714285404,-0.37207142857142894,2.7587317565798073,0.981680311707994,2.7089642857142855,-0.534785714285714,8.718337278676588,0.8588477137301467,23.935,5.417499999999997,74.86533414834169,0.9768982654197782,0.5819285714285716,0.9096428571428573,3.4886946665179046,0.8239864274341974,93.70009458330982,CRITICAL
Node02,205,30.718,65.033,462.48,12.754,100.0,CRITICAL,-0.3263214285714282,-0.2866071428571428,3.094937256076062,0.9896200793361177,3.0294999999999996,0.32053571428571415,9.411284078169142,0.9153909212290777,25.625,1.6900000000000013,76.2241395959499,0.9764366591845146,0.3678928571428572,-0.21403571428571438,3.2340361999917593,0.7725714263565444,94.43678959443997,CRITICAL
Node02,206,50.3,65.584,388.17,15.622,100.0,CRITICAL,1.5879285714285711,1.9142499999999993,6.918355051531225,0.9952198437159063,3.695678571428572,0.6661785714285724,10.337406764708819,0.928660540474929,4.713571428571432,-20.91142857142857,55.852624357491436,0.9710975926841833,1.0687499999999999,0.7008571428571426,3.656357340304692,0.8534711297648007,95.75688801779573,CRITICAL
Node02,207,44.151,66.954,380.89,20.122,100.0,CRITICAL,1.8722142857142856,0.2842857142857145,7.236983089526687,0.9949882470059401,4.4052500000000006,0.7095714285714285,11.110969841086053,0.9326687017928068,-0.7571428571428608,-5.470714285714292,58.931517802243896,0.9397906359650544,1.572535714285714,0.5037857142857141,4.599360561146361,0.8808091566405462,95.38638817602447,CRITICAL
Node02,208,43.821,74.774,440.22,18.445,100.0,CRITICAL,1.7073214285714278,-0.16489285714285784,7.0602794427362285,0.9916424767665039,3.6732142857142867,-0.7320357142857139,9.349288116520652,0.8991096679584006,0.2364285714285716,0.9935714285714323,59.18096396002767,0.7987618054476188,1.490857142857143,-0.08167857142857082,4.481155234768735,0.8377264564084065,90.44240195978331,CRITICAL
Node02,209,49.156,68.549,575.78,12.815,100.0,CRITICAL,2.533071428571428,0.8257500000000004,7.872773704960902,0.9957985151501896,2.571321428571429,-1.1018928571428575,7.675848263965917,0.9034717422783297,3.5842857142857127,3.347857142857141,67.54427281773184,0.9621571029214437,1.2532499999999998,-0.23760714285714335,4.529289621584215,0.8310332390444606,94.72231658205803,CRITICAL
Node02,210,44.918,78.636,575.2,16.453,100.0,CRITICAL,2.504178571428571,-0.028892857142857054,7.856042875816465,0.9865768066556262,3.673321428571428,1.101999999999999,9.141000888201205,0.9338422659546817,17.490357142857146,13.906071428571433,80.4659999479224,0.9761258607413933,0.31346428571428564,-0.9397857142857141,2.7684763215272663,0.7857995450544782,94.91201036960558,CRITICAL
Node02,211,40.557,52.074,526.04,13.527,100.0,CRITICAL,0.8485000000000001,-1.655678571428571,6.489713626376817,0.9938998770210586,-0.39921428571428613,-4.072535714285714,8.425398328862558,0.9188216978865026,27.12964285714285,9.639285714285705,82.14163148982082,0.9781430486696958,-0.11878571428571437,-0.43225,2.8688709410132898,0.7925634692686063,94.91723991837715,CRITICAL
Node02,212,60.766,61.206,476.4,15.953,100.0,CRITICAL,0.9038214285714287,0.05532142857142852,6.658286616440197,0.9885812149299541,-1.394,-0.9947857142857137,8.721433190981967,0.957165318473095,24.641785714285707,-2.4878571428571448,81.8600818179294,0.983797729382381,-0.5067500000000001,-0.38796428571428576,2.564297852471604,0.8648846951827265,96.66270596109757,CRITICAL
Node02,213,43.495,66.811,511.51,22.317,100.0,CRITICAL,0.8329642857142853,-0.0708571428571434,6.706391812506717,0.9857126864662236,-1.5728571428571416,-0.17885714285714172,8.704641670916018,0.9394108463500718,14.802857142857139,-9.838928571428568,71.29536026445265,0.9817720514830727,0.08260714285714281,0.5893571428571429,3.4404386694279614,0.7623462020968242,94.85325537938058,CRITICAL
Node02,214,55.48,73.822,519.53,28.286,100.0,CRITICAL,1.4108214285714282,0.577857142857143,7.328329680408893,0.9952632094417625,-0.8486428571428567,0.7242142857142849,9.07759099310468,0.9547175796519284,0.37821428571427873,-14.42464285714286,49.158774201076056,0.9209114527421454,1.71525,1.632642857142857,5.441367470809241,0.899125706757325,95.61405521444901,CRITICAL
Node02,215,49.96,70.966,656.51,22.317,100.0,CRITICAL,0.9454999999999999,-0.46532142857142833,7.0636821067175655,0.9946268402077728,0.4414285714285709,1.2900714285714276,8.709336115423985,0.8770541984252922,4.154285714285712,3.7760714285714334,59.20771683938956,0.9657943424509945,2.1772142857142858,0.4619642857142858,5.656275061507227,0.8953972284694528,95.04445653732155,CRITICAL
Node02,216,45.105,66.096,529.18,12.398,100.0,CRITICAL,0.5028928571428567,-0.4426071428571432,7.230924810772658,0.9932062487820761,0.45642857142857196,0.015000000000001068,8.706519142081326,0.736522577171645,5.928928571428563,1.774642857142851,58.269110660304904,0.966028121066784,0.633857142857143,-1.5433571428571429,5.731627530017731,0.7977065084140649,90.78233917832272,CRITICAL
Node02,217,58.009,105.595,729.44,31.313,100.0,CRITICAL,0.9821071428571427,0.47921428571428604,7.787862302204323,0.9948277462930026,6.2320714285714285,5.775642857142857,16.834811649843733,0.9497854767415884,30.741428571428578,24.812500000000014,92.18493689576512,0.9818269292815696,1.651714285714286,1.0178571428571428,7.281393891282081,0.9023742454384508,97.09290723725059,CRITICAL
Node02,218,51.808,75.221,536.81,20.736,100.0,CRITICAL,-0.29360714285714246,-1.2757142857142851,6.443088079484868,0.9915470018811541,3.9959642857142854,-2.236107142857143,14.642358208456788,0.9176650726782816,22.38357142857143,-8.35785714285715,91.53165442569454,0.9842157461356154,0.5876071428571429,-1.064107142857143,6.541444729022568,0.8319670932003614,95.4899133071457,CRITICAL
Node02,219,47.044,92.731,722.27,24.307,100.0,CRITICAL,0.4054285714285716,0.699035714285714,5.359461406841977,0.9925968028387104,4.113821428571428,0.11785714285714244,14.810556453968582,0.9048084893936384,26.420357142857142,4.036785714285713,98.49573476382962,0.9809132672337348,-0.004785714285714552,-0.5923928571428574,6.015981430442466,0.644871329058171,92.77379663195386,CRITICAL
Node02,220,53.106,75.032,751.35,24.258,100.0,CRITICAL,-0.22324999999999967,-0.6286785714285712,4.546154445033213,0.9909314169592862,2.010178571428571,-2.103642857142857,14.010490780296093,0.9005877072166649,29.807500000000005,3.3871428571428623,103.84879821392349,0.9819042541083036,0.008357142857142539,0.013142857142857092,6.018807712970592,0.4196910755999427,89.79585960447693,CRITICAL
Node02,221,79.09,106.427,670.58,19.693,100.0,CRITICAL,3.300964285714286,3.5242142857142857,11.472130837485293,0.9968704666755992,3.9782500000000005,1.9680714285714296,16.78846261999166,0.94315144824338,17.120714285714293,-12.686785714285712,90.7163394743144,0.9845589890659397,0.3157857142857144,0.30742857142857183,5.718717921585804,0.8187919178181023,96.00801634876188,CRITICAL
Node02,222,75.495,75.731,923.17,21.212,100.0,CRITICAL,4.808214285714286,1.5072500000000004,13.525036942120135,0.9971439799488939,1.0849999999999993,-2.893250000000001,16.231780416090853,0.8831914618461446,45.67107142857143,28.550357142857138,135.57447607092112,0.9854604570405858,0.24014285714285727,-0.07564285714285712,5.728453701438443,0.7557556672270651,93.96011646460738,CRITICAL
Node02,223,82.966,99.804,743.36,13.456,100.0,CRITICAL,5.510392857142857,0.7021785714285702,14.77746713105882,0.9973726800660893,-0.09489285714285702,-1.1798928571428564,14.50660507854136,0.8692602728134017,27.2425,-18.42857142857143,114.53265905616699,0.9871554281667901,-2.044035714285714,-2.2841785714285714,5.43994184142581,0.8994797240119682,95.5456140383758,CRITICAL
Node02,224,62.466,126.741,942.14,19.028,100.0,CRITICAL,4.5073928571428565,-1.0030000000000001,14.574396733410861,0.9969548206174622,6.050178571428572,6.145071428571429,19.588257489531593,0.9531972890023241,51.071071428571436,23.828571428571436,140.98054067004796,0.9860615633343565,-1.066857142857143,0.9771785714285712,3.6860252628129446,0.881568575310371,97.062359517278,CRITICAL
Node02,225,92.216,137.0,727.16,32.289,100.0,CRITICAL,5.646857142857142,1.1394642857142854,16.54703409332664,0.9975135427152965,8.20007142857143,2.1498928571428584,23.681022062080892,0.9585280946238682,16.751071428571425,-34.32000000000001,105.66502187393445,0.9850191115481978,0.25889285714285737,1.3257500000000002,5.831692313393707,0.8432078843851027,96.67420522038637,CRITICAL
Node02,226,65.326,112.955,825.46,41.928,100.0,CRITICAL,1.7815357142857127,-3.8653214285714292,13.400867962294722,0.996061529536598,8.06875,-0.1313214285714306,23.60613648629364,0.9181025697207656,12.659285714285712,-4.091785714285713,102.96660473413789,0.984633356565393,2.714928571428571,2.4560357142857137,9.576657854735474,0.9247587757726602,96.80807359326846,CRITICAL
Node02,227,102.553,108.303,806.15,21.428,100.0,CRITICAL,2.1178928571428557,0.336357142857143,14.204191787403227,0.9968220081320022,4.188285714285714,-3.880464285714286,19.624146099712394,0.9302771802339005,6.967499999999997,-5.691785714285715,100.92691356101393,0.9814775318348712,2.338214285714286,-0.37671428571428534,9.650587766457296,0.8838718710742687,96.48439470532259,CRITICAL
Node02,228,67.447,112.357,844.5,47.694,100.0,CRITICAL,0.6389285714285712,-1.4789642857142846,14.990613926879774,0.9947271617746436,4.038928571428571,-0.1493571428571423,19.594034627916734,0.9020020384202238,-8.111071428571424,-15.078571428571422,81.79010753432343,0.9770713374834492,4.224642857142857,1.8864285714285716,12.789176132294727,0.9370891743227926,96.39629202012672,CRITICAL
Node02,229,80.151,124.411,751.14,24.657,100.0,CRITICAL,0.4233571428571433,-0.21557142857142786,14.945910426474208,0.9932343059500844,0.584142857142857,-3.4547857142857143,12.636754656085367,0.8872452260152688,-3.319642857142859,4.791428571428566,74.77028652893506,0.9610528230195411,2.8597857142857146,-1.3648571428571428,12.541681798440484,0.8962889714799777,95.11596722791963,CRITICAL
Node02,230,100.623,122.001,962.16,13.061,100.0,CRITICAL,3.302214285714286,2.878857142857143,17.063300166480943,0.9971934027758224,-1.4284285714285707,-2.0125714285714276,10.006173306419155,0.9685664734721536,4.537857142857141,7.8575,88.78564306398707,0.971871927111595,-0.978535714285714,-3.8383214285714287,12.622016411244056,0.8760705938744139,96.96310354531118,CRITICAL
Node02,231,94.066,125.85,825.58,18.049,100.0,CRITICAL,1.9193571428571445,-1.3828571428571417,15.26079393803113,0.9967335046448487,0.026785714285714284,1.455214285714285,9.919410751988583,0.8402886675429071,18.344642857142862,13.80678571428572,75.7438566737232,0.9799922625986867,-3.472321428571429,-2.493785714285715,12.750314502190207,0.923691602137197,95.0397091772462,CRITICAL
Node02,232,120.038,161.565,832.18,35.521,100.0,CRITICAL,6.440642857142858,4.521285714285713,20.01533028646269,0.9978779069886698,6.805999999999999,6.779214285714285,17.900742300384135,0.9592691199574103,6.309999999999994,-12.034642857142867,63.655014727828,0.9811998384850826,-2.164714285714286,1.307607142857143,12.969403800960974,0.9251394621617919,97.6464794512385,CRITICAL
Node02,233,100.056,133.701,952.0,39.975,100.0,CRITICAL,3.985928571428571,-2.4547142857142865,16.9394158779373,0.9974470751123868,6.287464285714285,-0.5185357142857141,17.49551901678446,0.9247502599933362,17.405357142857145,11.09535714285715,76.96732785502468,0.9809396056570606,0.8816785714285712,3.046392857142857,12.659882620008014,0.8956048094314302,96.51876470473003,CRITICAL
Node02,234,89.519,127.909,987.86,37.373,100.0,CRITICAL,4.480035714285714,0.4941071428571431,16.684030896410523,0.9972992379917213,3.742857142857143,-2.544607142857142,15.478170503740326,0.9329378111626744,25.065,7.659642857142856,88.20287879979558,0.9831632652864827,0.7904642857142852,-0.09121428571428603,12.583060527474833,0.8600245222282901,96.29203497921172,CRITICAL
Node02,235,83.585,138.973,1443.18,23.711,100.0,CRITICAL,-0.2112857142857147,-4.691321428571428,13.319615610069233,0.9924853443152228,2.2626071428571444,-1.4802499999999985,13.676353685937533,0.9254854705737697,80.49785714285714,55.432857142857145,228.09750484011377,0.9899496070082758,2.4182857142857146,1.6278214285714294,10.309220329856366,0.9009085425778788,96.70524142630978,CRITICAL
Node02,236,114.522,146.625,997.33,39.049,100.0,CRITICAL,-0.34942857142857164,-0.13814285714285696,13.079806922996116,0.9901301563308677,2.3736428571428583,0.1110357142857139,13.796063929700416,0.9084434945949804,53.44250000000001,-27.055357142857133,207.71966817713496,0.9907945172318691,3.2549999999999994,0.8367142857142849,11.060561158587621,0.9262372254787874,96.62752806084767,CRITICAL
Node02,237,108.166,182.607,1038.75,55.601,100.0,CRITICAL,0.5284642857142856,0.8778928571428573,13.413076091564353,0.9953023501687542,5.202250000000001,2.828607142857143,20.467180214977855,0.9582726981798967,52.1782142857143,-1.2642857142857125,207.40865866804162,0.9908979850658038,3.6945714285714284,0.43957142857142895,12.135423543141318,0.9388604601016894,97.98187425110056,CRITICAL
Node02,238,95.191,140.648,1590.76,24.131,100.0,CRITICAL,-1.1899285714285708,-1.7183928571428564,13.316644507997538,0.9957678736896834,1.920607142857143,-3.281642857142858,18.81904526321799,0.9224127935549137,87.81107142857142,35.63285714285713,281.73110914825287,0.990625924922287,-0.04435714285714302,-3.7389285714285716,10.814263103706626,0.7872530234666486,95.29178977684693,CRITICAL
Node02,239,125.075,151.53,1325.02,47.889,100.0,CRITICAL,3.9636428571428577,5.1535714285714285,14.55831057048402,0.9975911173538508,4.3785357142857135,2.4579285714285706,17.92398896265375,0.9524756578360959,68.58678571428571,-19.224285714285713,258.3403863768368,0.9924836446170904,1.0410000000000004,1.0853571428571434,11.612344695768092,0.9074355578956057,97.556817522445,CRITICAL
Node02,240,108.291,218.404,1488.81,64.532,100.0,CRITICAL,4.284464285714285,0.32082142857142726,14.678795112419174,0.997488447873342,10.379357142857142,6.000821428571428,31.606742165014637,0.968389434151516,66.42714285714284,-2.1596428571428703,255.3311537144319,0.9928007650759993,4.104107142857143,3.0631071428571426,15.334302901540406,0.9443514535185542,98.3711314382895,CRITICAL
Node02,241,140.626,174.31,1199.57,73.397,100.0,CRITICAL,6.270357142857144,1.9858928571428587,18.729416994460376,0.9980082862103655,7.803285714285713,-2.576071428571429,28.9760204849261,0.9522715424425436,19.228571428571406,-47.198571428571434,227.7515868534964,0.9885280287931407,6.868285714285714,2.7641785714285714,19.18097679001379,0.9545604904732701,98.06309256302765,CRITICAL
Node02,242,168.565,223.946,1633.18,19.945,100.0,CRITICAL,8.57675,2.306392857142857,24.741074099946584,0.9983289193808821,10.46875,2.665464285714287,33.78756811032016,0.9688121302072681,75.97285714285714,56.74428571428573,257.3829915940538,0.9903289633564426,0.6671785714285718,-6.2011071428571425,19.976178228556325,0.8346763253873792,96.9401569253953,CRITICAL
Node02,243,160.778,150.835,1664.19,35.41,100.0,CRITICAL,11.433392857142858,2.856642857142857,28.07673847901582,0.998433733164189,3.3592857142857153,-7.109464285714285,33.1917454490176,0.9355348675836433,65.56107142857144,-10.411785714285699,238.72243254457678,0.9931267558951784,-1.5513214285714287,-2.2185000000000006,20.243810377966092,0.928939227584573,97.5088835588696,CRITICAL
Node02,244,107.346,241.698,1408.7,60.412,100.0,CRITICAL,6.005178571428571,-5.4282142857142865,28.182230061478368,0.9978123855915166,10.975071428571429,7.615785714285714,41.251963478233655,0.9702487817324477,9.876071428571445,-55.684999999999995,171.8163131564249,0.9869984921406817,1.4034999999999993,2.954821428571428,20.706666876705608,0.9226756964256189,97.99457912341221,CRITICAL
Node02,245,132.798,189.795,1805.22,26.687,100.0,CRITICAL,1.4796785714285714,-4.525499999999999,23.818426758249483,0.9969778648580152,4.925285714285714,-6.049785714285715,36.12874293610085,0.9475379988348814,62.32142857142859,52.44535714285715,210.99151765843462,0.9901944635483125,-3.922607142857143,-5.3261071428571425,20.263629487335184,0.9379857276052872,97.76739487657,CRITICAL
Node02,246,164.035,260.152,1693.45,24.402,100.0,CRITICAL,3.2270357142857145,1.747357142857143,25.653203158391626,0.9977330719756572,6.213071428571427,1.2877857142857128,38.62376486852424,0.9660139858434144,57.16928571428573,-5.152142857142863,204.90603179669134,0.9928965629549981,-6.190821428571428,-2.2682142857142846,21.946436580261235,0.9432676030085446,98.3155148282632,CRITICAL
Node02,247,195.334,192.114,1560.82,60.602,100.0,CRITICAL,4.538714285714286,1.3116785714285712,28.46606311867151,0.9981080299934619,5.8851428571428555,-0.3279285714285711,38.77228652198444,0.9301158040641628,48.04714285714285,-9.122142857142876,202.75757574948844,0.9922389696013157,-1.3640714285714297,4.826749999999998,21.36244154050348,0.9323019612554266,97.40565933203698,CRITICAL
Node02,248,178.627,249.806,1587.78,84.437,100.0,CRITICAL,5.570964285714288,1.032250000000002,29.370372698966396,0.9981474732961378,6.378285714285715,0.49314285714285955,39.40724070100146,0.9628748781434553,-2.0782142857143038,-50.125357142857155,123.14658472150754,0.9771898287102566,7.423214285714285,8.787285714285714,24.201296541419307,0.9582018282511111,98.04926567191316,CRITICAL
Node02,249,183.954,204.842,1721.33,50.725,100.0,CRITICAL,9.808071428571433,4.237107142857145,30.8149084303593,0.9984567358163037,6.448428571428573,0.07014285714285773,39.38456475333356,0.9187116979173006,10.184999999999977,12.26321428571428,128.86589068078635,0.9828749038976705,4.568214285714286,-2.8549999999999986,21.645635917794475,0.932980487407974,96.94208160790065,CRITICAL
Node02,250,134.367,218.131,2352.38,44.233,100.0,CRITICAL,7.07025,-2.737821428571433,32.34146024179225,0.9981175493670852,-1.819749999999998,-8.268178571428571,28.447439497297133,0.9773269401703607,91.3425,81.15750000000003,301.7871065518744,0.9922299252734312,2.127642857142857,-2.4405714285714293,20.97194964708813,0.9122118773770813,98.15275951851112,CRITICAL
Node02,251,208.115,286.382,2407.91,80.568,100.0,CRITICAL,5.544107142857143,-1.5261428571428564,28.998612572722468,0.9983378385308632,7.801678571428575,9.621428571428572,37.1818329250545,0.9694959116603027,117.37285714285713,26.030357142857127,354.6197708747189,0.9928641605239957,6.836714285714286,4.709071428571429,23.798684773583204,0.9563156154928384,98.57046319621402,CRITICAL
Node02,252,144.389,214.737,1602.34,57.078,100.0,CRITICAL,-2.7727142857142844,-8.316821428571428,26.690556911351543,0.9972764183553346,0.7362857142857148,-7.06539285714286,33.875094019198286,0.9152468941150774,78.05178571428571,-39.321071428571415,369.3125963965254,0.9933623349382389,3.491285714285714,-3.3454285714285716,20.756111646131284,0.9313139949531469,97.08453814458414,CRITICAL
Node02,253,218.73,222.615,2384.32,64.117,100.0,CRITICAL,0.924035714285713,3.696749999999997,31.33651996055234,0.9971048228790343,3.6751785714285705,2.938892857142856,31.62961217864406,0.957682249606214,113.79285714285713,35.741071428571416,411.47908721378025,0.9927660687215392,-0.5117857142857132,-4.0030714285714275,14.793248289418417,0.9249768669397179,97.88591059342808,CRITICAL
Node02,254,174.392,233.685,2158.5,50.735,100.0,CRITICAL,2.3881785714285693,1.4641428571428563,30.677266995052122,0.9975868439428119,-0.5789642857142872,-4.254142857142858,27.652011432908715,0.9631422570820828,81.71785714285716,-32.074999999999974,379.1493872881142,0.9942757134615889,-2.1956071428571424,-1.6838214285714292,15.52393473532618,0.9448653264514072,98.30630108906192,CRITICAL
Node02,255,169.508,252.818,2487.17,78.977,100.0,CRITICAL,1.69025,-0.6979285714285692,30.81526555366442,0.9973982646758977,3.9738928571428573,4.552857142857144,27.980672089344615,0.9608432842874681,67.3632142857143,-14.35464285714285,355.7251207911873,0.994311181294734,2.903892857142858,5.099500000000001,14.278241826873037,0.9437528603167186,98.23935963239796,CRITICAL
Node02,256,218.303,378.21,2691.68,88.662,100.0,CRITICAL,7.307035714285715,5.616785714285715,34.73934207508144,0.9984396451307378,15.430607142857141,11.456714285714284,58.57662958568927,0.9778830503980451,61.87785714285713,-5.4853571428571755,345.6058542479803,0.9943690868410888,4.42007142857143,1.516178571428572,16.749941640267917,0.952526583301132,98.74135142332946,CRITICAL
Node02,257,225.001,368.999,2218.0,49.744,100.0,CRITICAL,5.330857142857142,-1.976178571428573,31.112857946820753,0.9983762850319435,21.607142857142858,6.176535714285716,68.36429614311008,0.9797456458462758,61.13571428571429,-0.7421428571428379,345.79817625314337,0.9895885301968387,-0.5158571428571425,-4.9359285714285726,15.629822193791068,0.9166483426480908,98.19996413133045,CRITICAL
Node02,258,165.07,279.638,2826.39,51.591,100.0,CRITICAL,4.231999999999999,-1.0988571428571428,32.110387788140486,0.9979994440788317,22.57128571428571,0.9641428571428534,68.30085954489466,0.9773980276241659,138.3103571428571,77.1746428571428,403.28373563015094,0.9936771415887693,-0.2600000000000003,0.2558571428571422,15.310324792051125,0.8860800042692393,97.85498107597016,CRITICAL
Node02,259,283.135,371.153,3134.0,104.236,100.0,CRITICAL,8.216571428571429,3.9845714285714298,42.04998771870043,0.9986600575220249,23.346464285714287,0.7751785714285759,69.4742723829682,0.9802523541640428,118.4160714285714,-19.8942857142857,349.2984338369589,0.995667966832079,3.3155714285714284,3.5755714285714286,21.42961599771503,0.9519572726558535,98.82318237337769,CRITICAL
Node02,260,286.115,280.301,2232.69,80.34,100.0,CRITICAL,18.185357142857143,9.968785714285714,51.6126305693259,0.9989488814260129,9.926642857142856,-13.419821428571431,61.59945966677058,0.9637446190254967,58.96214285714286,-59.45392857142854,366.1002523899703,0.9937858773451946,3.6522142857142863,0.3366428571428579,21.59884837758938,0.9476835968172503,98.37727536237753,CRITICAL
Node02,261,185.203,314.355,2990.01,84.302,100.0,CRITICAL,8.601535714285713,-9.58382142857143,50.25650249470212,0.9984640668076369,-0.3233214285714275,-10.249964285714283,51.8845571694186,0.9553154557546659,53.80500000000003,-5.15714285714283,358.2063283320702,0.9944004527369569,1.9222500000000002,-1.729964285714286,19.725211524003154,0.9312856832753504,97.9923911449345,CRITICAL
Node02,262,255.742,312.828,3211.35,80.558,100.0,CRITICAL,5.491642857142857,-3.1098928571428566,46.563340825262145,0.9984808852466804,-10.884678571428571,-10.561357142857144,42.9762478951206,0.988604762946458,89.6189285714286,35.81392857142857,403.5997374226339,0.9932054378545867,2.6268928571428583,0.704642857142858,19.762827652173762,0.9426265723424372,98.8143412490606,CRITICAL
Node02,263,217.525,320.553,3271.4,80.971,100.0,CRITICAL,2.1780000000000004,-3.3136428571428564,46.600236705407404,0.9978446255359972,-4.848428571428575,6.036249999999996,37.18756684891952,0.9863532284399313,135.2189285714286,45.599999999999994,445.12888475993,0.9940393067398994,4.702892857142858,2.076,19.216676840950516,0.9514843796379757,98.88447221776809,CRITICAL
Node02,264,330.149,421.408,2417.74,162.317,100.0,CRITICAL,11.915857142857144,9.737857142857143,59.47103214851348,0.9988814168871657,12.737035714285716,17.58546428571429,51.105419723771554,0.977692688258639,0.9824999999999916,-134.2364285714286,402.9762752203611,0.9763091266356516,10.209500000000002,5.506607142857144,34.58045281176443,0.9713908105120127,98.52856131935607,CRITICAL
Node02,265,293.21,441.197,3209.43,97.388,100.0,CRITICAL,5.3791071428571415,-6.536750000000002,49.19327330177224,0.998562713656564,17.805142857142858,5.0681071428571425,60.85634741750445,0.9801882590133085,31.349285714285674,30.366785714285683,421.7805154229818,0.9907095276702129,5.002821428571429,-5.206678571428573,29.628939208467244,0.950704115726556,98.6769201333792,CRITICAL
Node02,266,214.84,318.747,3907.54,102.92,100.0,CRITICAL,2.7355714285714265,-2.643535714285715,51.581959058237736,0.9979755037928536,17.057214285714288,-0.7479285714285702,61.28422538156983,0.9645995505647655,166.7778571428571,135.42857142857142,563.5406161472472,0.9948306433020004,6.273964285714285,1.2711428571428565,29.59127585318091,0.9597660619198494,98.55131448989812,CRITICAL
Node02,267,359.773,376.753,2884.95,131.439,100.0,CRITICAL,18.485392857142863,15.749821428571437,64.86523693525422,0.9990565701715598,11.417,-5.640214285714288,55.049156968156765,0.9694000449334311,36.25821428571424,-130.51964285714286,451.7385339415037,0.9935989005156881,7.233999999999997,0.9600357142857119,30.676583250172467,0.9653068833135747,98.72012821960831,CRITICAL
Node02,268,391.487,538.468,3322.89,82.539,100.0,CRITICAL,20.586500000000008,2.1011071428571455,69.17657607270584,0.999120625460653,24.52353571428571,13.10653571428571,83.3478838020841,0.98349337377106,37.5542857142857,1.2960714285714587,452.37479084325224,0.9913311969403917,1.6957857142857127,-5.538214285714284,30.888043894346037,0.9281994620284171,98.49029880472398,CRITICAL
Node02,269,363.358,446.871,3781.71,112.049,100.0,CRITICAL,22.3835,1.7969999999999935,71.01581945695521,0.9991131232355676,19.593928571428567,-4.929607142857144,77.88344257469434,0.9757479173337903,107.74107142857143,70.18678571428573,507.9553112139652,0.9940236837080643,-1.1525357142857149,-2.8483214285714276,28.887297129987612,0.9530398778876156,98.71089026347275,CRITICAL
Node02,270,274.445,576.102,2991.21,77.029,100.0,CRITICAL,5.351107142857144,-17.03239285714286,61.242154963484346,0.9985169446268012,24.826821428571424,5.232892857142858,88.59370562452906,0.9840385694171394,81.44000000000004,-26.30107142857139,517.5367888326763,0.9950528578116778,-8.818678571428572,-7.666142857142857,29.57649712750537,0.9692305710055285,99.10453934261591,CRITICAL
Node02,271,340.516,520.917,3257.43,133.06,100.0,CRITICAL,9.454035714285718,4.102928571428574,61.7034436524529,0.9988176683496559,29.42814285714286,4.601321428571435,91.97468058293724,0.9841265301456679,-28.282142857142844,-109.72214285714288,380.78981028158535,0.9913409026057094,1.280142857142857,10.09882142857143,21.927628484457248,0.9433168201696949,98.68902178212088,CRITICAL
Node02,272,365.111,520.81,4430.99,77.063,100.0,CRITICAL,10.544892857142855,1.0908571428571374,62.54512971561301,0.9988911052963371,33.291107142857136,3.862964285714277,94.17748192944758,0.9846929199137794,70.84392857142856,99.12607142857141,553.5811937135629,0.993692883306702,-2.8513928571428564,-4.131535714285714,24.347186876711728,0.957363125228322,98.94199610420641,CRITICAL
Node02,273,334.087,538.413,4345.08,117.683,100.0,CRITICAL,-5.451857142857149,-15.996750000000004,36.99289104872526,0.9984754429238781,18.703928571428573,-14.587178571428563,67.80109545680553,0.977352154356256,216.86821428571426,146.0242857142857,625.8120798838669,0.9954431275418674,-1.1146071428571414,1.736785714285715,25.039416902346662,0.9460901882162928,98.67630672670468,CRITICAL
Node02,274,369.83,468.126,3814.39,59.077,100.0,CRITICAL,-1.1731071428571482,4.2787500000000005,37.76041807425942,0.9971274181990585,-2.9726428571428545,-21.676571428571428,44.22801597350238,0.9860135212470457,144.32214285714284,-72.54607142857142,549.3066525088478,0.9962622795357187,-2.1101428571428573,-0.995535714285716,26.889111909576236,0.9478159662959602,98.86887818901003,CRITICAL
Node02,275,438.796,666.946,3316.67,121.132,100.0,CRITICAL,14.666249999999996,15.839357142857144,49.24403215183976,0.9990752928019212,16.491750000000003,19.464392857142858,72.73545044166828,0.9831227058587829,47.817499999999995,-96.50464285714284,550.0346749632288,0.9944640865286926,-0.8582857142857142,1.2518571428571432,28.061389302232147,0.9426628281247895,98.74556273102085,CRITICAL
Node02,276,348.267,531.229,5139.66,174.657,100.0,CRITICAL,15.098035714285713,0.43178571428571644,49.155738203039064,0.9989827832401857,3.741250000000008,-12.750499999999995,62.09914260507721,0.963593860039769,212.4010714285714,164.58357142857142,774.9407448898761,0.99574809425584,8.965785714285717,9.82407142857143,40.0940002357555,0.9712302321557607,98.72519236197971,CRITICAL
Node02,277,394.548,492.495,5425.84,75.85,100.0,CRITICAL,8.325607142857141,-6.772428571428572,36.49339593223227,0.9988967967685006,2.2894642857142906,-1.4517857142857173,63.38882217371948,0.9566639869843891,246.22000000000006,33.81892857142864,842.802030242543,0.9960295840655151,0.9645357142857139,-8.001250000000002,40.250550554057796,0.9130505426235552,97.841126853136,CRITICAL
Node02,278,492.927,708.229,5423.86,139.754,100.0,CRITICAL,17.24310714285715,8.917500000000008,56.07080110598267,0.9991640325064105,19.054428571428584,16.764964285714292,90.58245652600573,0.9842518821720152,230.90714285714284,-15.312857142857212,816.1390514985497,0.9972281750299485,7.85667857142857,6.892142857142856,41.007578473810355,0.9670266112248472,99.15294308144928,CRITICAL
Node02,279,488.674,676.181,4495.18,132.123,100.0,CRITICAL,23.775250000000003,6.532142857142855,64.96237085531021,0.9992378082255905,25.68067857142858,6.626249999999995,97.8666654958966,0.9852815490925423,206.37178571428575,-24.535357142857094,814.8515520925384,0.9968806276570155,5.692571428571426,-2.1641071428571435,39.022393227967136,0.9583870625017815,99.05768808012068,CRITICAL
Node02,280,559.172,509.454,5391.11,224.934,100.0,CRITICAL,29.01578571428572,5.240535714285716,76.11086826997524,0.9993242581380257,11.409071428571433,-14.271607142857146,100.64263266770061,0.9731836200197665,263.2635714285714,56.891785714285675,862.1661120468053,0.9960969541193758,17.30892857142857,11.616357142857144,56.426073167843754,0.9787748513836131,99.04277219312485,CRITICAL
Node02,281,523.019,570.083,6058.62,106.933,100.0,CRITICAL,27.450178571428577,-1.565607142857143,73.98030737072311,0.9993204255278085,-5.373321428571436,-16.78239285714287,88.58609525336409,0.9892497129299204,278.50321428571425,15.239642857142826,888.2184920845502,0.9963582379028997,4.079642857142856,-13.229285714285714,48.371142949962575,0.9498239003264847,99.02161704640655,CRITICAL
Node02,282,567.226,668.724,5134.6,147.019,100.0,CRITICAL,35.00228571428572,7.5521071428571425,82.25757537035435,0.9993653093111609,13.174499999999997,18.54782142857143,88.83392918383211,0.9819888938275813,43.48678571428575,-235.0164285714285,468.2672332018076,0.9953204923992934,2.3011428571428576,-1.7784999999999984,47.73238695357393,0.9485147690796433,98.82531524321814,CRITICAL
Node02,283,527.146,675.991,6177.38,217.976,100.0,CRITICAL,20.740607142857137,-14.261678571428583,58.00708839648906,0.9992634681390165,13.04928571428571,-0.12521428571428572,88.69779373618415,0.9667353096280649,115.69785714285717,72.21107142857142,564.9666943702248,0.9953064540186325,14.84707142857143,12.545928571428572,54.79978896553039,0.9774865655538754,98.86761205542835,CRITICAL
Node02,284,473.484,655.163,6156.38,204.932,100.0,CRITICAL,0.952464285714279,-19.78814285714286,35.807259666295664,0.9980543474787966,-0.01100000000000583,-13.060285714285717,70.95522911130719,0.9021375581617003,189.4803571428572,73.78250000000003,625.3442698340535,0.995943286303908,10.333035714285716,-4.514035714285715,47.18166162014745,0.9711025098366142,97.39891977281192,CRITICAL
Node02,285,545.559,833.878,4595.12,260.24,100.0,CRITICAL,0.12164285714285127,-0.8308214285714277,34.98365504400728,0.9948297803784646,31.08632142857143,31.097321428571437,101.21482594862043,0.987327758758998,69.61142857142856,-119.86892857142864,723.5392343427778,0.9957259173516533,16.263928571428572,5.930892857142856,56.381692675480934,0.9797346184565497,99.23150155106771,CRITICAL
Node02,286,658.342,985.815,5798.42,104.525,100.0,CRITICAL,8.887428571428563,8.765785714285713,56.629384842735725,0.9991048365938824,69.39685714285716,38.31053571428573,161.43347508788997,0.9907323325313395,-24.403214285714252,-94.01464285714282,600.1201263834402,0.9930124450647578,0.11785714285714326,-16.146071428571428,61.424975712924244,0.8661205027676631,97.89508915887399,CRITICAL
Node02,287,632.554,744.177,7284.81,237.642,100.0,CRITICAL,18.90178571428571,10.014357142857149,64.7048578970404,0.9992731006689017,46.941107142857156,-22.455750000000002,137.95986929521348,0.9850310988524731,122.2839285714286,146.68714285714285,854.7042896007397,0.9957128836411001,12.478678571428569,12.360821428571425,63.1068094552327,0.9771974041395546,99.26332035329942,CRITICAL
Node02,288,633.863,1026.922,6315.41,290.846,100.0,CRITICAL,21.270892857142865,2.3691071428571533,67.35617060324418,0.9992990351040336,55.057785714285714,8.116678571428558,154.84490939369903,0.9902517994887666,192.83321428571426,70.54928571428566,868.7200685107564,0.9960104688559182,13.228785714285715,0.7501071428571464,64.5477239947681,0.9795007547854779,99.41187771362989,CRITICAL
Node02,289,581.334,1039.907,5846.58,266.267,100.0,CRITICAL,20.36846428571429,-0.902428571428576,67.23004116677095,0.9992913718477435,62.34160714285714,7.283821428571429,166.0776531753688,0.9906576387563923,71.9767857142857,-120.85642857142857,799.9654643051491,0.9962026076739182,10.503678571428571,-2.7251071428571443,61.09929544718873,0.9743697623784093,99.35978577170043,CRITICAL
Node02,290,648.866,1075.013,5955.77,359.216,100.0,CRITICAL,20.472035714285717,0.10357142857142776,67.35493588198766,0.9986025731296575,61.16839285714283,-1.173214285714316,164.18770499021042,0.9882468828383774,86.36000000000003,14.383214285714331,797.3047045664598,0.9947935830738056,23.615250000000003,13.111571428571432,78.75465088216332,0.9842628022720835,99.3811989724729,CRITICAL
Node02,291,723.372,1056.814,6696.61,307.408,100.0,CRITICAL,16.54525,-3.9267857142857174,56.81852881092659,0.9993164780784636,40.81907142857142,-20.349321428571407,126.72740588290095,0.9866497419478999,185.0335714285714,98.67357142857138,840.6961539388765,0.9960659090207039,24.26825,0.6529999999999951,79.31908643513718,0.9832704715084446,99.38525639915431,CRITICAL
Node02,292,695.13,976.856,8581.55,319.317,100.0,CRITICAL,10.964392857142855,-5.580857142857145,45.99310859196604,0.9992127659160656,23.088857142857137,-17.730214285714283,112.60459418226405,0.983639702720228,243.33392857142846,58.30035714285705,1008.2908377782765,0.9967574087218972,30.4385,6.170250000000003,82.32584012267813,0.9846147317349115,99.35342096569302,CRITICAL
Node02,293,522.512,1115.988,8742.83,290.559,100.0,CRITICAL,-2.341214285714293,-13.305607142857149,67.26886497906315,0.9983941640001557,36.86457142857143,13.775714285714294,122.76303476714028,0.9894183839976948,348.44178571428563,105.10785714285717,1195.5296933776337,0.9971118278562803,9.172642857142861,-21.26585714285714,38.76399525701285,0.9743399690626351,99.33337805783873,CRITICAL
Node02,294,807.13,1077.999,7865.03,317.414,100.0,CRITICAL,16.01503571428571,18.356250000000003,93.79684320685548,0.9993154379335594,7.401285714285726,-29.463285714285703,44.2354166585145,0.978107389754983,466.6835714285714,118.24178571428575,1233.1935153456152,0.9972246296764343,3.15675,-6.015892857142861,29.37313264905614,0.966325447490618,99.0172032118536,CRITICAL
Node02,295,655.834,1300.937,8107.37,170.371,100.0,CRITICAL,12.113142857142858,-3.901892857142851,93.18553077035288,0.9992156562843418,30.294142857142862,22.892857142857135,101.59111060333498,0.989524349699124,451.6824999999999,-15.001071428571493,1218.5747766746276,0.9981076994821949,-13.86217857142857,-17.01892857142857,59.9715611586819,0.9810485905526637,99.46750753269954,CRITICAL
Node02,296,958.723,863.74,6336.66,331.893,100.0,CRITICAL,32.37482142857142,20.261678571428565,137.4005918138984,0.999486994141314,-1.5867857142857165,-31.88092857142858,133.45127879420832,0.9871733973393564,115.98821428571425,-335.6942857142856,1124.9748496257487,0.9968244486977158,-12.783785714285719,1.0783928571428518,60.753180662963366,0.9831508876109569,99.41855030289629,CRITICAL
Node02,297,983.931,1120.072,8363.36,147.731,100.0,CRITICAL,51.50660714285715,19.131785714285726,165.60830797784791,0.9995588549091987,5.303249999999975,6.890035714285692,134.99328861395117,0.9812560977539201,-4.463928571428434,-120.45214285714269,937.4980423776387,0.9901676357617233,-20.502392857142862,-7.718607142857143,76.59922847398349,0.9820050681252789,99.11028220797661,CRITICAL
Node02,298,731.613,934.321,8966.68,196.679,100.0,CRITICAL,42.28142857142858,-9.225178571428572,165.30198247190765,0.9994867041498714,-11.917714285714295,-17.22096428571427,145.03718399710303,0.9931972604552526,-40.42571428571413,-35.961785714285696,877.5277117751515,0.995056009090633,-22.824678571428574,-2.3222857142857123,78.80546281372703,0.9846533052891868,99.52061061474411,CRITICAL
Node02,299,631.513,1403.271,9286.74,379.692,100.0,CRITICAL,18.00235714285716,-24.279071428571417,171.4180882868105,0.9992915486428493,14.058142857142846,25.97585714285714,189.2206249502718,0.987282083214304,146.1078571428572,186.53357142857132,972.3392912186667,0.9963548521446585,0.11746428571428323,22.94214285714286,89.76159239499772,0.9288950658811679,98.7121395783703,CRITICAL
Node02,300,914.629,1401.059,8764.94,336.229,100.0,CRITICAL,1.669464285714298,-16.332892857142863,144.37781821994813,0.9987768941322185,44.44389285714286,30.385750000000016,217.60952742064876,0.9909557560940808,274.58892857142865,128.48107142857145,974.285029769694,0.9969020714724405,12.13832142857143,12.020857142857148,93.7503788271711,0.9802827352913432,99.44622831488265,CRITICAL
Node02,301,863.008,1632.545,10204.65,248.743,100.0,CRITICAL,6.4612857142857285,4.7918214285714305,145.60894291789455,0.999128028698163,84.02360714285716,39.579714285714296,276.80125735857075,0.9930113651955002,431.13499999999993,156.54607142857128,1198.9894684334329,0.9974720394375649,16.991035714285715,4.852714285714285,91.34994548412374,0.9795890129610753,99.50455316311916,CRITICAL
Node02,302,975.085,1138.899,7746.13,499.824,100.0,CRITICAL,-0.34799999999999287,-6.809285714285721,135.29031460617605,0.9978532061357996,82.75575,-1.267857142857153,277.29561384240844,0.9895276976147143,275.3303571428571,-155.80464285714282,1229.8859991866068,0.9977599507322885,30.191678571428575,13.20064285714286,118.92631217791164,0.9873658786767615,99.50451402757763,CRITICAL
Node02,303,1050.978,1249.341,9746.64,428.495,100.0,CRITICAL,32.84214285714286,33.19014285714285,149.61977832253902,0.9995098842380005,36.65132142857142,-46.104428571428585,230.6273453882031,0.987205260918704,93.80892857142842,-181.5214285714287,829.0397957850018,0.9972117861726164,47.05832142857143,16.866642857142857,127.73384949163781,0.9881360589599618,99.49324914173269,CRITICAL
Node02,304,807.851,1335.359,11911.12,374.365,100.0,CRITICAL,40.28928571428571,7.44714285714285,143.65823162250317,0.9994810665408457,22.610499999999984,-14.040821428571437,221.71730651955366,0.9856693260061429,311.9396428571429,218.1307142857145,1311.1601276023787,0.9974019882044016,28.36639285714286,-18.691928571428573,103.28424009891114,0.9835359721350047,99.40607471835565,CRITICAL
Node02,305,1198.424,1167.035,13198.49,389.888,100.0,CRITICAL,59.826678571428566,19.537392857142855,181.10231190025996,0.999614048217254,-43.68971428571428,-66.30021428571426,169.07566330069932,0.9958210342247822,627.4857142857143,315.54607142857134,1870.7170392455962,0.9979874148922124,10.236142857142855,-18.130250000000004,77.44071467780708,0.9781728618149078,99.5717382747081,CRITICAL
Node02,306,1064.176,1781.504,13459.73,552.428,100.0,CRITICAL,34.0085357142857,-25.818142857142867,133.80573175921518,0.9995371111650477,14.527678571428567,58.21739285714285,240.72023621613613,0.9886739542856677,865.6085714285715,238.12285714285724,2196.473228403943,0.9981882782255654,28.76528571428571,18.529142857142855,101.31435066451066,0.9877421263803379,99.54503106938037,CRITICAL
Node02,307,1008.17,1890.506,14343.78,267.28,100.0,CRITICAL,27.182642857142838,-6.825892857142861,130.58575494013775,0.9994927541195473,70.59953571428572,56.071857142857155,307.4711397968148,0.993106698966269,974.8728571428572,109.26428571428573,2374.2897745180458,0.9983009481289157,4.364714285714281,-24.40057142857143,111.8382357833977,0.9669550307466219,99.37593340238845,CRITICAL
Node02,308,964.77,1801.923,11475.36,334.381,100.0,CRITICAL,4.991571428571413,-22.191071428571426,118.49766092909456,0.9991400237080864,132.76953571428572,62.17,329.5129873332548,0.9941657517626203,783.235,-191.63785714285723,2304.8999424662566,0.9986275658493995,-22.882000000000005,-27.246714285714287,96.9363304398452,0.987896598870629,99.66477739427211,CRITICAL
Node02,309,1158.188,1553.676,13203.92,506.82,100.0,CRITICAL,15.900500000000003,10.90892857142859,129.24771710409067,0.9994168634207635,91.77157142857143,-40.99796428571429,293.09632997458607,0.9911580942371847,380.20035714285723,-403.0346428571428,1542.6143891227555,0.9984000703531848,1.157107142857139,24.039107142857144,98.08613026606479,0.9672773037253702,99.33922693627431,CRITICAL
Node02,310,1077.4,2019.13,15651.77,693.708,100.0,CRITICAL,22.456035714285736,6.555535714285734,130.138078706719,0.9994568124852797,101.60764285714286,9.83607142857143,309.8403751877347,0.9939950689999885,330.3014285714286,-49.898928571428655,1409.5316976790216,0.9984540965996371,34.78021428571428,33.623107142857144,146.66493253947763,0.9895318345838322,99.685654288859,CRITICAL
Node02,311,1139.716,1620.58,16564.07,264.424,100.0,CRITICAL,0.012214285714293283,-22.443821428571443,83.6948492936436,0.9926494262890491,53.537749999999996,-48.06989285714287,278.78366920547313,0.9898157933501972,476.46285714285716,146.1614285714286,1701.0453743283304,0.9980266301487436,5.20385714285714,-29.57635714285714,160.76735202666825,0.9684517557494053,99.1435849336603,CRITICAL
Node02,312,1468.664,1480.287,11381.82,534.1,100.0,CRITICAL,56.756642857142865,56.74442857142857,165.68337364124037,0.9996421923219999,-43.79628571428571,-97.3340357142857,192.52764063437257,0.9962465154175187,85.11642857142851,-391.34642857142865,1959.970693840672,0.9973227494693476,10.66539285714286,5.461535714285721,164.00091502459603,0.9833144712266072,99.63010397644086,CRITICAL
Node02,313,1250.053,1722.321,11384.01,410.49,100.0,CRITICAL,61.24875000000001,4.492107142857144,169.00972210793083,0.9996239640280186,-38.60439285714288,5.191892857142832,191.4606922624565,0.9965318335093295,-203.79428571428585,-288.91071428571433,2154.317088512539,0.9972612061091999,20.95257142857144,10.287178571428578,157.95393229085136,0.984635415891689,99.65097485319134,CRITICAL
Node02,314,1567.274,2084.21,13283.58,401.294,100.0,CRITICAL,85.08949999999997,23.840749999999964,215.26007003390103,0.9996922427562529,23.046714285714284,61.65110714285716,229.30318668875728,0.9907912959592828,-88.75392857142866,115.04035714285719,2116.237479348667,0.9959016548751297,-5.411749999999996,-26.364321428571436,142.26217755809668,0.982908134483178,99.47403814339553,CRITICAL
Node02,315,1677.733,1725.7,18425.16,322.142,100.0,CRITICAL,94.59714285714283,9.507642857142855,235.31899169030712,0.9997108650577756,26.713321428571437,3.6666071428571527,228.48919383044299,0.990412509458478,205.25999999999996,294.0139285714286,2683.824088258075,0.9975795106126194,-35.456999999999994,-30.045249999999996,143.9750866755707,0.9891924228237937,99.58937379659109,CRITICAL
Node02,316,1617.299,1612.689,15738.72,300.436,100.0,CRITICAL,99.79789285714284,5.2007500000000135,241.98895958523156,0.9997107323501155,-14.469999999999995,-41.18332142857143,221.284530037687,0.9949717533154415,210.17107142857134,4.9110714285713755,2686.9145592154227,0.9974202372342721,-42.756642857142865,-7.299642857142871,150.7896931882598,0.9894527889454897,99.68551254141,CRITICAL
Node02,317,1271.244,2349.039,13413.94,276.543,100.0,CRITICAL,39.98335714285714,-59.814535714285704,207.6031584854692,0.9995929498039057,87.6271428571429,102.0971428571429,306.39386140142597,0.9941350321359278,225.16285714285718,14.99178571428584,2678.57756245558,0.9972847338749996,-18.54710714285714,24.209535714285725,96.28968593161746,0.9836280642078472,99.5870081853506,CRITICAL
Node02,318,1655.573,2041.496,13135.49,418.702,100.0,CRITICAL,23.326214285714286,-16.65714285714285,177.88235744258992,0.9995751801858374,88.05507142857145,0.4279285714285521,306.7855292348464,0.9929640640342462,420.57178571428574,195.40892857142856,2506.2876063336994,0.9977264424213029,-25.53378571428571,-6.98667857142857,88.51280070109848,0.9894027523383483,99.64656282952375,CRITICAL
Node02,319,1265.662,2761.784,13701.23,430.621,100.0,CRITICAL,-6.537999999999995,-29.864214285714283,199.31246840218355,0.9992071026869292,130.58214285714288,42.52707142857143,408.3892508631581,0.9951572548632975,58.72357142857137,-361.8482142857144,2272.1014670857753,0.9972475113039964,1.7717857142857127,27.305571428571422,63.77390992255002,0.9689534900996639,99.41084132138438,CRITICAL
Node02,320,1376.953,2664.536,21802.9,610.107,100.0,CRITICAL,-48.45824999999998,-41.92024999999998,180.64482766072058,0.9995812794200776,151.49832142857144,20.91617857142856,439.38422420186663,0.9952923786340772,482.38821428571447,423.6646428571431,3323.8429803201916,0.9982623944425828,34.34510714285714,32.573321428571425,112.85697375418312,0.9888733430393994,99.70311185322433,CRITICAL
Node02,321,1300.912,1995.471,19144.17,258.869,100.0,CRITICAL,-57.74060714285713,-9.282357142857151,189.54993197471492,0.9995924299385465,118.77685714285712,-32.72146428571432,443.7680210460673,0.9926773422988341,520.452857142857,38.06464285714259,3368.2894538425094,0.9981992131928396,20.84289285714286,-13.502214285714278,123.69626921540326,0.9787696903163672,99.51739397523424,CRITICAL
Node02,322,1761.53,2622.739,16747.3,433.221,100.0,CRITICAL,7.621750000000004,65.36235714285714,207.9232293426728,0.9993980187621926,105.21621428571427,-13.560642857142852,425.10095564768073,0.9932812948372454,826.9146428571428,306.4617857142857,3264.930915424588,0.9983352029519889,19.800428571428572,-1.0424642857142885,123.07059964624253,0.982842762710181,99.5806698935579,CRITICAL
Node02,323,1375.459,3180.633,17344.11,614.937,100.0,CRITICAL,19.99317857142858,12.371428571428575,198.09810932801284,0.9994960981917409,103.2483928571428,-1.9678214285714688,420.2343521852674,0.9938017525387104,873.4667857142857,46.55214285714294,3280.155434628641,0.9983878735346932,31.159571428571432,11.35914285714286,141.10157646498766,0.9885875965263327,99.66882037618241,CRITICAL
Node02,324,2395.521,2683.857,24500.57,822.191,100.0,CRITICAL,100.85767857142858,80.86449999999999,400.57665626111236,0.9997583729952334,97.24942857142854,-5.9989642857142655,417.03576480235563,0.993192278724097,1297.3357142857144,423.8689285714287,4126.1511906474,0.9987740744714544,50.07903571428572,18.91946428571429,183.50516435693757,0.9912926758091847,99.7068949498547,CRITICAL
Node02,325,1549.332,2556.03,25212.73,1032.736,100.0,CRITICAL,105.8104642857143,4.952785714285724,399.69997789830416,0.9997102180067833,21.66221428571428,-75.58721428571425,349.3745461591395,0.9891253423265224,1361.777857142857,64.4421428571427,4250.039366321323,0.9988072230652469,92.37789285714287,42.298857142857145,261.35173095812763,0.9934470255743557,99.6475578478484,CRITICAL
Node02,326,1979.225,3105.093,20605.04,1107.054,100.0,CRITICAL,104.91596428571428,-0.894500000000022,398.6339543080069,0.999750268382265,89.42524999999999,67.7630357142857,391.2553985245686,0.9948550517580098,582.0289285714287,-779.7489285714285,3299.2701235071168,0.9988471769024219,122.41232142857146,30.03442857142859,308.8577322500103,0.9941591428651692,99.78043377614812,CRITICAL
Node02,327,2008.339,2442.232,23491.11,415.392,100.0,CRITICAL,97.55514285714285,-7.360821428571427,390.78425854841964,0.999746431933075,60.01385714285714,-29.41139285714285,402.24181853486846,0.9918016117104088,1022.3185714285718,440.2896428571431,3446.1938209891514,0.9986582194949406,79.82264285714284,-42.58967857142862,326.26711621205925,0.9884253452909231,99.63752601271986,CRITICAL
Node02,328,2214.374,3465.782,25962.01,875.17,100.0,CRITICAL,78.85699999999997,-18.698142857142884,360.4704510799873,0.999741343495508,52.62725000000002,-7.386607142857123,383.8198374217729,0.9927086425850901,1287.2357142857143,264.9171428571425,3779.4799610748914,0.9988028045702307,43.27214285714287,-36.55049999999997,276.43338833674443,0.9900445041585658,99.68100185863122,CRITICAL
Node02,329,2550.709,3797.121,25413.43,628.388,100.0,CRITICAL,129.3736785714285,50.51667857142854,427.89548794797787,0.999782006202867,117.83985714285718,65.21260714285717,499.43002539628446,0.9956703268225997,907.4721428571428,-379.7635714285715,3145.8482910784096,0.9990817093531154,-16.822607142857148,-60.09475000000002,246.53073254599857,0.9899933878879392,99.75143488722901,CRITICAL
Node02,330,2265.969,3879.585,29066.9,982.881,100.0,CRITICAL,66.04453571428567,-63.32914285714284,328.48272699177403,0.9997300291344646,229.64482142857145,111.80496428571426,594.6641249175073,0.9964869696288773,694.9057142857145,-212.56642857142833,2563.9551477272653,0.9990635625339386,-19.94678571428573,-3.1241785714285832,243.40235223997402,0.9922105346795581,99.79526900932228,CRITICAL
Node02,331,2882.041,2624.407,21914.29,336.948,100.0,CRITICAL,182.64232142857145,116.59778571428578,428.4123109881859,0.9998139377740962,111.03585714285715,-118.6089642857143,602.5173513680905,0.9933901031070901,319.6685714285716,-375.2371428571428,2804.964127517838,0.9986581439644423,-75.81121428571431,-55.86442857142858,308.85023710583965,0.9915484162031627,99.71282008194872,CRITICAL
Node02,332,1919.616,4448.344,23769.52,712.579,100.0,CRITICAL,57.863285714285745,-124.7790357142857,349.18791635116287,0.9996973362869674,171.7109285714286,60.67507142857146,718.4118188894166,0.9963960582412397,337.31035714285724,17.641785714285618,2798.9062187303844,0.9981395468010799,-44.02150000000001,31.789714285714304,286.0388135986177,0.9916913722443547,99.76232175248708,CRITICAL
Node02,333,2078.634,4125.913,29918.98,1079.695,100.0,CRITICAL,-1.6892499999999668,-59.55253571428571,337.69629880792513,0.9990483473340501,208.69474999999994,36.98382142857133,752.6313668108837,0.9964835021103517,407.12464285714293,69.81428571428569,2949.7238479155812,0.998414244431595,49.15310714285713,93.17460714285714,280.03449332027446,0.9922479077358515,99.76173133350102,CRITICAL
Node02,334,2590.85,4423.217,35445.04,1071.636,100.0,CRITICAL,-5.752678571428548,-4.063428571428582,332.9906922239863,0.9994030756469237,146.38028571428563,-62.31446428571431,633.9258228927403,0.995181367919761,1148.671785714286,741.5471428571431,4529.908861722748,0.9989230947622759,43.63249999999999,-5.520607142857138,271.2726126316477,0.9909272118885185,99.73924336530813,CRITICAL
Node02,335,3418.943,4206.403,34633.08,833.395,100.0,CRITICAL,87.53775000000003,93.29042857142858,510.60338043627604,0.9997851800411679,136.30771428571424,-10.072571428571393,626.03141963076,0.994965657128416,1729.282857142857,580.611071428571,5218.502334931975,0.9990373751216072,54.83135714285714,11.198857142857143,270.1204435453615,0.9915754315488009,99.7555821228768,CRITICAL
Node02,336,3143.677,4324.285,29127.08,536.019,100.0,CRITICAL,156.36292857142857,68.82517857142854,561.3649883060125,0.9998125383733624,159.74874999999997,23.441035714285732,639.0553172978213,0.9962704177867991,1331.9157142857146,-397.3671428571424,5026.449041446845,0.9992301935686084,0.40589285714286155,-54.42546428571428,282.2552419978869,0.9515643615940614,99.27878165281402,CRITICAL
Node02,337,3498.445,4281.226,28627.14,747.5,100.0,CRITICAL,201.34439285714285,44.98146428571428,623.7377255961112,0.9998343926862038,171.5296071428571,11.780857142857116,643.9725140808196,0.9963324760427164,1270.2775000000001,-61.63821428571441,5030.042875338899,0.9992130758543948,22.579857142857144,22.17396428571428,269.64590691974433,0.9884899658786047,99.7510226286452,CRITICAL
Node02,338,2392.062,5183.215,26976.32,967.814,100.0,CRITICAL,171.77810714285715,-29.566285714285698,639.0340855352002,0.9998022015744897,86.2966785714286,-85.23292857142849,352.00520768245957,0.9947448385710328,25.66999999999994,-1244.6075000000003,4111.0838785873675,0.9973992424474324,-15.510785714285706,-38.09064285714285,201.66505181352662,0.9915469853817979,99.70918870581139,CRITICAL
Node02,339,3258.53,4584.964,32779.49,710.049,100.0,CRITICAL,115.05764285714288,-56.72046428571427,554.1715716733875,0.9998059049667971,106.1418571428572,19.845178571428605,357.1031559145662,0.9958949401568143,-512.9232142857146,-538.5932142857146,3229.6644386412363,0.9987085676402965,-50.08846428571428,-34.57767857142858,201.95404219442267,0.9931514766348397,99.7875678569074,CRITICAL
Node02,340,3952.781,4034.814,40992.37,872.399,100.0,CRITICAL,107.61971428571428,-7.4379285714286,537.1403623136845,0.9998184593275807,16.101535714285724,-90.04032142857147,372.1013862106735,0.9903095745502802,385.1446428571427,898.0678571428573,4867.265477079165,0.9986004738163823,-14.735999999999999,35.352464285714284,176.1084966052786,0.9894914376679154,99.61977708463043,CRITICAL
Node02,341,2472.162,4491.649,37281.66,1722.552,100.0,CRITICAL,-52.21607142857148,-159.83578571428575,560.1909392992291,0.99968534953422,20.733357142857162,4.631821428571438,372.66883604424385,0.9932554735617617,1279.5953571428574,894.4507142857148,5087.3006580630345,0.9989807927241597,117.95642857142856,132.69242857142856,382.3301832507753,0.9951553144949413,99.76089570058662,CRITICAL
Node02,342,2839.75,4238.328,31952.42,769.568,100.0,CRITICAL,-50.12957142857147,2.086500000000015,558.7509047392697,0.9996272040228831,-35.19378571428562,-55.92714285714278,369.460998362415,0.9975007638471032,1421.4682142857143,141.8728571428569,5037.21591039043,0.998941464085578,91.26199999999999,-26.694428571428574,385.2896781398936,0.9915536896518493,99.80270181157779,CRITICAL
Node02,343,3121.045,4155.732,46277.1,1676.646,100.0,CRITICAL,-36.54257142857144,13.587000000000025,558.3838932445602,0.9996071849164493,-84.2703928571428,-49.07660714285718,384.09735110943654,0.9980585133746385,2407.2946428571427,985.8264285714283,6922.148131174929,0.9992347938105721,121.55174999999998,30.289749999999998,441.03727542254614,0.9951400734557804,99.86724980331131,CRITICAL
Node02,344,3962.982,4016.019,31233.64,1024.648,100.0,CRITICAL,118.74139285714286,155.2839642857143,638.727459973978,0.9998165563288219,-148.44778571428574,-64.17739285714295,412.5827192607217,0.9983359346598233,1097.4010714285712,-1309.8935714285715,6585.120952421741,0.9992094079358056,71.45946428571428,-50.09228571428571,419.52740384542903,0.9920069687829773,99.83788955225221,CRITICAL
Node02,345,4042.389,5148.739,48628.19,750.101,100.0,CRITICAL,107.88792857142857,-10.853464285714281,619.7502840546421,0.9998204154821742,47.06492857142852,195.51271428571425,401.5434867885241,0.9950314369680446,1322.2885714285715,224.88750000000027,7060.887421388606,0.9991044399525462,13.526714285714283,-57.93274999999999,439.112961523895,0.9849509237837774,99.67512612739947,CRITICAL
Node02,346,3298.111,6293.364,42721.63,1747.724,100.0,CRITICAL,82.13128571428572,-25.75664285714285,618.6526621170974,0.9997864163674686,280.98289285714276,233.91796428571425,833.1092997699868,0.9973380305841111,970.0735714285709,-352.2150000000006,6722.135329694264,0.9992874464278426,33.43403571428571,19.90732142857143,469.4286946166331,0.9929896114432923,99.83043419709477,CRITICAL
Node02,347,4717.507,6014.917,54108.57,1159.395,100.0,CRITICAL,306.21789285714283,224.0866071428571,781.8040606975271,0.9998723464725406,345.46010714285705,64.4772142857143,929.6772590250262,0.9974462398229932,2656.0799999999995,1686.0064285714286,8641.321277171406,0.9993074802078276,-23.56085714285714,-56.99489285714286,445.5934892203559,0.9931151724928847,99.83703662587229,CRITICAL
Node02,348,4703.663,5119.724,51415.67,680.871,100.0,CRITICAL,289.99257142857135,-16.225321428571476,750.2944941813878,0.9998753032453352,308.56796428571437,-36.89214285714269,912.9102342408145,0.9963883542974838,3055.0242857142853,398.9442857142858,9065.907388687945,0.9993205062952634,-20.625607142857138,2.9352500000000035,440.9951988724723,0.9893780698701737,99.76731606295151,CRITICAL
Node02,349,4458.128,7580.71,42716.03,1300.791,100.0,CRITICAL,220.27603571428563,-69.71653571428573,642.2654314875994,0.9998612752282091,476.7329285714286,168.16496428571423,1258.1072405246587,0.9979097602760302,1255.758214285714,-1799.2660714285712,7507.898889934584,0.9993404681300884,-50.20803571428571,-29.58242857142857,416.5616522891957,0.9947816235658068,99.86869256196626,CRITICAL
Node02,350,3469.052,6270.753,47233.56,777.599,100.0,CRITICAL,26.97285714285712,-193.3031785714285,568.1640656217263,0.9997084377575374,373.37514285714286,-103.35778571428574,1136.3810887762459,0.9968851041547596,1602.481428571428,346.723214285714,7537.288300323614,0.9991434350741113,-25.236428571428558,24.97160714285715,378.93193607201505,0.9905716197248233,99.78431937198718,CRITICAL
Node02,351,4617.345,7909.908,62072.67,1384.944,100.0,CRITICAL,64.54896428571432,37.5761071428572,596.3178328108577,0.999794393893879,350.1456428571429,-23.229499999999973,1082.0156435534036,0.9971388966644227,1355.8842857142852,-246.5971428571429,6831.61469494689,0.9994552094398255,3.774107142857141,29.010535714285698,396.89534994702495,0.9851402628002147,99.73060478983118,CRITICAL
Node02,352,4942.298,7014.351,41591.09,1518.449,100.0,CRITICAL,124.91521428571434,60.36625000000002,654.2378262450931,0.9998364150903845,253.71328571428572,-96.43235714285717,964.8233185384871,0.996675020720052,298.37392857142834,-1057.5103571428567,7522.856340461001,0.9989730783850759,-4.99996428571427,-8.77407142857141,385.4052393229383,0.9903202806370268,99.77556985204744,CRITICAL
Node02,353,4740.983,6005.593,63755.49,1036.659,100.0,CRITICAL,25.24696428571438,-99.66824999999996,486.0889119676612,0.9997415921585577,146.08857142857136,-107.62471428571436,985.9914121677588,0.995795904732362,1023.1514285714283,724.7774999999999,8770.396730331775,0.9991437908253625,49.682178571428594,54.682142857142864,310.956247645794,0.9921307909206024,99.78190782589033,CRITICAL
Node02,354,4176.594,8307.843,52891.15,1036.775,100.0,CRITICAL,16.348178571428644,-8.898785714285737,492.64631211515893,0.9996883416794798,255.6328928571429,109.54432142857155,1143.2767652132518,0.9975825987008737,1459.3889285714288,436.2375000000005,8729.93393241978,0.9991627811990852,45.7249285714286,-3.957249999999995,311.99482678930065,0.9909195968095225,99.80355871511838,CRITICAL
Node02,355,5320.411,7518.307,46449.87,2388.572,100.0,CRITICAL,147.34182142857145,130.99364285714282,591.9632408355067,0.9998493994341638,70.80914285714289,-184.82375000000002,846.1648512838048,0.995280504608171,864.268571428572,-595.1203571428567,8952.769293562056,0.9992895915486811,122.62178571428574,76.89685714285713,521.9481695815892,0.9958638301305757,99.82501882715103,CRITICAL
Node02,356,4690.557,8991.771,47220.65,3186.564,100.0,CRITICAL,153.74796428571426,6.406142857142811,593.6377484105942,0.9998426357481907,309.76228571428584,238.95314285714295,1079.6133118694245,0.9977972951774388,-713.7239285714277,-1577.9924999999998,8406.806919987375,0.9990073595981112,312.5884642857142,189.96667857142847,866.0688595770794,0.9972525831342384,99.8888378388128,CRITICAL
Node02,357,6930.067,6817.476,69374.76,1889.935,100.0,CRITICAL,250.50399999999996,96.7560357142857,893.8146140381897,0.9998859660761549,78.22349999999999,-231.53878571428584,998.3894349281942,0.9952135013328702,566.4203571428573,1280.144285714285,10414.716037179816,0.9990158687162018,221.53985714285713,-91.0486071428571,784.2446970786605,0.9956634452441794,99.81499261739188,CRITICAL
Node02,358,5874.2,9206.197,71784.79,1324.601,100.0,CRITICAL,274.5656071428571,24.061607142857156,916.0934264194632,0.9998804938306515,317.2582857142857,239.0347857142857,1187.402914583456,0.997836028289665,3433.8978571428565,2867.477499999999,12066.428257973597,0.9994353680608505,116.9570357142857,-104.58282142857144,789.5911599179786,0.9938468858525533,99.85811787400874,CRITICAL
Node02,359,4605.374,9288.307,51237.77,3068.988,100.0,CRITICAL,164.21574999999993,-110.34985714285719,942.761821964038,0.999850698655793,390.8578214285714,73.59953571428571,1277.9182900356236,0.9979751406786008,827.107499999999,-2606.7903571428574,10586.289609753107,0.9993112446612845,220.50007142857137,103.54303571428568,915.15985118729,0.9968983720399486,99.89605553751508,CRITICAL
Node02,360,5137.784,9186.824,64237.95,2706.286,100.0,CRITICAL,94.18353571428565,-70.03221428571428,922.9019717203112,0.9998320790378967,228.2631785714286,-162.59464285714282,971.2914075014478,0.9969594745722149,2435.0121428571415,1607.9046428571423,10635.0298824321,0.9993420029146683,160.97864285714286,-59.521428571428515,839.6503881159337,0.9959386949540661,99.86254628511432,CRITICAL
Node02,361,7502.509,10327.98,74953.54,917.557,100.0,CRITICAL,182.71624999999997,88.53271428571432,1115.5048599849308,0.9998790433146323,403.2127142857143,174.9495357142857,1189.3848712360282,0.9980872795307782,3621.7364285714275,1186.724285714286,12166.065891874157,0.9994550062727114,-149.80528571428573,-310.7839285714286,868.5701806945766,0.9955970007745258,99.8862347143815,CRITICAL
Node02,362,6281.042,7529.04,68687.8,2849.013,100.0,CRITICAL,184.99725000000007,2.281000000000091,1116.8136333924895,0.9998694607497978,93.33721428571423,-309.8755000000001,1187.5191985549018,0.995656984975538,2429.006071428572,-1192.7303571428556,10613.577170966753,0.9995629618618016,-56.275857142857134,93.5294285714286,901.0182408177347,0.9958479263624694,99.84029876844745,CRITICAL
Node02,363,7887.148,8211.602,54944.19,2713.381,100.0,CRITICAL,235.07364285714291,50.07639285714285,1208.5960259839278,0.999890343367402,66.70489285714292,-26.632321428571302,1199.126958404302,0.9953817378772138,-920.3542857142844,-3349.360357142856,8840.595498814382,0.9991407724346104,120.27610714285713,176.55196428571426,836.9261334176847,0.9960710553947608,99.82706133912531,CRITICAL
Node02,364,7071.273,11508.843,70830.52,1927.003,100.0,CRITICAL,403.5008928571429,168.42725,1221.644358385646,0.9999020533295361,110.59800000000006,43.89310714285713,1308.6113612815832,0.9973165538152926,321.42428571428746,1241.778571428572,8975.880878100355,0.998844587092259,44.239964285714265,-76.03614285714286,834.6779872938454,0.9930482302133433,99.82238103455087,CRITICAL
Node02,365,8939.245,10314.346,86365.22,1435.481,100.0,CRITICAL,616.1867857142859,212.68589285714296,1536.7511341588695,0.9999223711623222,200.20632142857136,89.6083214285713,1358.2572868393668,0.9976398918374323,3519.933571428573,3198.5092857142854,11947.689812851846,0.9994842756465933,-166.54510714285718,-210.78507142857143,815.7970810887379,0.9965102885128032,99.89022337371102,CRITICAL
Node03,1,1.061,0.284,26.54,0.677,16.7,NORMAL,0.0,0.0,0.0,0.1918054587910407,0.0,0.0,0.0,0.028179680642995766,0.0,0.0,0.0,0.05749929086473188,0.0,0.0,0.0,0.14242092788882812,23.77195616046842,NORMAL
Node03,2,0.93,0.509,26.66,0.498,16.1,NORMAL,-0.1309999999999999,-0.1309999999999999,0.09263098833543766,0.46362429713572123,0.22500000000000003,0.22500000000000003,0.1590990257669732,0.19925090442651347,0.120000000000001,0.120000000000001,0.0848528137423864,0.05391216323681587,-0.17900000000000005,-0.17900000000000005,0.12657211383239203,0.36664494757737837,37.10598454017468,WATCH
Node03,3,0.995,0.636,24.73,0.403,15.9,NORMAL,-0.032999999999999974,0.09799999999999992,0.06550063612922646,0.20705703045822754,0.17600000000000002,-0.049000000000000016,0.17825917461194904,0.1414857806820656,-0.9049999999999994,-1.0250000000000004,1.0813109327724992,0.13338783151793196,-0.137,0.04200000000000004,0.13912943613772033,0.050950995708929726,27.33754201517482,WATCH
Node03,4,0.928,0.113,24.67,0.45,14.2,NORMAL,-0.03339999999999997,-0.0003999999999999976,0.06319546397223981,0.01390372942242754,-0.038599999999999995,-0.2146,0.23278101297141915,0.09231884945826822,-0.7539999999999992,0.15100000000000013,1.0983320687903688,0.05938278115601005,-0.0776,0.05940000000000001,0.11978592015202234,0.04910340201394415,19.456649946416146,NORMAL
Node03,5,0.903,0.084,17.56,0.333,11.4,NORMAL,-0.03179999999999998,0.0015999999999999903,0.06430629829184692,0.01366804776679075,-0.07959999999999999,-0.040999999999999995,0.24252979198440758,0.032719231945359806,-1.9949999999999999,-1.2410000000000005,3.740904970725667,0.39137554185994156,-0.0736,0.0040000000000000036,0.12967921961517198,0.012778082536139676,26.186815766656352,WATCH
Node03,6,0.87,0.112,23.11,0.721,14.4,NORMAL,-0.03151428571428571,0.0002857142857142711,0.0690084535884312,0.021265358403355326,-0.07594285714285715,0.003657142857142845,0.23373546300608017,0.02625572996444428,-1.2717142857142858,0.7232857142857141,3.367072417793634,0.08577917407199459,-0.006514285714285727,0.06708571428571428,0.15417608980210476,0.06351457020436867,19.097380609971566,NORMAL
Node03,7,0.959,0.967,29.58,0.787,19.4,NORMAL,-0.0185,0.013014285714285711,0.06313703916312287,0.012054182267994042,0.025107142857142852,0.10105,0.3332670886555592,0.21791384703266628,-0.18392857142857164,1.0877857142857141,3.75390336532395,0.09608968879389777,0.025214285714285713,0.03172857142857144,0.1745897231470725,0.046246745564214604,22.977983967466137,NORMAL
Node03,8,0.911,0.273,26.96,0.93,16.9,NORMAL,-0.006678571428571435,0.011821428571428564,0.040274061131204526,0.02617020578735175,-0.00167857142857143,-0.02678571428571428,0.33385597122682936,0.01816439471417295,0.3228571428571427,0.5067857142857143,3.7915155909201372,0.01823059996097546,0.08339285714285714,0.05817857142857143,0.22384624825344485,0.442871945985796,22.164831245577417,NORMAL
Node03,9,1.134,0.754,26.15,0.568,17.9,NORMAL,0.015678571428571413,0.022357142857142846,0.08776755013752435,0.14744417505058277,0.05560714285714286,0.057285714285714294,0.3607951535943115,0.10389108710278841,0.7449999999999998,0.4221428571428571,3.753469506114754,0.018218479045771965,0.06817857142857141,-0.015214285714285736,0.22065163234642715,0.03454492841083066,21.87253111762939,NORMAL
Node03,10,0.949,0.669,19.39,0.535,14.5,NORMAL,0.020214285714285695,0.004535714285714282,0.08616816338388775,0.010893362544060432,0.11317857142857143,0.05757142857142857,0.364288739483237,0.10612890451488849,0.18535714285714278,-0.559642857142857,4.251257517040161,0.10424400061317574,0.03335714285714285,-0.03482142857142856,0.20629728895109464,0.024036834805659223,20.497711625223058,NORMAL
Node03,11,1.028,0.345,26.33,0.59,16.4,NORMAL,0.02528571428571428,0.005071428571428584,0.09000634898240707,0.02532513549707801,0.06014285714285713,-0.053035714285714304,0.3410286959019305,0.0421629108993592,0.5514285714285715,0.3660714285714287,4.345506710549251,0.026802174884391964,0.006428571428571427,-0.026928571428571423,0.19373152753722034,0.015100848816918516,17.417744093754578,NORMAL
Node03,12,0.765,0.0,27.01,0.669,14.6,NORMAL,-0.004964285714285711,-0.030249999999999992,0.11690655609136234,0.19160760360622608,-0.042285714285714274,-0.1024285714285714,0.35745289399943514,0.09726961208676137,-0.08464285714285692,-0.6360714285714284,3.296805813424347,0.016068036297769355,-0.033749999999999995,-0.040178571428571425,0.13975659112150943,0.052655836878560736,23.03406999459721,NORMAL
Node03,13,0.969,0.062,25.99,0.358,14.4,NORMAL,-0.013142857142857138,-0.008178571428571427,0.11219434668721692,0.02409027992091995,-0.13107142857142856,-0.08878571428571429,0.3656386454515155,0.12209738457410951,-0.3746428571428571,-0.2900000000000002,3.123352136956153,0.009162102230285206,-0.06382142857142857,-0.030071428571428575,0.18462523172761677,0.02196355184575635,18.722540453088953,NORMAL
Node03,14,1.029,0.32,25.39,0.408,15.4,NORMAL,-0.0057142857142857195,0.007428571428571419,0.11524280785326586,0.030099994786973717,-0.06828571428571428,0.06278571428571428,0.28200793639625854,0.032979485897476006,0.0925,0.4671428571428571,2.673117495146284,0.011322757245945463,-0.06614285714285714,-0.0023214285714285715,0.1877753216707974,0.014275141360051431,16.93910230450146,NORMAL
Node03,15,0.915,0.301,29.7,0.342,15.9,NORMAL,-0.019857142857142848,-0.014142857142857127,0.1149150825195552,0.036677259524768385,-0.08357142857142856,-0.015285714285714277,0.28099432293875537,0.02283359171983211,0.7967857142857143,0.7042857142857143,3.117458519218438,0.04607849188608194,-0.04157142857142857,0.02457142857142857,0.126473599729633,0.01042166305305584,17.728361688949576,NORMAL
Node03,16,0.916,0.296,27.8,0.055,14.4,NORMAL,-0.0021785714285714225,0.017678571428571425,0.08981594937373182,0.016081328307570992,-0.03167857142857143,0.05189285714285713,0.21741336534024636,0.017297716998682836,1.0839285714285716,0.28714285714285726,3.217182292746543,0.037389335699225264,-0.07846428571428572,-0.03689285714285715,0.20305242109929572,0.2169788059314486,19.497558194021284,NORMAL
Node03,17,0.865,0.321,23.08,0.449,14.0,NORMAL,-0.008607142857142857,-0.0064285714285714345,0.09373849135709814,0.014836019367944807,0.02710714285714286,0.05878571428571429,0.1413930691370691,0.01446333771958392,-0.1592857142857143,-1.2432142857142858,2.057582955568893,0.10020656834849184,-0.059535714285714296,0.018928571428571427,0.19763554721711762,0.014915577084397547,18.43110552113636,NORMAL
Node03,18,0.895,0.509,22.62,0.398,14.4,NORMAL,0.0024642857142857205,0.011071428571428578,0.08260491164919567,0.010745757828866677,0.07217857142857143,0.04507142857142857,0.17276463482906174,0.027531352703500447,-0.5921428571428572,-0.4328571428571429,2.524846058485075,0.021230088794468176,-0.03514285714285714,0.024392857142857154,0.18114976703059296,0.011392216473761199,16.54567609388488,NORMAL
Node03,19,0.9,0.399,26.29,0.712,16.3,NORMAL,-0.01874999999999999,-0.02121428571428571,0.054817880294662946,0.0408195983054519,0.05032142857142857,-0.021857142857142853,0.13498006907547147,0.018230403442286172,-0.4021428571428571,0.1900000000000001,2.488462902887567,0.009341259060996152,0.041035714285714286,0.07617857142857143,0.19282844583673206,0.08022824159998225,17.68940801639278,NORMAL
Node03,20,0.989,0.168,24.13,0.402,14.4,NORMAL,-0.006107142857142851,0.012642857142857138,0.05781126929191966,0.009085609214878432,-0.001678571428571424,-0.052,0.10426066235299733,0.023122032017940202,-0.5635714285714287,-0.16142857142857164,2.5676429806712764,0.013083781632313444,0.03803571428571429,-0.0029999999999999957,0.19237154031667345,0.011318651521049623,16.200975453878005,NORMAL
Node03,21,1.028,0.351,27.35,0.657,16.9,NORMAL,0.01857142857142857,0.024678571428571418,0.057525977568730596,0.06379697228437504,-0.000999999999999999,0.0006785714285714251,0.10439508289825404,0.012931884458950391,-0.39928571428571413,0.1642857142857146,2.649929019714266,0.012221264251117582,0.06792857142857144,0.029892857142857145,0.2166361883325085,0.05829437898644829,17.956520908484972,NORMAL
Node03,22,0.953,0.195,27.15,0.519,15.6,NORMAL,0.018964285714285708,0.00039285714285713924,0.05769872491782515,0.012290021708268152,-0.020857142857142855,-0.019857142857142858,0.11706754257183981,0.013188335616825766,0.2892857142857142,0.6885714285714284,2.1635574760983247,0.021582359431126758,0.06471428571428572,-0.003214285714285711,0.21487826010712827,0.026969252258788542,16.48785581721167,NORMAL
Node03,23,0.973,0.095,25.8,0.587,15.2,NORMAL,0.02028571428571428,0.0013214285714285706,0.0585625428799965,0.012392572021435736,-0.04835714285714286,-0.027500000000000007,0.1451716553732495,0.018234456969754974,0.652857142857143,0.3635714285714288,1.9265142467309042,0.02238204904261497,0.021464285714285714,-0.04325000000000001,0.12447489706764171,0.03873569352173078,16.768115140142655,NORMAL
Node03,24,0.815,0.316,32.41,0.627,17.3,NORMAL,-0.004642857142857155,-0.024928571428571432,0.07135458072524982,0.051626130215688536,-0.041428571428571426,0.006928571428571437,0.14501247893756952,0.012092352468982968,1.121785714285714,0.4689285714285709,3.089486781235447,0.11882858793048266,0.019785714285714285,-0.0016785714285714286,0.12286423013887744,0.010029428389028996,19.731433014653373,NORMAL
Node03,25,0.968,0.62,26.65,0.353,16.2,NORMAL,-0.007107142857142867,-0.0024642857142857123,0.06965356450045504,0.005067738281965295,0.025107142857142856,0.06653571428571428,0.1757154084362119,0.04081682980476611,0.5746428571428569,-0.547142857142857,2.5700092643894523,0.01755820947870607,-0.024892857142857144,-0.04467857142857143,0.13332791655663617,0.019957797484204717,16.69878121917201,NORMAL
Node03,26,0.981,0.292,26.89,0.449,15.7,NORMAL,-0.010071428571428577,-0.0029642857142857092,0.06731624016889382,0.006521598222748176,0.036821428571428574,0.011714285714285719,0.1708937291613319,0.01019868001434874,0.43357142857142844,-0.14107142857142846,2.5479580993788873,0.011179710557685177,-0.012821428571428577,0.012071428571428566,0.11637562336797906,0.007735471403861947,15.7667325846052,NORMAL
Node03,27,0.834,0.357,29.02,0.587,16.3,NORMAL,-0.018964285714285718,-0.008892857142857142,0.07980810318090097,0.025154902019654382,0.026321428571428575,-0.010499999999999999,0.16296829957591957,0.009135923736526887,0.1907142857142856,-0.24285714285714285,2.2155500230782197,0.0321312734476606,-0.020857142857142862,-0.008035714285714285,0.10752275506674323,0.010843315537441719,16.79318812692011,NORMAL
Node03,28,1.128,0.222,24.88,0.289,15.1,NORMAL,0.014749999999999994,0.03371428571428571,0.10423325490730598,0.2490294865587504,0.020749999999999994,-0.005571428571428581,0.16588234499473528,0.009226366363175599,-0.21035714285714274,-0.4010714285714283,2.495901402203982,0.011027141490687396,-0.031000000000000003,-0.010142857142857141,0.12859978523273188,0.012840024225357653,21.991214609351452,NORMAL
Node03,29,0.935,0.139,25.64,0.555,15.0,NORMAL,0.013500000000000003,-0.0012499999999999907,0.10437706370928158,0.019745480223545508,-0.01139285714285714,-0.03214285714285713,0.17296517678698328,0.014308639667261046,-0.47035714285714264,-0.2599999999999999,2.5986516650352485,0.008604329388535375,-0.019214285714285708,0.011785714285714295,0.13078080534856426,0.005534439887083434,16.097542846597673,NORMAL
Node03,30,1.128,0.366,31.35,0.386,17.8,NORMAL,0.03642857142857143,0.022928571428571423,0.12503256718608496,0.4895911043165939,-0.03149999999999999,-0.02010714285714285,0.1505043900641155,0.010509727221845315,-0.2574999999999994,0.21285714285714324,2.885850538980377,0.036999068269464024,-0.017107142857142852,0.002107142857142856,0.12860367320533564,0.004715395934286539,28.711502402570844,WATCH
Node03,31,0.863,0.199,23.08,0.454,13.7,NORMAL,0.002857142857142856,-0.03357142857142857,0.11612308740543983,0.08983876990239209,-0.04760714285714285,-0.016107142857142855,0.15863254935316934,0.01195687702125727,-0.18464285714285708,0.07285714285714232,2.7242963267953213,0.015266685665655443,0.005178571428571435,0.022285714285714287,0.10676297735326294,0.01490225820991215,18.12427654586331,NORMAL
Node03,32,0.894,0.21,28.27,0.455,15.5,NORMAL,-0.007249999999999994,-0.01010714285714285,0.12034039024288361,0.029172806482531607,-0.014928571428571426,0.03267857142857142,0.0854400374531753,0.02557616639002232,-0.04535714285714297,0.13928571428571412,2.778965206519798,0.014546677418815204,-0.005392857142857138,-0.010571428571428572,0.09980290099801231,0.011946904961696503,16.81066341353395,NORMAL
Node03,33,1.126,0.659,29.89,0.525,18.6,NORMAL,0.011999999999999999,0.019249999999999993,0.13492025863626328,0.21339008581704197,0.03364285714285715,0.04857142857142857,0.17626008920801967,0.04128932246135297,0.2439285714285715,0.2892857142857145,2.9798977291495223,0.024577871621233018,0.0016071428571428645,0.007000000000000002,0.10329546156996629,0.011771257039021871,22.09566454422729,NORMAL
Node03,34,1.046,0.219,29.67,0.766,17.8,NORMAL,-0.0034999999999999914,-0.01549999999999999,0.11756760972794694,0.06273679098159757,0.031249999999999997,-0.0023928571428571514,0.1775046612399369,0.009372807986058173,0.7067857142857145,0.46285714285714297,3.0464624293323133,0.03476727681406622,0.05142857142857143,0.049821428571428565,0.15020208609292574,0.09412498156875908,18.88561941349484,NORMAL
Node03,35,1.074,0.166,23.23,0.637,15.3,NORMAL,0.018428571428571437,0.02192857142857143,0.11064938189744083,0.12691848694668276,0.008821428571428572,-0.022428571428571423,0.18216083944847045,0.0107193293102413,-0.13499999999999993,-0.8417857142857144,3.3365943572394157,0.0388230810720272,0.038464285714285715,-0.012964285714285713,0.12862829430276254,0.015791222855066386,19.65553382372183,NORMAL
Node03,36,0.88,0.247,22.57,0.503,13.9,NORMAL,-0.006071428571428553,-0.02449999999999999,0.11849030500826797,0.0635316485672305,-0.014785714285714286,-0.023607142857142858,0.1725779327061918,0.01022190960783292,-0.8799999999999999,-0.745,3.7659521024696057,0.06966398811196665,0.03671428571428571,-0.0017500000000000016,0.12909907601749684,0.007412338463484056,18.7082116298954,NORMAL
Node03,37,0.991,0.207,27.19,0.541,15.9,NORMAL,0.010857142857142862,0.016928571428571414,0.10463109799035211,0.03276188948430824,-0.01410714285714286,0.000678571428571426,0.17216063927125072,0.011455184491082827,-0.20464285714285677,0.6753571428571431,3.2305439612725118,0.017709097150304286,0.016750000000000004,-0.01996428571428571,0.11198490544541728,0.016576447964633225,16.741782541167204,NORMAL
Node03,38,0.936,0.141,25.52,0.44,14.6,NORMAL,-0.011071428571428562,-0.021928571428571422,0.09387910158435533,0.03211718611490904,-0.03867857142857144,-0.024571428571428577,0.17759357023968012,0.012849181120391014,-0.7410714285714286,-0.5364285714285718,2.9480897770138097,0.017059545438258727,-0.009857142857142858,-0.026607142857142864,0.1141809341102345,0.01488267327630146,16.71680583768693,NORMAL
Node03,39,0.724,0.173,19.6,0.501,12.0,NORMAL,-0.05389285714285714,-0.04282142857142858,0.1360862821539195,0.5118179905746213,-0.056178571428571446,-0.01750000000000001,0.1800078040636281,0.012547527437629689,-1.2575,-0.5164285714285715,3.8289878060719413,0.1258242072512176,-0.029285714285714286,-0.019428571428571427,0.10883779980625605,0.012368615365176036,31.684210848514518,WATCH
Node03,40,1.013,0.0,27.52,0.705,16.1,NORMAL,-0.026535714285714305,0.027357142857142833,0.11999027738390586,0.17545957750914754,-0.026750000000000003,0.029428571428571443,0.08090058567096262,0.05046311692819493,-0.38428571428571445,0.8732142857142856,3.449897168929891,0.03832316656830419,-0.018500000000000006,0.01078571428571428,0.12014257403284688,0.022299699288966416,21.808122374633484,NORMAL
Node03,41,0.989,0.115,24.48,0.431,14.4,NORMAL,-0.00914285714285716,0.017392857142857147,0.11434950600597067,0.037437827082133945,-0.024321428571428574,0.0024285714285714292,0.07879176896822952,0.027371176218058405,0.2164285714285714,0.6007142857142859,2.7829566326207127,0.02196950947282031,-0.009071428571428578,0.009428571428571429,0.10110791029296136,0.012026661740454733,17.249864513975872,NORMAL
Node03,42,0.903,0.496,25.34,0.382,15.2,NORMAL,0.005071428571428568,0.014214285714285728,0.09917132842183965,0.02235320824635187,0.015071428571428572,0.039392857142857146,0.15343076614551596,0.021704796813160336,0.17464285714285704,-0.04178571428571434,2.7617549630969207,0.00958989893478148,-0.01135714285714286,-0.0022857142857142833,0.10488065780186726,0.009120836278655177,16.39206682795141,NORMAL
Node03,43,1.08,0.0,28.97,0.385,15.8,NORMAL,0.01664285714285715,0.011571428571428583,0.11366911043316327,0.0690158739559381,0.001107142857142862,-0.01396428571428571,0.1677495298410841,0.023440230927514665,0.35214285714285687,0.17749999999999982,3.023566956899936,0.019938618654318615,-0.02335714285714286,-0.012,0.11352511784161415,0.009640418607273151,17.889359806013967,NORMAL
Node03,44,0.951,0.588,29.86,0.769,18.4,NORMAL,0.023107142857142857,0.006464285714285707,0.11214234152141093,0.02964620945124925,0.053249999999999985,0.05214285714285712,0.2337273543907007,0.04773189201434711,1.0564285714285713,0.7042857142857144,3.413094532197179,0.0990269181199376,0.015428571428571432,0.03878571428571429,0.15709490610395208,0.05188806638618775,19.957040304794035,NORMAL
Node03,45,0.964,0.116,30.74,0.602,16.9,NORMAL,0.024535714285714293,0.0014285714285714353,0.11237988296504893,0.028610602261072513,0.031785714285714285,-0.0214642857142857,0.2352529540323615,0.020466139454388743,1.5210714285714282,0.4646428571428569,3.8578658052644297,0.12055749117933301,0.013750000000000002,-0.0016785714285714303,0.15593664769783303,0.008347612978266576,19.345123911609,NORMAL
Node03,46,0.998,0.654,28.79,0.335,17.0,NORMAL,-0.001678571428571422,-0.026214285714285714,0.05524749509512369,0.046107379503458015,0.07342857142857143,0.04164285714285714,0.28644529104508726,0.06717941650303465,0.7446428571428569,-0.7764285714285712,2.3171729491322988,0.07205674130087741,-0.013607142857142854,-0.027357142857142858,0.17427359442636658,0.021400573192369137,19.713604989402747,NORMAL
Node03,47,0.911,0.0,26.82,0.452,14.5,NORMAL,-0.005714285714285715,-0.0040357142857142935,0.06000952305378588,0.0074811840526022005,0.00310714285714286,-0.07032142857142856,0.2864452910450873,0.04826716268424623,0.5603571428571428,-0.18428571428571416,2.353994578623849,0.01504586308258332,0.0066428571428571465,0.02025,0.15342843841441425,0.00920144821236609,16.71743537369513,NORMAL
Node03,48,0.945,0.186,28.09,0.801,16.8,NORMAL,-0.005892857142857152,-0.00017857142857143678,0.06009674739633627,0.005798573955445388,-0.030857142857142854,-0.03396428571428571,0.2807768135861988,0.019786782669770523,0.10285714285714295,-0.4574999999999998,1.8273451989677472,0.033616250637613095,0.03417857142857143,0.02753571428571429,0.19267737653541847,0.04728681968618701,17.0284541098545,NORMAL
Node03,49,1.106,0.0,27.53,0.787,16.8,NORMAL,0.00046428571428571867,0.00635714285714287,0.07302250142446313,0.04615042321394369,-0.032857142857142856,-0.0020000000000000018,0.2831223864590819,0.03582179004207894,-0.4207142857142854,-0.5235714285714284,1.3454968988302807,0.06363451286392972,0.04,0.005821428571428568,0.20066923744595946,0.04181493522504456,19.093869332499267,NORMAL
Node03,50,0.982,0.271,26.64,0.41,15.4,NORMAL,0.011571428571428581,0.011107142857142862,0.06229729031789734,0.009030090647329502,-0.058964285714285705,-0.02610714285714285,0.26594154388117847,0.016517697067131375,-0.599285714285714,-0.1785714285714286,1.5378959033445037,0.032361379868991645,-0.008607142857142855,-0.048607142857142856,0.19659070365076972,0.031809177535505176,16.81205057442042,NORMAL
Node03,51,1.067,0.413,30.77,0.87,19.1,NORMAL,0.016857142857142855,0.005285714285714274,0.06854543157991051,0.0330350357409151,0.004464285714285711,0.06342857142857142,0.23648447044553425,0.022407783013519963,-0.12499999999999975,0.4742857142857142,1.7148149976573197,0.07855224950812208,0.04603571428571429,0.054642857142857146,0.214491203060816,0.13465606213438755,20.038505955101186,NORMAL
Node03,52,0.952,0.622,24.67,0.682,16.6,NORMAL,0.007535714285714277,-0.009321428571428578,0.0696248450455658,0.009099517849997728,0.029107142857142856,0.024642857142857147,0.2693522211670419,0.049117595381268024,-0.21107142857142833,-0.08607142857142858,1.907143213839809,0.019725968706639757,0.05307142857142856,0.00703571428571427,0.21623355979346126,0.04066335317491757,17.2972565620264,NORMAL
Node03,53,0.804,0.734,22.06,4.46,27.9,WATCH,-0.01235714285714286,-0.019892857142857136,0.0999661847588378,0.0971043585258273,0.12453571428571429,0.09542857142857143,0.28762765281986824,0.17451396039985878,-0.6385714285714287,-0.4275000000000003,2.7337328395611813,0.023089242556484126,0.4238928571428571,0.3708214285714286,1.4443942708013657,0.7648894131874961,31.525698504236516,WATCH
Node03,54,1.056,0.354,23.98,0.318,14.9,NORMAL,-0.010749999999999994,0.001607142857142866,0.10150838576665666,0.030681452050235508,0.08296428571428571,-0.04157142857142858,0.2512129622072722,0.03424139986729541,-0.9014285714285715,-0.2628571428571428,2.9100940910987085,0.0199649892253335,0.22032142857142858,-0.20357142857142854,1.4569304163532444,0.38249519602542853,21.89592774903125,NORMAL
Node03,55,0.847,0.391,25.65,0.569,15.3,NORMAL,-0.03185714285714286,-0.021107142857142866,0.11428889876515734,0.12042054667796626,0.059285714285714275,-0.023678571428571438,0.2379827924951918,0.019634298437987478,-0.7025000000000003,0.19892857142857112,2.79668851799171,0.013816134350401308,0.09828571428571428,-0.1220357142857143,1.4698285452327262,0.20192757147506682,21.41484074433771,NORMAL
Node03,56,1.061,0.389,30.0,0.429,17.3,NORMAL,-0.003535714285714285,0.028321428571428577,0.10659580979882212,0.11992959437582261,0.0015000000000000033,-0.057785714285714274,0.1632920258747674,0.01959331508765826,-0.030357142857143034,0.6721428571428573,3.1678158315876166,0.04078205900908075,-0.03246428571428571,-0.13074999999999998,1.4909082083462701,0.09766532047740617,20.759737943014702,NORMAL
Node03,57,1.11,0.42,24.03,0.533,16.1,NORMAL,0.013928571428571441,0.017464285714285727,0.1197632585363228,0.1420986673009846,-0.028142857142857136,-0.02964285714285714,0.1441361789948592,0.016255676943497117,-0.21321428571428566,-0.18285714285714263,3.2667108840544796,0.015662490401150943,-0.19314285714285712,-0.1606785714285714,1.4820445337438413,0.4759754428890107,25.437029553288657,WATCH
Node03,58,1.165,0.05,23.82,0.426,14.9,NORMAL,0.044857142857142866,0.030928571428571423,0.13558971726709748,0.577603321273153,-0.08246428571428573,-0.05432142857142859,0.21694886384539913,0.03966271960230582,0.2646428571428571,0.47785714285714276,2.498651064646111,0.020888177379110518,-0.30396428571428574,-0.11082142857142863,1.504015387459279,0.3477390909108505,35.538039416295064,WATCH
Node03,59,1.003,0.339,31.6,0.465,17.5,NORMAL,0.038499999999999986,-0.006357142857142881,0.133986140008158,0.1274073721123475,-0.06299999999999999,0.01946428571428574,0.19930450500248537,0.014527112536621862,0.9528571428571432,0.6882142857142861,3.549979879218634,0.11838982265142449,-0.42160714285714285,-0.1176428571428571,1.5152888456377833,0.3590709802031297,26.154684605469306,WATCH
Node03,60,1.043,0.214,22.21,0.473,14.4,NORMAL,0.013464285714285698,-0.025035714285714286,0.09987110740969132,0.08934936302086773,-0.030821428571428566,0.03217857142857142,0.13195381587437904,0.018146188570061648,0.014642857142857402,-0.9382142857142858,3.52345204106914,0.06257524886215327,0.009071428571428574,0.4306785714285714,0.0813203541556479,0.07589351661123495,20.22732644692409,NORMAL
Node03,61,0.97,0.473,29.86,0.42,17.0,NORMAL,0.008071428571428563,-0.005392857142857135,0.10292045009432797,0.018116844085215338,-0.006607142857142861,0.024214285714285706,0.1457868633444369,0.019676110064923414,0.16500000000000017,0.15035714285714277,3.686938334948699,0.039688647684580663,-0.015249999999999998,-0.02432142857142857,0.05749161429535366,0.03230046676522299,17.303988330266012,NORMAL
Node03,62,1.079,0.101,31.2,0.241,16.3,NORMAL,-0.01242857142857144,-0.020500000000000004,0.06520188428477908,0.08282790980381395,-0.021214285714285713,-0.014607142857142853,0.16401800133492897,0.01668778922643255,0.4874999999999998,0.3224999999999997,3.997501005092342,0.07133440143066085,-0.02653571428571429,-0.011285714285714293,0.09077942917811702,0.0428979038403951,19.832702731505837,NORMAL
Node03,63,0.949,0.378,24.5,0.3,14.5,NORMAL,-0.024571428571428588,-0.012142857142857148,0.07787566402682583,0.01758168589263284,0.00392857142857143,0.025142857142857144,0.1628899716285286,0.012005951651415755,0.5153571428571426,0.027857142857142803,3.971867139196447,0.027808985111014938,-0.03978571428571429,-0.013250000000000001,0.10256658696624726,0.027343763652260707,16.76122156975193,NORMAL
Node03,64,1.048,0.103,28.69,0.242,15.4,NORMAL,-0.01510714285714285,0.009464285714285738,0.07267900725270056,0.024749681546491823,0.004428571428571428,0.0004999999999999987,0.16223997511035781,0.01587506349123421,0.3357142857142857,-0.17964285714285694,3.8287788678699664,0.037636303235610534,-0.03978571428571429,0.0,0.10256658696624726,0.028504076261347377,17.291614683464516,NORMAL
Node03,65,1.075,0.503,27.3,0.681,17.7,NORMAL,0.0073214285714285855,0.022428571428571437,0.05089999532229374,0.12361284240875418,0.006249999999999996,0.0018214285714285676,0.16559574988794967,0.01872195693567609,-0.1892857142857143,-0.525,3.4962190462051455,0.021060793083063644,0.002357142857142863,0.042142857142857156,0.15763399439992695,0.028292303788566044,19.447746163228686,NORMAL
Node03,66,0.975,0.309,29.28,0.315,16.0,NORMAL,-0.0008928571428571357,-0.00821428571428572,0.0538282099876653,0.012397424924249906,0.012392857142857145,0.006142857142857149,0.16485217042926095,0.00899878388520944,0.4850000000000002,0.6742857142857145,3.183984475913339,0.03357997057129005,0.0017500000000000074,-0.0006071428571428558,0.15801868485057322,0.01529650096378203,16.55867812998519,NORMAL
Node03,67,0.97,0.273,24.92,0.447,15.0,NORMAL,-0.002928571428571427,-0.0020357142857142913,0.05563828760502113,0.008248923342321612,-0.002107142857142855,-0.014499999999999999,0.16135541958227317,0.00893353189280828,-0.5664285714285711,-1.0514285714285712,2.5176566958374678,0.03653887589353729,0.02178571428571429,0.02003571428571428,0.15580543422272966,0.01155767206037253,16.479286752006328,NORMAL
Node03,68,0.794,0.315,26.48,0.712,15.6,NORMAL,-0.03164285714285713,-0.028714285714285706,0.09916604641662768,0.24868026190505246,0.022785714285714288,0.024892857142857144,0.1441924969978542,0.010799204975302474,-0.4546428571428569,0.11178571428571416,2.4155360245118027,0.010782632748845361,0.06357142857142858,0.041785714285714294,0.20135517068579284,0.060056658044170624,22.611509309462747,NORMAL
Node03,69,1.056,0.188,24.74,0.33,14.7,NORMAL,-0.010428571428571417,0.021214285714285713,0.09582971007643368,0.07046647462081991,-0.013428571428571427,-0.03621428571428571,0.1288045769668883,0.01610266043316428,-0.21714285714285733,0.23749999999999957,1.9465733017401683,0.022936217805762677,0.028428571428571425,-0.035142857142857156,0.1907186908711861,0.04104527817187213,18.247277487773967,NORMAL
Node03,70,0.963,0.183,29.01,0.56,16.3,NORMAL,-0.016928571428571428,-0.006500000000000011,0.09519453765841819,0.01482497583143078,-0.013714285714285712,-0.000285714285714285,0.12909262086542656,0.013278060411647438,-0.24857142857142872,-0.03142857142857139,1.8974080064280177,0.0401722583637544,0.02317857142857143,-0.005249999999999994,0.18588603779633114,0.00859568414160618,16.79418322853021,NORMAL
Node03,71,1.041,0.235,25.09,0.583,15.7,NORMAL,-0.0014285714285714299,0.015499999999999998,0.0944316331180041,0.02761772208544307,-0.04075,-0.027035714285714288,0.10911745528383188,0.01448331963098629,-0.2625000000000002,-0.013928571428571457,1.9149449824248967,0.016341474194063562,0.002821428571428566,-0.020357142857142865,0.1590531507449782,0.01235456734465102,16.58625078093018,NORMAL
Node03,72,0.928,0.43,28.33,0.392,16.1,NORMAL,0.006071428571428573,0.007500000000000003,0.08629793354034226,0.008769310908956631,0.005535714285714283,0.046285714285714284,0.08603183242542373,0.029841336824406383,0.0007142857142853184,0.2632142857142855,2.007111167348545,0.02521328036608308,0.012535714285714285,0.00971428571428572,0.14681507642836503,0.009926616371968046,16.62724884377474,NORMAL
Node03,73,0.993,0.13,30.8,0.573,17.0,NORMAL,0.011499999999999998,0.005428571428571425,0.08704952066277588,0.010806659126473354,-0.005428571428571431,-0.010964285714285715,0.10009138681368,0.01732897486979283,0.774642857142857,0.7739285714285716,2.3657959498212175,0.09418126914010057,-0.0003214285714285757,-0.01285714285714286,0.13088853855020888,0.008133120421009159,18.1491301721486,NORMAL
Node03,74,1.083,0.271,22.89,0.48,15.0,NORMAL,0.025214285714285706,0.013714285714285708,0.09820338467641916,0.09452193906770508,-3.5714285714283765e-05,0.005392857142857147,0.10001952190400012,0.013502932470987055,0.02392857142857149,-0.7507142857142854,2.762050652961276,0.03208042323194677,-0.013500000000000003,-0.013178571428571428,0.1286543912229675,0.006171971771474347,18.593990193735895,NORMAL
Node03,75,1.107,0.676,28.11,0.495,17.9,NORMAL,0.012321428571428567,-0.01289285714285714,0.06529384131972718,0.08657459209775699,0.05482142857142858,0.05485714285714287,0.19081005264523196,0.0550035035744313,0.12785714285714292,0.10392857142857143,2.802640761513191,0.014013853352300203,0.011607142857142849,0.025107142857142852,0.09637229398338013,0.017920774506220538,18.962319684887433,NORMAL
Node03,76,1.029,0.56,22.47,0.655,16.0,NORMAL,0.017321428571428567,0.005000000000000001,0.0639005924408038,0.017332147601095846,0.06621428571428573,0.011392857142857142,0.20508372274106335,0.04292179046803541,-0.6792857142857145,-0.8071428571428574,3.209010380015562,0.052835429576604524,0.007035714285714284,-0.004571428571428565,0.08547904226573123,0.02820300262604398,18.060949548959172,NORMAL
Node03,77,0.931,0.383,28.01,0.551,16.4,NORMAL,-0.0004999999999999964,-0.017821428571428564,0.06959645584846014,0.011150169270379016,0.044642857142857144,-0.02157142857142858,0.1905438332272981,0.013136554764127123,-0.2017857142857141,0.47750000000000037,3.1082279440834055,0.014702197050446392,0.012571428571428582,0.005535714285714298,0.08508958864184323,0.016435351512987955,16.147937861709345,NORMAL
Node03,78,1.006,0.609,24.49,0.441,15.9,NORMAL,0.001999999999999998,0.0024999999999999944,0.06875318174455634,0.008573366368721181,0.04757142857142856,0.0029285714285714193,0.19433819319252027,0.040480572605378226,-0.6257142857142857,-0.42392857142857154,3.1623130473632446,0.017288279931965276,0.009928571428571436,-0.0026428571428571464,0.08798078794611383,0.015062411299989299,16.711729892606655,NORMAL
Node03,79,0.924,0.368,28.11,0.484,16.1,NORMAL,-0.019178571428571416,-0.021178571428571415,0.06956976628502051,0.022495815518133514,0.03917857142857142,-0.008392857142857146,0.19611512653832408,0.011228860685093026,-0.1775000000000002,0.44821428571428545,3.1414562895331875,0.015536359575703698,-0.010321428571428565,-0.02025,0.0725025451113204,0.03098938134214657,16.603548366563444,NORMAL
Node03,80,0.845,0.424,27.73,0.353,15.3,NORMAL,-0.03939285714285713,-0.020214285714285716,0.09396225179243396,0.08333192181546693,-0.0038571428571428645,-0.04303571428571428,0.14693924886545073,0.021112450059811216,0.5907142857142856,0.7682142857142858,2.5931044090415023,0.030858922804512218,-0.022035714285714287,-0.011714285714285722,0.09323523756504044,0.016221162124069693,18.567325918662345,NORMAL
Node03,81,0.981,0.334,23.34,0.549,15.0,NORMAL,-0.02689285714285714,0.012499999999999994,0.08443284172586375,0.01851880980655373,-0.046892857142857146,-0.04303571428571428,0.13407513884812075,0.01814850587820342,-0.1317857142857142,-0.7224999999999998,2.50812489246259,0.027399931028424085,-0.01817857142857143,0.0038571428571428576,0.09511922343389201,0.011220475406641879,16.69964470263844,NORMAL
Node03,82,1.007,0.075,17.15,0.34,11.8,NORMAL,-0.004535714285714294,0.022357142857142846,0.06440459906677766,0.024250552680053196,-0.06207142857142857,-0.015178571428571423,0.17360656121022067,0.023018855170578764,-0.7878571428571429,-0.6560714285714287,3.984730976161497,0.15348341309708524,-0.03703571428571428,-0.018857142857142854,0.11377525883868393,0.016319170484088496,20.229436223363955,NORMAL
Node03,83,1.114,0.588,24.74,0.314,16.1,NORMAL,0.02171428571428571,0.026250000000000002,0.08439758516066906,0.14915495307167478,-0.017392857142857147,0.04467857142857142,0.17834583845786278,0.04216012241978202,-1.0450000000000004,-0.25714285714285745,3.8858454984848847,0.040266816660362026,-0.030285714285714287,0.006749999999999996,0.09937710764461564,0.01599910636868138,20.930146335787995,NORMAL
Node03,84,1.117,0.478,29.62,0.825,19.0,NORMAL,0.03125,0.00953571428571429,0.097405387550225,0.16189841368422753,-0.010785714285714284,0.0066071428571428635,0.18067690183624152,0.016979485598930793,-0.0689285714285713,0.976071428571429,4.146696906948378,0.11228499214777965,0.02853571428571428,0.058821428571428566,0.17710233791578836,0.09297427433960267,23.537912915523396,NORMAL
Node03,85,1.036,0.345,23.35,0.526,15.3,NORMAL,0.036178571428571435,0.004928571428571435,0.09841215565646545,0.07915532422354014,0.010464285714285709,0.02124999999999999,0.15863209907563744,0.010428496881892988,-0.3249999999999998,-0.2560714285714285,4.193366643822576,0.038015937339880145,0.02982142857142857,0.0012857142857142928,0.17751324564931031,0.008494695511490302,18.317780096378943,NORMAL
Node03,86,0.92,0.559,25.03,0.777,16.6,NORMAL,0.015892857142857156,-0.02028571428571428,0.09896030950407775,0.04082966945375601,0.029642857142857144,0.019178571428571434,0.17334441356526523,0.0305735537549766,0.15678571428571456,0.4817857142857144,3.9504164940155966,0.020985780037978307,0.06110714285714285,0.03128571428571428,0.20912493417868205,0.08151491899398997,18.26529719650585,NORMAL
Node03,87,0.972,0.422,23.27,0.655,15.6,NORMAL,-0.009964285714285707,-0.025857142857142863,0.07358441864054284,0.022215796751198745,0.03532142857142857,0.005678571428571429,0.1733007295343642,0.013814702510065115,0.505714285714286,0.3489285714285715,3.678427459041238,0.026730108979687518,0.05014285714285714,-0.010964285714285711,0.19828839026601058,0.01907517232629835,16.784891471636787,NORMAL
Node03,88,0.933,0.61,27.44,0.179,15.6,NORMAL,-0.02510714285714285,-0.015142857142857142,0.07989874544577984,0.01940018146488382,0.04835714285714286,0.01303571428571429,0.18662873764317678,0.04411247905471893,0.833571428571429,0.32785714285714296,3.9144749693559535,0.026718200434437,0.005392857142857144,-0.04475,0.24778004839161766,0.10557389358563041,18.459476061562246,NORMAL
Node03,89,2.984,0.378,25.54,0.851,26.9,WATCH,0.18492857142857141,0.21003571428571427,0.7483568349263287,0.9096458532182377,-0.010321428571428566,-0.05867857142857143,0.10547105222355023,0.026169380594389398,-0.07285714285714283,-0.9064285714285718,2.2766642264506203,0.027749132648282285,0.016000000000000004,0.01060714285714286,0.2619579210120442,0.06464013054915053,40.28383314172871,WATCH
Node03,90,0.987,0.674,24.62,0.431,16.0,NORMAL,0.12567857142857145,-0.05924999999999997,0.7550304314270732,0.31256827008924554,0.02517857142857144,0.035500000000000004,0.12326722810142819,0.05824740096930882,-0.29321428571428587,-0.22035714285714303,2.2843942616932704,0.011880990938459622,-0.040357142857142855,-0.056357142857142856,0.2446022037824641,0.06518286268483786,25.342294926035976,WATCH
Node03,91,1.076,0.0,27.94,0.273,15.1,NORMAL,0.08092857142857143,-0.04475000000000001,0.7566487201563786,0.4774946661865174,-0.030321428571428572,-0.05550000000000001,0.22487065065012268,0.03472502931146007,0.5435714285714285,0.8367857142857144,1.8286763362763636,0.05904247219756393,-0.044821428571428575,-0.004464285714285719,0.25122888444793207,0.054153344723625804,30.11005904688883,WATCH
Node03,92,0.951,0.43,26.2,0.692,16.5,NORMAL,0.012678571428571424,-0.06825,0.7617429262646852,0.15163924165779438,-0.04167857142857143,-0.01135714285714286,0.22199024002569723,0.019241377861793384,0.35821428571428565,-0.18535714285714283,1.624715359686121,0.020480829751075656,-0.027392857142857153,0.017428571428571422,0.25879234183119904,0.03768901196647961,20.27847600306191,NORMAL
Node03,93,0.894,0.462,25.86,0.531,15.7,NORMAL,-0.0752142857142857,-0.08789285714285713,0.7637402949270374,0.383021204287444,-0.022071428571428568,0.019607142857142865,0.21620316723815475,0.022530075124964168,0.2746428571428571,-0.08357142857142857,1.5959994629429821,0.021154204015886937,0.002714285714285713,0.030107142857142867,0.23895257549006108,0.02674339361028241,26.126215276671527,WATCH
Node03,94,1.058,0.33,22.94,0.624,15.5,NORMAL,-0.13717857142857143,-0.06196428571428572,0.7590744364026495,0.5825611117438546,-0.03271428571428571,-0.010642857142857141,0.21920158150281063,0.011551019647113001,-0.4028571428571429,-0.6775,1.6868059419252368,0.05049997673654326,0.03414285714285714,0.03142857142857143,0.23621872430924207,0.02771093632118957,31.741831361846465,WATCH
Node03,95,1.099,0.727,24.49,0.565,17.1,NORMAL,-0.20339285714285718,-0.06621428571428575,0.7493587735047689,0.6872097475832809,0.02932142857142857,0.06203571428571428,0.24026423945711264,0.06641459920146703,-0.3067857142857144,0.09607142857142853,1.5708065868633647,0.028485472448101408,-0.007642857142857146,-0.04178571428571429,0.1851852354497286,0.023190210778553565,34.95721353125798,WATCH
Node03,96,0.855,0.124,20.41,0.542,12.9,NORMAL,-0.008678571428571433,0.19471428571428576,0.09385957088980884,0.12723292263474636,-0.010571428571428577,-0.03989285714285715,0.26690313919900926,0.026744672657712125,-0.8139285714285717,-0.5071428571428573,2.43645038451237,0.039194062798651196,0.030321428571428572,0.037964285714285714,0.13657337117566407,0.018903116826128188,20.053227162061155,NORMAL
Node03,97,0.998,0.605,23.9,0.522,16.0,NORMAL,-0.00789285714285715,0.0007857142857142837,0.09392093939661625,0.012271200324628745,0.052428571428571435,0.06300000000000001,0.2558149442747349,0.04594764413012592,-0.8953571428571431,-0.0814285714285714,2.4524399900429583,0.022054828852807972,0.017178571428571432,-0.01314285714285714,0.1306048201546139,0.008363755416062985,16.958339063344614,NORMAL
Node03,98,0.984,0.508,22.74,0.627,15.6,NORMAL,0.003714285714285714,0.011607142857142863,0.08600775158864075,0.008769216968088434,0.011214285714285713,-0.041214285714285724,0.19371493538309376,0.029882500503119865,-0.6010714285714288,0.29428571428571426,1.9935097071198202,0.04133561719592448,-0.010535714285714278,-0.027714285714285712,0.06305930692987505,0.05600895959893614,17.626790641760063,NORMAL
Node03,99,1.118,0.328,21.8,0.292,14.4,NORMAL,0.015107142857142862,0.011392857142857149,0.09967017034771668,0.06986626886420148,-0.006000000000000001,-0.017214285714285713,0.1996662691783944,0.0101619006004058,-0.4703571428571429,0.1307142857142859,1.790872359919547,0.036917401435404854,-0.026928571428571434,-0.016392857142857153,0.1127800218714881,0.022664368048331714,18.227894673014813,NORMAL
Node03,100,0.907,0.45,29.94,0.868,18.1,NORMAL,-0.010214285714285707,-0.02532142857142857,0.09744351233016028,0.03986477877236525,-0.0019285714285714264,0.004071428571428575,0.1995030731354186,0.01563313718790747,0.6410714285714286,1.1114285714285717,3.0419393876432252,0.07041741973143745,0.009678571428571429,0.036607142857142866,0.17078683455449034,0.06102259290968519,18.92243828668849,NORMAL
Node03,101,0.971,0.469,24.9,0.273,14.9,NORMAL,-0.005714285714285707,0.0045,0.0947271771733862,0.00872296189197255,-0.01425,-0.012321428571428573,0.19369539168990252,0.018854053498065005,0.6496428571428573,0.008571428571428674,3.045619023793889,0.016711772766412104,-0.016214285714285712,-0.02589285714285714,0.20318956666128307,0.04097031331123655,16.571605865340956,NORMAL
Node03,102,0.911,0.367,20.65,0.358,13.3,NORMAL,0.0013214285714285765,0.007035714285714284,0.0849094756056063,0.009234974741592138,0.014249999999999995,0.028499999999999998,0.15439528736948147,0.01135034941143935,0.3542857142857142,-0.2953571428571431,3.2845127202560525,0.027957065264999373,-0.028892857142857147,-0.012678571428571435,0.2116253427977985,0.01753533092278015,16.413167414426617,NORMAL
Node03,103,0.885,0.0,23.08,0.266,12.6,NORMAL,-0.022571428571428572,-0.02389285714285715,0.07908163353083171,0.03372148363997042,-0.06985714285714285,-0.08410714285714285,0.1942771706804972,0.04241133111788929,-0.12642857142857153,-0.48071428571428576,3.0127530520075747,0.018361449191158927,-0.04732142857142858,-0.01842857142857143,0.2270836850150182,0.0591467814798641,17.983477037317215,NORMAL
Node03,104,1.041,0.546,31.36,0.851,19.5,NORMAL,-0.010392857142857157,0.012178571428571415,0.08337951101525398,0.018129494090439718,-0.022321428571428572,0.04753571428571428,0.184402122702378,0.03592476295249316,0.6832142857142856,0.8096428571428571,4.138831788249986,0.1326759927561152,0.0039285714285714245,0.051250000000000004,0.2721188465848455,0.14051486387878614,21.400505641782154,NORMAL
Node03,105,1.182,0.496,20.24,0.419,15.1,NORMAL,0.013357142857142833,0.02374999999999999,0.11498757696874412,0.22475064618960627,0.008107142857142858,0.03042857142857143,0.18307726706034727,0.02089175963682472,-0.1307142857142861,-0.8139285714285717,4.454550909971039,0.1019747599740617,0.012142857142857141,0.008214285714285716,0.2679003012849583,0.021070401197562687,24.04409536472498,NORMAL
Node03,106,1.065,0.28,23.0,0.449,14.9,NORMAL,0.03664285714285713,0.0232857142857143,0.1075946980460424,0.2916813345004166,-0.009892857142857137,-0.017999999999999995,0.18619690038850195,0.009661882736030787,-0.6939285714285716,-0.5632142857142854,4.35222712555089,0.06457986998903363,-0.016857142857142855,-0.028999999999999998,0.2563199265798599,0.02100293710327642,24.55776317068841,NORMAL
Node03,107,1.035,0.377,26.46,0.319,15.6,NORMAL,0.0284642857142857,-0.008178571428571431,0.100899997640285,0.06584083993566882,0.0016428571428571484,0.011535714285714286,0.18315697144929044,0.011702580199001245,0.23357142857142893,0.9275000000000004,3.826000647200802,0.0394318538003855,0.016892857142857143,0.03375,0.20247198512857217,0.0450185307929581,18.507119787108376,NORMAL
Node03,108,0.821,0.294,22.08,0.276,12.8,NORMAL,0.0019285714285714145,-0.026535714285714284,0.12445060217191549,0.13507366369771262,0.009607142857142857,0.007964285714285708,0.17801163685878196,0.009898412931572157,0.09607142857142874,-0.13750000000000018,3.8929784166343584,0.03397191973748142,-0.01935714285714285,-0.03624999999999999,0.2021135937088467,0.04645374083596304,20.113288848051887,NORMAL
Node03,109,0.952,0.174,24.24,0.325,14.0,NORMAL,-0.01378571428571429,-0.015714285714285705,0.1209500093505774,0.05249891877943191,-0.003607142857142862,-0.01321428571428572,0.1873195639745594,0.011226708440674834,-0.3164285714285714,-0.41250000000000014,3.6305345270883955,0.019919601516422254,-0.03832142857142857,-0.018964285714285718,0.20416741496461507,0.03112962340972317,17.48214252038259,NORMAL
Node03,110,1.021,0.439,29.94,0.601,17.8,NORMAL,-0.027285714285714285,-0.013499999999999995,0.11036713624038978,0.07574819967887884,-0.033964285714285725,-0.030357142857142864,0.13160384275761644,0.020334719971761665,0.10071428571428585,0.41714285714285726,4.122650557474842,0.05482229364633774,-0.03967857142857142,-0.0013571428571428484,0.20267743549083814,0.01783970371931613,18.98911660161424,NORMAL
Node03,111,0.917,0.194,25.17,0.419,14.5,NORMAL,-0.03449999999999999,-0.007214285714285704,0.11564457041585074,0.04618511511583177,-0.02825,0.005714285714285724,0.12098622511123598,0.015512625713735819,0.9446428571428575,0.8439285714285716,3.1671791565245906,0.04844617331282986,0.011071428571428569,0.05074999999999999,0.10883998739958974,0.03404563322478936,18.176822974963823,NORMAL
Node03,112,0.93,0.0,25.7,0.388,14.1,NORMAL,-0.015749999999999983,0.018750000000000006,0.08410509298887114,0.02623989002596792,-0.03789285714285715,-0.009642857142857151,0.14496485616800206,0.025209901297005854,0.4778571428571429,-0.4667857142857145,2.5754269179155163,0.011767025297190712,0.01221428571428571,0.0011428571428571416,0.10862276355306358,0.01069517147242204,16.6412501795753,NORMAL
Node03,113,0.974,0.306,24.59,0.441,15.0,NORMAL,1.586032892321652e-17,0.01575,0.07185169912163987,0.009971961858573944,-0.02789285714285714,0.010000000000000012,0.14615565740153952,0.011461595255020397,0.09142857142857151,-0.3864285714285714,2.4111398213490736,0.013851095607025627,0.024428571428571428,0.012214285714285717,0.1080213823630259,0.014162585513397795,16.031619829837794,NORMAL
Node03,114,1.07,0.448,24.74,0.563,16.3,NORMAL,0.02500000000000002,0.025,0.07955710737158142,0.13615226121825097,0.01025,0.03814285714285714,0.158026369107606,0.018915680747604895,0.1585714285714286,0.0671428571428571,2.3789943853894,0.012619175395087417,0.031428571428571424,0.006999999999999996,0.11809298192929323,0.01152931427346608,19.342628606513426,NORMAL
Node03,115,0.957,0.469,21.56,0.705,15.3,NORMAL,0.006071428571428581,-0.018928571428571437,0.05382334420074973,0.02907520697032281,0.03625,0.025999999999999995,0.1761788863626967,0.017188848430950667,-0.6792857142857145,-0.8378571428571431,2.498104996077742,0.049839244358398864,0.03878571428571428,0.007357142857142854,0.1347376639816725,0.02424135462360228,17.686658809491032,NORMAL
Node03,116,1.039,0.44,26.9,0.622,17.0,NORMAL,0.009785714285714283,0.003714285714285702,0.057687169490360006,0.022589513882869897,0.03575,-0.0005000000000000004,0.17567488911812829,0.014747644120893555,-0.6178571428571434,0.061428571428571055,2.541337293256297,0.012857012757418717,0.028928571428571425,-0.009857142857142853,0.1193767545370937,0.014718511392967032,16.404934887156678,NORMAL
Node03,117,1.136,0.316,32.87,0.308,18.0,NORMAL,0.030642857142857118,0.020857142857142835,0.08078307224849,0.31126502267907835,0.05032142857142858,0.014571428571428582,0.16873633983511785,0.012467321286341076,0.8024999999999994,1.4203571428571429,3.4651489351624036,0.16323297898237613,0.01425,-0.014678571428571425,0.1413691553884301,0.02771712895775788,27.71802301391325,WATCH
Node03,118,1.059,0.0,28.87,0.642,16.6,NORMAL,0.024285714285714265,-0.006357142857142853,0.07295399724679731,0.04738448520789365,0.00042857142857142497,-0.049892857142857155,0.20341477681960923,0.031573936574637244,1.0082142857142857,0.2057142857142863,3.6086166720385093,0.06388276466689824,0.019821428571428573,0.005571428571428573,0.14711155469170165,0.011778651086560678,18.65843882537188,NORMAL
Node03,119,1.085,0.527,24.38,0.665,16.8,NORMAL,0.017499999999999988,-0.006785714285714277,0.06260914279803519,0.050150394400087776,-0.013785714285714281,-0.014214285714285707,0.17717129188067313,0.02424374757048972,0.6764285714285715,-0.33178571428571424,3.6886389282304575,0.028836113968233018,0.015464285714285724,-0.004357142857142849,0.14153646678001902,0.013056684241655164,17.695808323346192,NORMAL
Node03,120,1.049,0.652,25.35,0.759,17.6,NORMAL,0.0076071428571428444,-0.009892857142857144,0.05413519232088353,0.04820239310168443,0.01028571428571429,0.02407142857142857,0.2061422301412766,0.046622114949004846,0.3371428571428576,-0.3392857142857139,3.641736895912117,0.01599541828774272,0.01885714285714287,0.003392857142857147,0.14653034790494035,0.03082836836806111,18.020825829789523,NORMAL
Node03,121,1.085,0.161,23.09,0.655,15.3,NORMAL,0.01260714285714286,0.005000000000000016,0.055051058551303496,0.05986221528336913,-0.010321428571428565,-0.020607142857142855,0.22445553170792143,0.013473759292847158,-0.2499999999999996,-0.5871428571428572,3.814965518161587,0.03318831547812094,0.01717857142857144,-0.001678571428571432,0.14582605424010517,0.011984732848232798,17.811911263205968,NORMAL
Node03,122,1.064,0.619,26.24,0.642,17.5,NORMAL,-0.0013214285714285528,-0.013928571428571413,0.03230288207693223,0.14197429464301684,0.031392857142857146,0.04171428571428571,0.242328584482192,0.045946146718080734,-0.8949999999999998,-0.6450000000000002,3.244867008794336,0.026098567063668893,0.03110714285714286,0.013928571428571422,0.14175767384955953,0.015530340620049172,20.46022543418533,NORMAL
Node03,123,1.204,0.325,27.62,0.417,17.0,NORMAL,0.007642857142857158,0.008964285714285711,0.054914652394593616,0.1016577516642781,0.032107142857142855,0.000714285714285709,0.2421024969875756,0.014761965072202766,-0.7964285714285712,0.09857142857142864,3.2594156648378667,0.025159669919677996,0.011321428571428569,-0.019785714285714292,0.15969763095717274,0.014301635767777604,18.729881864214352,NORMAL
Node03,124,1.105,0.437,24.91,0.496,16.3,NORMAL,0.013964285714285722,0.006321428571428565,0.05248174285723877,0.08129067583369991,0.031214285714285712,-0.0008928571428571432,0.24180482093740693,0.02066932403549575,-0.16107142857142862,0.6353571428571425,1.9699069351960092,0.03291649136336583,-0.03753571428571429,-0.04885714285714286,0.11513677166950702,0.037589434413198695,18.830771188047745,NORMAL
Node03,125,0.965,0.263,24.43,0.606,15.3,NORMAL,-0.004607142857142853,-0.018571428571428576,0.07128781369176909,0.011788827534705384,-0.0377857142857143,-0.069,0.18513122758889552,0.016592817643549466,0.13571428571428573,0.2967857142857143,1.4572446276318556,0.039392827519409236,-0.03360714285714286,0.003928571428571427,0.11431493674015117,0.012485133474666853,16.81691503060735,NORMAL
Node03,126,0.92,0.579,26.35,0.529,16.3,NORMAL,-0.020928571428571418,-0.016321428571428563,0.09312715321895469,0.0212363122757705,-0.00703571428571429,0.030750000000000006,0.19080244083494172,0.03956036187159768,0.15535714285714292,0.019642857142857184,1.4748413958311393,0.023331678247794984,-0.033357142857142856,0.00025000000000000716,0.11411648184452337,0.008001302290278442,17.07915805232342,NORMAL
Node03,127,1.001,0.417,21.67,0.551,14.8,NORMAL,-0.02782142857142858,-0.006892857142857162,0.09546627427426672,0.02701569534625069,0.02235714285714285,0.02939285714285714,0.16491152028833375,0.013778194791717989,-0.25821428571428534,-0.41357142857142826,2.050466845797387,0.028656709770048944,-0.01246428571428571,0.020892857142857144,0.08501932553417321,0.018813833898558955,16.952309351996274,NORMAL
Node03,128,0.953,0.87,28.52,0.552,18.0,NORMAL,-0.033000000000000015,-0.005178571428571435,0.10012611095632394,0.03596036909352607,0.038535714285714284,0.016178571428571435,0.2061309107847544,0.10984257027309566,-0.12928571428571406,0.12892857142857128,2.266684173601859,0.019385878997965487,0.001107142857142866,0.013571428571428576,0.07324258454257464,0.022123129980785864,19.027553851891337,NORMAL
Node03,129,0.996,0.87,19.12,0.56,15.3,NORMAL,-0.031857142857142855,0.0011428571428571607,0.09960732426693857,0.0394709395027228,0.09482142857142858,0.0562857142857143,0.24764269575722353,0.1399428400537984,-0.7514285714285714,-0.6221428571428573,3.323261450242317,0.07329057196937135,0.01735714285714287,0.016250000000000004,0.059898326552663604,0.0245089151262974,21.16169256154191,NORMAL
Node03,130,0.998,0.012,29.41,0.533,16.1,NORMAL,-0.008071428571428571,0.023785714285714285,0.05821061922429781,0.03259755510929241,0.008214285714285714,-0.08660714285714287,0.31220338303892925,0.05442668694456315,0.18035714285714288,0.9317857142857143,3.642516790823149,0.07953838249435617,0.0015000000000000094,-0.01585714285714286,0.03369329451445933,0.048040179903859594,19.628545800239216,NORMAL
Node03,131,1.261,0.272,30.87,0.37,18.0,NORMAL,0.037107142857142845,0.045178571428571415,0.11307351169756354,0.6418943147418705,-0.02335714285714285,-0.03157142857142856,0.3231356784180086,0.019138245602446785,0.8175,0.6371428571428571,4.281482275589901,0.11924248813877016,-0.024678571428571428,-0.026178571428571436,0.07438573852048587,0.0332658937158877,35.2398163373859,WATCH
Node03,132,1.069,0.723,27.62,0.38,17.3,NORMAL,0.036142857142857136,-0.0009642857142857092,0.11248068617280371,0.16597891414672822,-0.02557142857142856,-0.0022142857142857103,0.3210273686597007,0.07218071631565923,0.825,0.007499999999999951,4.285206001604879,0.05133573029483101,-0.02957142857142858,-0.00489285714285715,0.08371152278879564,0.014287773375006928,22.25753276549886,NORMAL
Node03,133,1.079,0.391,29.5,0.996,19.1,NORMAL,0.02610714285714286,-0.010035714285714276,0.10258817345743772,0.12191182426555965,-0.03464285714285714,-0.009071428571428581,0.32454965134856667,0.02559321116240955,1.1942857142857142,0.3692857142857142,4.4625094370981975,0.13591833910060738,0.02860714285714285,0.05817857142857143,0.20792661251142477,0.20203006671080048,24.694408253601168,NORMAL
Node03,134,0.891,0.548,28.23,0.578,16.8,NORMAL,0.001821428571428573,-0.024285714285714285,0.1186854586511679,0.06308594329505905,-0.04332142857142856,-0.008678571428571417,0.3222058643904841,0.043326912088574095,0.6464285714285715,-0.5478571428571427,3.8887101546228235,0.048610578589773745,0.0284642857142857,-0.00014285714285714943,0.20791424514287932,0.011177028916076285,18.91146530862541,NORMAL
Node03,135,1.047,0.0,22.88,0.484,14.1,NORMAL,-0.008678571428571433,-0.010500000000000006,0.11300547816472477,0.05195440502374575,-0.05067857142857143,-0.007357142857142868,0.33518786487864494,0.05128958542128167,0.2696428571428569,-0.37678571428571456,4.237392504606488,0.044154336645197134,0.017428571428571415,-0.011035714285714284,0.21030669214721806,0.01244137683306331,18.699304157381835,NORMAL
Node03,136,1.137,0.224,25.06,0.534,16.0,NORMAL,-0.006749999999999994,0.0019285714285714392,0.11459847086156742,0.08423649566466743,-0.002964285714285713,0.047714285714285716,0.2669325757565007,0.018897226953468536,-1.0150000000000003,-1.2846428571428572,2.7894665815391684,0.07076873005324984,0.01532142857142857,-0.0021071428571428456,0.2104802897683115,0.012098933820008241,19.5084607347732,NORMAL
Node03,137,0.872,0.279,23.61,0.135,13.0,NORMAL,-0.03796428571428571,-0.031214285714285715,0.13556109148206766,0.19552414248674113,-0.048857142857142856,-0.045892857142857145,0.23433980211893768,0.018101128712919082,-1.1971428571428575,-0.18214285714285716,3.0314510119900078,0.03619712169316764,-0.03246428571428571,-0.04778571428571428,0.26393226042914514,0.13964021123659248,23.073953915003756,NORMAL
Node03,138,0.778,0.287,26.45,0.465,14.6,NORMAL,-0.037178571428571415,0.0007857142857142924,0.13368174716022196,0.18066894706168196,-0.0662857142857143,-0.01742857142857144,0.23359488741959109,0.014826070705982755,-0.6592857142857146,0.5378571428571429,2.45355330276801,0.020505982628401004,-0.0539642857142857,-0.02149999999999999,0.2587216743179913,0.02453326252981142,20.757813806854344,NORMAL
Node03,139,0.896,0.498,20.45,0.504,14.0,NORMAL,-0.03392857142857142,0.003249999999999996,0.1308477850677758,0.06131371079462489,0.0027857142857142803,0.06907142857142858,0.18397049452872288,0.024965839016552617,-1.070714285714286,-0.41142857142857137,3.1548662336747264,0.048825093361049864,-0.07325,-0.019285714285714295,0.2524843229456699,0.03908135013129144,18.837350799245414,NORMAL
Node03,140,0.947,0.195,28.27,0.835,17.0,NORMAL,-0.017607142857142856,0.016321428571428563,0.1193673800858988,0.06508161894600707,-5.9476233462061954e-18,-0.0027857142857142863,0.18593854591542566,0.01078450564426168,-0.11964285714285719,0.9510714285714288,2.8971406264666912,0.034780939147496914,0.0265,0.09974999999999999,0.20575551835451056,0.1632558117383568,19.857177575988963,NORMAL
Node03,141,0.894,0.062,25.31,0.774,15.2,NORMAL,-0.029107142857142852,-0.011499999999999996,0.11917454186432362,0.054952193968916555,0.012392857142857141,0.012392857142857146,0.16291891059226804,0.02207475040871691,0.37678571428571433,0.49642857142857155,2.5417832135652136,0.012436603668003548,0.06574999999999999,0.03924999999999999,0.22933091083991855,0.12545499048659142,18.78705391463074,NORMAL
Node03,142,0.941,0.663,24.61,0.55,16.2,NORMAL,-0.01339285714285715,0.0157142857142857,0.10946058216371338,0.041468796297475276,0.02825,0.01585714285714286,0.2013958433391457,0.05326686764130362,0.13821428571428576,-0.23857142857142857,2.431122609589476,0.012891947233444362,0.06057142857142856,-0.005178571428571428,0.22833517552263466,0.0231466579728932,17.81323978657054,NORMAL
Node03,143,0.97,0.613,26.91,0.53,16.8,NORMAL,0.022071428571428565,0.03546428571428571,0.0639132596720333,0.04418743723146986,0.04707142857142858,0.018821428571428576,0.2243263991003585,0.04923320112747523,0.3957142857142858,0.25750000000000006,2.558422132784934,0.010419684238752868,0.05803571428571429,-0.002535714285714273,0.228364787545007,0.021278439812679566,17.70998722906119,NORMAL
Node03,144,0.904,0.056,25.49,0.752,15.2,NORMAL,0.01857142857142857,-0.003499999999999996,0.0627341328829165,0.013965846199772645,0.0001785714285714327,-0.046892857142857146,0.2535057057684163,0.03725822037035364,0.2278571428571428,-0.16785714285714298,2.4748256311833177,0.009184321170472338,0.02242857142857143,-0.03560714285714286,0.1511875215309341,0.06361470318067013,17.193153916364807,NORMAL
Node03,145,0.895,0.54,25.43,0.399,15.3,NORMAL,-0.00046428571428571076,-0.01903571428571428,0.031080540535840077,0.06757089931735812,0.01425,0.014071428571428568,0.26270117008095867,0.03430620518962505,0.3921428571428572,0.16428571428571437,2.4292660071168277,0.011037344820060089,-0.025892857142857138,-0.04832142857142857,0.16465100176115655,0.027807237909031945,18.088059369123854,NORMAL
Node03,146,0.954,0.736,30.72,0.41,17.9,NORMAL,-0.0004999999999999964,-3.5714285714285676e-05,0.031036077317181908,0.02371019264067569,0.07042857142857142,0.056178571428571425,0.2946849811158317,0.09302995516358817,0.30249999999999994,-0.08964285714285725,2.1619028214801443,0.05215348941102756,-0.06510714285714285,-0.039214285714285715,0.17895476949164982,0.025284920130533947,19.233793171208987,NORMAL
Node03,147,0.93,0.404,29.73,0.418,16.6,NORMAL,0.002107142857142863,0.0026071428571428595,0.030068968341844644,0.024689536417916852,0.03925,-0.031178571428571424,0.27955466285470815,0.023574631598793895,0.8571428571428573,0.5546428571428574,2.3986514068177085,0.06171347051165909,-0.052821428571428575,0.012285714285714275,0.15872602931136526,0.008330809141894631,17.810455414737714,NORMAL
Node03,148,0.88,0.45,21.92,0.703,14.9,NORMAL,-0.007607142857142848,-0.00971428571428571,0.032946565685609615,0.04136935696410206,-0.013464285714285717,-0.052714285714285714,0.22556584932332374,0.028691045532178047,0.10000000000000028,-0.757142857142857,3.029160656966593,0.039112516064576344,-0.0038214285714285867,0.04899999999999999,0.1433711467286417,0.03939479663663517,18.16425613690718,NORMAL
Node03,149,0.904,0.178,17.51,0.623,12.6,NORMAL,-0.00753571428571428,7.142857142856777e-05,0.03289304456799917,0.02360632844270214,-0.02332142857142857,-0.009857142857142853,0.23927857842949105,0.015010015740594872,-1.108571428571428,-1.2085714285714284,4.540589955375528,0.322279184091082,0.007142857142857136,0.010964285714285722,0.14704583023831783,0.011426957195415262,24.284737108340682,NORMAL
Node03,150,1.063,0.255,22.45,0.494,14.8,NORMAL,0.015035714285714279,0.02257142857142856,0.06229614373145035,0.07884754808172606,-0.014750000000000001,0.008571428571428568,0.2305706172169592,0.01485542086593733,-1.2057142857142853,-0.0971428571428572,4.6037629536427405,0.08969941094916507,-0.0011785714285714316,-0.008321428571428566,0.14839779230805544,0.00775222229373404,19.712465982934003,NORMAL
Node03,151,0.939,0.256,24.73,0.412,14.6,NORMAL,0.011571428571428562,-0.0034642857142857166,0.06098477561771343,0.010922603458728197,-0.07285714285714286,-0.05810714285714286,0.19408135260393108,0.021057637254540264,-1.102142857142857,0.1035714285714282,4.592350264557457,0.06676173925058752,0.01471428571428571,0.01589285714285714,0.12172568692409526,0.009590278106609937,17.550701576605807,NORMAL
Node03,152,0.812,0.212,32.47,0.055,15.1,NORMAL,-0.008035714285714285,-0.019607142857142847,0.07673982017179865,0.04561248622795651,-0.07367857142857141,-0.0008214285714285563,0.19500463974944166,0.015607919290373702,-0.1507142857142858,0.9514285714285713,5.479089688034299,0.18410357518787265,-0.04592857142857143,-0.06064285714285714,0.20647518010647187,0.2149977753456753,23.930649486681446,NORMAL
Node03,153,0.915,0.536,23.69,0.518,15.3,NORMAL,-0.005214285714285715,0.0028214285714285702,0.07577787087458786,0.006067368143444899,-7.142857142857149e-05,0.07360714285714284,0.13564010503991103,0.03963303355523092,0.36428571428571416,0.5149999999999999,5.019278548044244,0.05071803823919048,-0.04310714285714286,0.002821428571428572,0.20745670804841598,0.018229740276070872,17.522659014325765,NORMAL
Node03,154,0.932,0.615,24.14,0.573,15.9,NORMAL,-0.0026071428571428474,0.0026071428571428673,0.075823730422857,0.0055813078415906875,0.04171428571428572,0.04178571428571429,0.1736489342925904,0.039773562517196506,1.037142857142857,0.6728571428571428,4.492007187374989,0.11187298834174583,-0.03710714285714285,0.006000000000000005,0.21042406163337335,0.016511912320852244,19.050799638256372,NORMAL
Node03,155,0.93,0.048,21.5,0.29,12.5,NORMAL,-0.0074285714285714155,-0.0048214285714285685,0.07367366913497331,0.0066377760011595765,0.02178571428571429,-0.019928571428571427,0.20207836763658468,0.021176315218933164,0.5110714285714285,-0.5260714285714284,4.524679941324973,0.07459547188551055,-0.026250000000000002,0.01085714285714285,0.1957028846175218,0.029794896439602266,17.90132944911735,NORMAL
Node03,156,1.041,0.237,29.34,0.149,15.6,NORMAL,0.0012857142857142909,0.008714285714285706,0.08378316685121803,0.015943474599533405,-0.002392857142857145,-0.024178571428571435,0.19731603849565563,0.01065311501666164,0.2100000000000001,-0.30107142857142843,3.965328305629758,0.04656941248823695,-0.027178571428571434,-0.0009285714285714314,0.19719654203478362,0.04534970957235004,17.398666111889668,NORMAL
Node03,157,1.02,0.629,23.6,0.632,16.4,NORMAL,0.02557142857142857,0.024285714285714282,0.07501491915104681,0.06977528087555913,0.024321428571428574,0.026714285714285718,0.22859383818717174,0.048121364038528604,-0.4228571428571427,-0.6328571428571428,3.8410216894789353,0.03408462256288687,0.02214285714285714,0.04932142857142857,0.21900141334616782,0.05028539829688489,19.312145351784388,NORMAL
Node03,158,1.061,0.281,24.13,0.692,16.0,NORMAL,0.03807142857142855,0.012499999999999976,0.08752469039403352,0.09451592734704203,0.0005357142857142881,-0.023785714285714285,0.22685300464019806,0.011826612525928138,-0.7142857142857143,-0.2914285714285716,3.871251797053567,0.029958688416889395,0.06124999999999999,0.039107142857142854,0.2501232077349462,0.07002718985053187,19.318264888750505,NORMAL
Node03,159,0.83,0.169,25.39,0.422,14.0,NORMAL,0.0033214285714285546,-0.034749999999999996,0.08262306838027395,0.0567309088975968,-0.04242857142857142,-0.042964285714285705,0.23221880076464832,0.019008009137959265,0.2564285714285713,0.9707142857142856,2.413099173065131,0.026582854901746077,0.010428571428571426,-0.050821428571428566,0.19414685163555964,0.03205973667947328,17.937182813728164,NORMAL
Node03,160,0.769,0.607,22.09,0.61,14.5,NORMAL,-0.023892857142857153,-0.027214285714285708,0.11011033427560608,0.2227450678059958,0.009357142857142859,0.05178571428571428,0.24254474304950907,0.045951113594698126,-0.12785714285714292,-0.38428571428571423,2.5773740789526736,0.018110607906829137,0.032785714285714286,0.02235714285714286,0.20108574337947527,0.017676162192049878,22.343651962513007,NORMAL
Node03,161,0.899,0.55,29.26,0.222,16.0,NORMAL,-0.029535714285714283,-0.00564285714285713,0.111232061154019,0.03501752886431984,0.06378571428571429,0.05442857142857144,0.23261730271802553,0.04176943544063148,0.3775000000000001,0.5053571428571431,3.1769107486301698,0.022858727730475547,0.018142857142857145,-0.014642857142857141,0.21745880835995893,0.05929394340488372,18.119442824692968,NORMAL
Node03,162,0.918,0.262,21.82,0.31,13.2,NORMAL,-0.03224999999999999,-0.002714285714285704,0.11142710621747294,0.03834173585821319,0.008678571428571433,-0.05510714285714286,0.19592576339497764,0.01554513833237909,-0.4742857142857142,-0.8517857142857144,3.119187928505324,0.04585384359255351,-0.014964285714285716,-0.03310714285714286,0.21541930319838143,0.05339080034439029,18.15805416994858,NORMAL
Node03,163,0.985,0.188,26.88,0.468,15.5,NORMAL,-0.011499999999999995,0.02074999999999999,0.10424330514074591,0.05114282011802528,-0.034999999999999996,-0.04367857142857143,0.20307774725107483,0.01611548158509434,0.324642857142857,0.7989285714285712,2.666242228126998,0.021778419304813414,-0.052,-0.03703571428571428,0.17507984573031923,0.018058249816272385,17.432188274123114,NORMAL
Node03,164,0.834,0.473,22.83,0.288,13.7,NORMAL,-0.007928571428571424,0.003571428571428571,0.09990471651004461,0.025574892803408446,0.009607142857142852,0.044607142857142845,0.17877999248877297,0.018429734241599317,-0.04250000000000017,-0.36714285714285716,2.736015524879374,0.01840419576057753,-0.0507142857142857,0.0012857142857142997,0.17338753731234,0.02372064065566343,16.815536779375336,NORMAL
Node03,165,0.859,0.25,27.64,0.562,15.6,NORMAL,0.010821428571428569,0.018749999999999992,0.07022074039023214,0.03374006461646356,-0.013821428571428577,-0.02342857142857143,0.1814680871852312,0.01016675676629962,0.2089285714285712,0.2514285714285714,2.943206867800269,0.01173954085428049,0.0007857142857142924,0.05149999999999999,0.14538422001225385,0.026712598711544727,16.716359154360035,NORMAL
Node03,166,0.94,0.391,24.5,0.495,15.2,NORMAL,0.012464285714285702,0.0016428571428571334,0.07191595623993859,0.007756250971092637,-0.03703571428571429,-0.023214285714285715,0.16142873999148385,0.011996015000889355,0.17857142857142844,-0.030357142857142777,2.949320341399096,0.012929473466582768,0.011178571428571432,0.01039285714285714,0.14882252133713786,0.007853562459341311,15.882534213286224,NORMAL
Node03,167,0.898,0.241,21.84,0.119,12.4,NORMAL,-0.003035714285714292,-0.015499999999999995,0.05005901279394912,0.024881640398141627,-0.021678571428571436,0.015357142857142854,0.1362532655790399,0.013799893107120417,-0.5764285714285716,-0.7550000000000001,2.9916813237470907,0.04066435787936963,0.0055357142857142905,-0.005642857142857141,0.16075550794088936,0.045999625470875424,17.551165909356506,NORMAL
Node03,168,0.982,0.467,25.06,0.711,16.5,NORMAL,0.004428571428571425,0.007464285714285717,0.05772306628162073,0.009117583695562367,0.022821428571428572,0.04450000000000001,0.11679163375124826,0.02402679428514016,0.04678571428571424,0.6232142857142858,2.3366979143349154,0.018381677576234212,0.025428571428571422,0.019892857142857132,0.1970088226209075,0.02704025736404651,16.556563822381634,NORMAL
Node03,169,0.958,0.473,28.8,0.538,17.0,NORMAL,0.009071428571428572,0.004642857142857147,0.05982951970868084,0.007641391845855844,0.029785714285714287,0.0069642857142857145,0.12489824429739366,0.020946385098004817,0.15785714285714306,0.11107142857142882,2.548305692957952,0.018851055075026844,0.02189285714285714,-0.003535714285714281,0.19426172821124355,0.008820515171292067,16.233129648249086,NORMAL
Node03,170,0.984,0.384,24.62,0.277,14.7,NORMAL,0.024642857142857143,0.015571428571428571,0.05965575851340357,0.023194780204510025,0.009107142857142859,-0.020678571428571428,0.10097312230772815,0.01568861792647199,0.2946428571428574,0.13678571428571432,2.4661064357364944,0.013642488888915446,0.004821428571428572,-0.01707142857142857,0.20514663745024644,0.038089670565511005,16.758376792530143,NORMAL
Node03,171,0.902,0.201,18.5,0.469,12.5,NORMAL,0.009892857142857148,-0.014749999999999996,0.04713253855327749,0.03819822780024927,0.002535714285714286,-0.006571428571428573,0.11215529200091062,0.013618497059611956,-0.7221428571428571,-1.0167857142857144,3.457155450587059,0.14478352514176382,-0.010571428571428577,-0.015392857142857149,0.19588346875970247,0.011975366160135533,20.108113681079814,NORMAL
Node03,172,0.863,0.416,23.8,0.493,14.6,NORMAL,-0.007892857142857137,-0.017785714285714287,0.046115279979840156,0.05325066444479228,-0.0031428571428571456,-0.005678571428571432,0.10640466334213167,0.01633131827790724,-0.3292857142857141,0.39285714285714296,3.152855093101368,0.019056447642408755,0.009285714285714286,0.019857142857142865,0.19116348027402144,0.011397931358413563,17.33619549644893,NORMAL
Node03,173,1.054,0.217,23.65,0.442,14.8,NORMAL,0.00621428571428572,0.014107142857142856,0.06535215958103269,0.02513734321153674,-0.01592857142857143,-0.012785714285714286,0.11953341831989117,0.012484231910682255,-0.26392857142857146,0.06535714285714267,3.141086405930886,0.015546786252725129,0.016571428571428574,0.007285714285714288,0.18981206243971704,0.011463703910750677,16.448897454302745,NORMAL
Node03,174,0.759,0.141,24.21,0.366,13.1,NORMAL,-0.02135714285714285,-0.02757142857142857,0.09685457926091841,0.16189766588120358,-0.05207142857142858,-0.03614285714285715,0.13822910588687795,0.0178387652195461,-0.48821428571428566,-0.2242857142857142,3.026166048382169,0.013606802925600453,-0.03610714285714286,-0.052678571428571436,0.13667409968172287,0.025551049551732243,20.180213597273443,NORMAL
Node03,175,0.892,0.644,20.61,0.558,14.6,NORMAL,-0.017714285714285707,0.003642857142857142,0.09457096101164811,0.01480441181639326,0.001535714285714291,0.053607142857142874,0.1782093471975346,0.0439103211104099,-0.7228571428571431,-0.23464285714285743,3.248060226980904,0.03170045642315478,0.007535714285714286,0.04364285714285714,0.09887702800280088,0.02758931124793897,17.470732182115906,NORMAL
Node03,176,0.978,0.249,28.81,0.781,17.3,NORMAL,-0.005071428571428572,0.012642857142857135,0.09633695824453627,0.011466746699368433,0.0073571428571428555,0.005821428571428564,0.17326253132718789,0.009819167894295051,0.614285714285714,1.3371428571428572,3.250803563662961,0.05071135583292487,0.05582142857142858,0.04828571428571429,0.1594403904135903,0.09689034820894257,18.029550871991265,NORMAL
Node03,177,0.801,0.211,23.0,0.283,12.8,NORMAL,-0.008392857142857143,-0.0033214285714285707,0.10045515464742512,0.04771545894643982,0.004392857142857143,-0.0029642857142857127,0.1752246177529478,0.00983302157960287,0.7314285714285713,0.11714285714285733,3.211649924586308,0.029302471481454838,0.00478571428571429,-0.05103571428571429,0.15815483672955558,0.059300128005980016,17.92898556655412,NORMAL
Node03,178,0.982,0.209,24.57,0.515,15.0,NORMAL,0.0024999999999999983,0.010892857142857142,0.1060808317140418,0.016471348113681058,-0.018749999999999996,-0.02314285714285714,0.1745187941850663,0.010444384344069626,0.20035714285714284,-0.5310714285714284,2.4528671270285196,0.015868854847549515,0.00582142857142857,0.0010357142857142804,0.15835553729022614,0.007638907604598384,16.144014414781488,NORMAL
Node03,179,1.008,0.0,21.56,0.497,13.5,NORMAL,0.007749999999999995,0.005249999999999996,0.11076164885529131,0.027846536912331098,-0.033857142857142856,-0.01510714285714286,0.1970691200955596,0.02450379935539791,-0.11285714285714286,-0.3132142857142857,2.63666907470843,0.018079863777473767,0.006714285714285713,0.0008928571428571423,0.1583705720619778,0.007545200225878458,16.78803025677218,NORMAL
Node03,180,0.984,0.475,28.15,0.359,16.3,NORMAL,0.032535714285714286,0.024785714285714293,0.099773791768227,0.10646401032093435,-0.011642857142857146,0.02221428571428571,0.215587458774745,0.023061147849079068,0.33857142857142836,0.45142857142857123,3.108149809467883,0.014248910700836954,-0.014607142857142862,-0.021321428571428575,0.16565267738195336,0.015651860328639605,18.767790097038255,NORMAL
Node03,181,0.78,0.104,27.92,0.469,14.6,NORMAL,-0.004178571428571428,-0.03671428571428571,0.09448179466865307,0.10845907806424591,-0.04925,-0.03760714285714285,0.2198482160383343,0.021334971258567266,0.6846428571428573,0.346071428571429,3.3723130397540557,0.019031022415801766,-0.03203571428571429,-0.017428571428571432,0.1582633429265467,0.010272928173804962,18.835345535701784,NORMAL
Node03,182,0.888,0.565,26.57,0.502,16.1,NORMAL,-0.011071428571428569,-0.006892857142857141,0.09467613970040933,0.012118678676639313,0.035714285714285705,0.08496428571428571,0.1984531850756411,0.04449499001062828,0.23928571428571452,-0.4453571428571428,2.798819479028699,0.010762188038355623,-0.022178571428571433,0.00985714285714286,0.1559207674246305,0.006739551218191304,16.61490991699016,NORMAL
Node03,183,1.042,0.542,23.38,0.427,15.5,NORMAL,0.010964285714285716,0.022035714285714283,0.10413429973333656,0.07048649360992723,0.06460714285714286,0.028892857142857158,0.22510251632787862,0.04047819609562266,0.4107142857142857,0.17142857142857118,2.5675372673142687,0.01815986620453595,0.0135,0.035678571428571434,0.08643494663618415,0.035391535367272214,18.571885918233512,NORMAL
Node03,184,0.868,0.266,16.84,0.508,12.1,NORMAL,-0.01321428571428571,-0.024178571428571424,0.09318798205777394,0.04503481939846115,0.048035714285714286,-0.016571428571428577,0.2223868358556881,0.013654330227838686,-0.7546428571428571,-1.1653571428571428,4.020412203458035,0.2284660190777433,-0.0006428571428571435,-0.014142857142857143,0.05681674803385757,0.03357757837714586,22.692540022793395,NORMAL
Node03,185,0.932,0.311,22.57,0.537,14.4,NORMAL,-0.007071428571428566,0.0061428571428571435,0.0909641478302094,0.008987148941816077,0.03403571428571429,-0.013999999999999999,0.21806399235523677,0.0123567614920042,-0.8617857142857142,-0.1071428571428571,4.055789512712485,0.05415815469195914,0.013428571428571434,0.014071428571428577,0.06033991019138795,0.023667210332240788,17.174543356102426,NORMAL
Node03,186,0.979,0.41,29.26,0.179,15.9,NORMAL,0.009607142857142857,0.016678571428571425,0.08734741798457141,0.015245477542728732,-0.0028571428571428537,-0.036892857142857144,0.16548054122406514,0.01694604211546016,-0.6107142857142855,0.2510714285714286,4.362005873230255,0.07333431722475461,-0.014214285714285707,-0.027642857142857143,0.12394142241589853,0.0353345176091378,18.06940326104086,NORMAL
Node03,187,0.921,0.514,28.18,0.72,17.3,NORMAL,0.01767857142857143,0.008071428571428571,0.08337608427223857,0.010722903478590767,0.024607142857142862,0.027464285714285715,0.1697408388719473,0.022260623856801096,0.1910714285714285,0.8017857142857141,4.365680550231163,0.06574299725300345,0.007749999999999999,0.021964285714285707,0.1610391848204003,0.023656304602802852,17.72453660929841,NORMAL
Node03,188,0.863,0.514,28.6,0.444,16.3,NORMAL,-0.00735714285714286,-0.02503571428571429,0.064660284417503,0.03517226078807475,-0.0023214285714285693,-0.02692857142857143,0.11870551798463289,0.02628416628667996,1.0039285714285717,0.8128571428571432,4.449287262344066,0.13778276346170754,0.002964285714285713,-0.0047857142857142855,0.16153372049557596,0.008508280609428074,20.077372229731605,NORMAL
Node03,189,0.804,0.207,29.11,0.446,15.3,NORMAL,-0.02625,-0.01889285714285714,0.07935333881414429,0.08499378429318627,-0.010928571428571432,-0.008607142857142862,0.1349054342510938,0.01211938002273025,1.6542857142857146,0.6503571428571429,4.690277177310527,0.15102334961191,0.003999999999999999,0.001035714285714286,0.1612941707682256,0.00795653744316742,21.377419592463355,NORMAL
Node03,190,1.034,0.116,23.58,0.701,15.3,NORMAL,0.004500000000000004,0.030750000000000003,0.07725899546947514,0.05394560508046706,-0.01978571428571429,-0.008857142857142857,0.15241500363590632,0.015560514022500778,1.1657142857142855,-0.4885714285714291,4.676367637997925,0.12037684216214367,0.023642857142857136,0.019642857142857136,0.18218671740826772,0.022286428480825484,20.060035290795238,NORMAL
Node03,191,0.758,0.436,25.92,0.114,13.6,NORMAL,-0.018892857142857145,-0.02339285714285715,0.09695310599410811,0.1409493443469597,-0.018571428571428572,0.0012142857142857164,0.15331526808694373,0.016412679502602005,-0.013571428571428663,-1.179285714285714,2.755212376223517,0.03349975562432204,-0.017821428571428575,-0.04146428571428571,0.23446656782699624,0.12739303522978743,21.421482687877766,NORMAL
Node03,192,0.869,0.19,28.18,0.35,14.9,NORMAL,-0.01732142857142857,0.0015714285714285743,0.09626995773295405,0.019129768181094246,-0.04335714285714286,-0.024785714285714286,0.16584430449470774,0.011805769389077353,-0.4564285714285716,-0.4428571428571429,2.0684834564298096,0.03139130391790759,-0.01578571428571429,0.0020357142857142865,0.23338166166175095,0.020172179746205318,16.796355229806558,NORMAL
Node03,193,0.897,0.462,16.87,0.715,13.5,NORMAL,-0.003785714285714289,0.013535714285714283,0.08824964589164083,0.01060698195532646,-0.020535714285714286,0.022821428571428572,0.1705479963166353,0.019717533427670395,-1.3557142857142854,-0.8992857142857138,4.374336956559681,0.2817443024869417,-0.01910714285714286,-0.0033214285714285724,0.22823953582647707,0.03246949618033384,23.28794141491509,NORMAL
Node03,194,0.797,0.38,24.43,0.48,14.4,NORMAL,-0.006321428571428569,-0.00253571428571428,0.09059380826104009,0.03484359919182321,0.006500000000000004,0.027035714285714288,0.15574414305275847,0.013129159389510621,-1.1567857142857143,0.19892857142857112,4.259129130747382,0.06444707353693002,0.010535714285714282,0.029642857142857144,0.20641601543623359,0.019387977494389315,18.058103504663773,NORMAL
Node03,195,0.987,0.08,23.58,0.524,14.3,NORMAL,0.007642857142857138,0.013964285714285707,0.10254754994635415,0.020156855143639078,0.006178571428571434,-0.00032142857142856973,0.1563401359064207,0.01963605440972431,-0.8550000000000001,0.3017857142857142,4.015000444760694,0.045504734286598805,0.014035714285714289,0.0035000000000000066,0.20731836571298926,0.013466892119778811,17.263339561204887,NORMAL
Node03,196,0.865,0.489,24.63,0.379,14.7,NORMAL,-0.004321428571428575,-0.011964285714285712,0.09768779228698313,0.019281551432603187,0.02132142857142857,0.015142857142857137,0.1735970978471483,0.01789719332979404,-0.18857142857142875,0.6664285714285714,3.4841682754179035,0.02777228141371824,-0.000571428571428562,-0.01460714285714285,0.21044193860494995,0.018308081623033885,16.813616136533003,NORMAL
Node03,197,0.923,0.349,22.37,0.627,14.7,NORMAL,0.02060714285714286,0.024928571428571432,0.07650801389708264,0.0358712212392907,-0.0016071428571428606,-0.02292857142857143,0.15169973475194187,0.009552453206965348,-0.3942857142857145,-0.20571428571428577,3.531474803211016,0.0237179731947856,0.05021428571428572,0.05078571428571428,0.19817909168464867,0.04278557030024038,17.268030110045025,NORMAL
Node03,198,1.155,0.435,23.73,0.536,16.3,NORMAL,0.034928571428571434,0.014321428571428575,0.11590636615081033,0.3246105488173492,0.022071428571428568,0.023678571428571427,0.15159564009310458,0.015754101875918858,-0.07678571428571423,0.3175000000000003,3.3976777783825063,0.020422905834629038,0.010035714285714295,-0.040178571428571425,0.12910387106438567,0.020845191141032254,24.39890394553688,NORMAL
Node03,199,0.825,0.368,24.17,0.453,14.3,NORMAL,0.015571428571428566,-0.019357142857142868,0.12070586051184409,0.11931460606665276,0.0034642857142857092,-0.01860714285714286,0.13625396455568864,0.01074591790270866,0.6889285714285717,0.7657142857142859,2.729504577408735,0.04371303803672341,-0.020392857142857133,-0.03042857142857143,0.11175398149932904,0.013880021383550675,19.562525952708924,NORMAL
Node03,200,0.9,0.2,24.29,0.193,13.4,NORMAL,0.009821428571428568,-0.005749999999999998,0.12061054996104098,0.030990074912951485,-0.0006428571428571435,-0.004107142857142853,0.1414210195193938,0.010421006211597252,-0.004999999999999767,-0.6939285714285715,0.7648062312955949,0.07575117318561683,-0.030214285714285714,-0.009821428571428582,0.13901318882273964,0.01790885635677875,18.171686127058862,NORMAL
Node03,201,0.807,0.386,27.93,0.356,15.1,NORMAL,-0.02028571428571428,-0.030107142857142846,0.11893475602394865,0.2063395606227158,0.012821428571428572,0.013464285714285715,0.14180133655089097,0.012890062842157926,0.5060714285714287,0.5110714285714285,1.7233480703063357,0.03714208055984637,-0.0375,-0.007285714285714284,0.14328027810985744,0.007386922007086499,21.576878941141544,NORMAL
Node03,202,0.801,0.334,26.97,0.599,15.4,NORMAL,-0.024249999999999994,-0.003964285714285715,0.12299845140333698,0.1096937682268055,-0.02235714285714285,-0.03517857142857142,0.09051966374114258,0.01945290128110741,0.6678571428571427,0.16178571428571398,1.9238503060269523,0.02707463931320628,-0.008035714285714294,0.029464285714285707,0.1532177100294436,0.01239396502359746,19.0589915985447,NORMAL
Node03,203,0.923,0.479,20.06,0.798,14.9,NORMAL,-0.025928571428571422,-0.0016785714285714286,0.12246962694402856,0.034975477944055575,0.00735714285714286,0.02971428571428571,0.08830412814596522,0.03154566219097202,0.11821428571428529,-0.5496428571428574,2.655250862509443,0.039745571063938875,0.019357142857142857,0.02739285714285715,0.19692420586901668,0.047310437809147315,18.178940153328643,NORMAL
Node03,204,0.987,0.265,29.71,0.331,16.2,NORMAL,-0.014535714285714282,0.01139285714285714,0.12637642185154635,0.040444113650390315,-0.005499999999999999,-0.012857142857142859,0.09611253324941053,0.013099919047626397,0.44285714285714267,0.3246428571428574,3.1980507455993523,0.02548510685965803,0.01717857142857143,-0.002178571428571429,0.19909533490504588,0.020128245160118317,17.216203528559802,NORMAL
Node03,205,0.903,0.723,29.83,0.496,17.6,NORMAL,0.018714285714285718,0.03325,0.06927481504847198,0.0436137602865093,0.04599999999999999,0.05149999999999999,0.17033384586634284,0.05766841106770679,0.7124999999999997,0.269642857142857,3.5242905398851283,0.04496077802888595,0.030250000000000003,0.013071428571428574,0.19733679211898,0.012434755722876384,18.642647597698023,NORMAL
Node03,206,1.023,0.174,24.29,0.486,14.9,NORMAL,0.026678571428571413,0.007964285714285695,0.08307569697914921,0.025027446268023806,0.018821428571428565,-0.027178571428571427,0.18985207274035626,0.011755512984825607,0.23357142857142854,-0.47892857142857115,3.5134022311849296,0.02223834703876884,0.03182142857142857,0.0015714285714285674,0.19751190440313307,0.011047983745275533,16.59594417300302,NORMAL
Node03,207,0.872,0.0,24.12,0.348,13.1,NORMAL,0.022107142857142843,-0.00457142857142857,0.08409659978404649,0.01946894458937694,-0.04407142857142858,-0.06289285714285714,0.229815661118293,0.040476706501158616,-0.25071428571428556,-0.4842857142857141,3.528989468200021,0.021243516591311296,-0.019714285714285715,-0.05153571428571428,0.1684049823943404,0.0361889373453233,17.359706724410042,NORMAL
Node03,208,0.814,0.795,27.34,0.276,15.8,NORMAL,-0.000964285714285731,-0.023071428571428573,0.08280642947202083,0.0545593069890013,0.01192857142857143,0.05600000000000001,0.2887107631556274,0.09942675527255825,0.1360714285714288,0.38678571428571434,3.485612605854993,0.01567844772975556,-0.06121428571428572,-0.04150000000000001,0.18107154597535408,0.07240366997596753,19.82702808706375,NORMAL
Node03,209,0.834,0.429,26.5,0.751,16.2,NORMAL,-0.023000000000000013,-0.022035714285714283,0.0767289601997403,0.05295092247403475,0.006678571428571432,-0.005249999999999999,0.2875567852823243,0.022370261739463604,0.31678571428571445,0.18071428571428566,3.4693295633375074,0.013243331244029672,-0.01425,0.04696428571428572,0.20568179306880813,0.07102448866021692,18.06888376219201,NORMAL
Node03,210,0.992,0.366,27.23,0.515,16.3,NORMAL,-0.01185714285714286,0.011142857142857154,0.08314130255460393,0.0114675400827777,0.012,0.005321428571428568,0.2861592962969102,0.0181529451946368,-0.394642857142857,-0.7114285714285715,2.288010156487614,0.026463750797421935,0.030428571428571433,0.044678571428571436,0.15951891961233222,0.02394070579263181,16.658242001687178,NORMAL
Node03,211,0.926,0.388,18.45,0.421,12.9,NORMAL,-0.0011071428571428502,0.01075000000000001,0.07770548794739568,0.006982227212789078,-0.006857142857142853,-0.018857142857142854,0.2807037075433301,0.01940515447390976,-0.9242857142857142,-0.5296428571428571,3.6313489557043725,0.08997667503561721,0.00842857142857143,-0.022000000000000006,0.15101750135095507,0.01388494063468055,18.06184453299712,NORMAL
Node03,212,0.979,0.348,26.06,0.482,15.7,NORMAL,0.005500000000000013,0.006607142857142863,0.08190034594961529,0.007783015830118522,0.031035714285714285,0.03789285714285714,0.24463880080057385,0.0169397001121894,-0.21928571428571444,0.7049999999999997,3.1053011509506194,0.01524200656814386,0.013321428571428571,0.0048928571428571415,0.15071480478357918,0.008426238411223433,16.054541238282813,NORMAL
Node03,213,0.924,0.485,32.45,0.859,19.1,NORMAL,0.020642857142857154,0.015142857142857142,0.06862076598092975,0.018669118294362488,0.01857142857142857,-0.012464285714285716,0.23383673588129616,0.023398661988411933,0.5135714285714287,0.7328571428571431,4.197187266775329,0.13529100125339072,0.057678571428571426,0.04435714285714286,0.2116016022983713,0.137470525242599,21.1759538125646,NORMAL
Node03,214,0.911,0.676,28.29,0.45,16.9,NORMAL,0.016357142857142872,-0.004285714285714282,0.06697725271278587,0.011560138726350352,-0.009392857142857144,-0.027964285714285712,0.17168132161209676,0.04980687654817222,0.48500000000000004,-0.028571428571428636,4.178220172456666,0.047020689057969293,0.02517857142857142,-0.0325,0.20088613216257137,0.023340292808551925,17.849795968457848,NORMAL
Node03,215,0.887,0.226,18.99,0.474,12.6,NORMAL,-0.0001785714285714208,-0.016535714285714292,0.05363279025443475,0.025162402974455687,0.0038571428571428645,0.013250000000000008,0.13936334832782563,0.011629776981370816,-0.22892857142857156,-0.7139285714285716,5.040429403476313,0.12531917749741792,-0.018678571428571433,-0.04385714285714286,0.16963770919507368,0.025965835988734542,19.415477471743273,NORMAL
Node03,216,0.838,0.07,21.41,0.678,13.4,NORMAL,-0.021714285714285717,-0.021535714285714297,0.052551108909508724,0.09391327371049157,-0.03157142857142857,-0.035428571428571434,0.19073704162437627,0.02180182918770191,-0.505357142857143,-0.27642857142857136,5.223213296703204,0.05134742714815765,0.02010714285714286,0.0387857142857143,0.15811960512159623,0.029643327519293515,19.54538916800521,NORMAL
Node03,217,1.13,0.12,22.82,0.144,13.7,NORMAL,0.010464285714285695,0.03217857142857141,0.09317980570100039,0.1994413264836548,-0.05782142857142857,-0.026250000000000002,0.21210992208668378,0.018195804310783308,-0.3446428571428571,0.16071428571428586,5.13195451488584,0.04292930147314187,-0.029428571428571415,-0.04953571428571428,0.22249826109539864,0.12181370786860142,23.12023662982713,NORMAL
Node03,218,0.776,0.439,35.43,0.277,17.2,NORMAL,-0.009642857142857151,-0.020107142857142844,0.11271159994386006,0.13990194371493395,-0.03796428571428572,0.01985714285714285,0.2152693772042479,0.022497777028640236,0.07035714285714281,0.4149999999999999,5.97767154859291,0.11788329349630261,-0.06489285714285713,-0.03546428571428571,0.23730701432452234,0.08845067115820933,23.179347368012305,NORMAL
Node03,219,0.835,0.504,27.67,0.678,16.6,NORMAL,-0.010500000000000013,-0.0008571428571428619,0.11343930619708578,0.031486396679052474,-0.018678571428571426,0.019285714285714295,0.22439325598897425,0.027034650735508595,0.13464285714285712,0.06428571428571431,5.9892033813235255,0.03619642998550639,-0.043535714285714275,0.021357142857142852,0.24878897158224755,0.04919783052842746,17.927670747313257,NORMAL
Node03,220,0.921,0.514,26.44,0.228,15.1,NORMAL,-0.004857142857142858,0.005642857142857155,0.11333977572725629,0.014906810352659613,0.015678571428571427,0.03435714285714285,0.22733413629239566,0.026981211762407354,0.9225000000000004,0.7878571428571433,5.436652944422261,0.07451442349133017,-0.02353571428571428,0.019999999999999993,0.21229527953839608,0.05539130263450913,18.559831321562886,NORMAL
Node03,221,0.865,0.628,28.15,0.804,17.6,NORMAL,-0.0069642857142857085,-0.002107142857142851,0.11390848457047811,0.022776480036694885,0.08850000000000001,0.07282142857142858,0.2168415045493784,0.07556138929147053,1.5139285714285715,0.5914285714285711,5.426490139868978,0.12513195999166932,0.022285714285714298,0.04582142857142858,0.25825762331439517,0.0956179940584848,21.596474167412715,NORMAL
Node03,222,0.749,0.005,29.16,0.405,14.3,NORMAL,-0.023285714285714274,-0.016321428571428567,0.12640524401418518,0.21363253426588255,0.03200000000000001,-0.0565,0.25232697985333385,0.04909058075783082,0.8899999999999999,-0.6239285714285716,4.581083257213714,0.12531479642123047,0.016142857142857143,-0.006142857142857155,0.2593494608769081,0.017998419634784272,24.915811623968786,NORMAL
Node03,223,0.836,0.56,32.46,0.564,17.9,NORMAL,-0.03235714285714285,-0.009071428571428574,0.12650089403034345,0.10917221689765931,0.020571428571428574,-0.011428571428571434,0.23707011219307694,0.038173586975157686,0.6021428571428571,-0.2878571428571428,4.092093421639903,0.12877163194839564,0.05864285714285713,0.04249999999999998,0.24658090529711107,0.042528171114311585,22.420991050503975,NORMAL
Node03,224,0.819,0.0,20.44,0.621,12.6,NORMAL,-0.0014642857142857235,0.030892857142857125,0.05649989464802652,0.06658206484701214,-0.061214285714285714,-0.0817857142857143,0.2632260480669654,0.0500264851014392,-1.1667857142857143,-1.7689285714285714,4.728491151670749,0.21120228529490348,0.035035714285714274,-0.023607142857142854,0.21398130759484577,0.023654275448459695,23.448155748992292,NORMAL
Node03,225,0.806,0.284,26.9,0.629,15.4,NORMAL,-0.011428571428571427,-0.009964285714285703,0.0528551479675033,0.05468672287108085,-0.06271428571428571,-0.0014999999999999944,0.2638142383969303,0.016713266477955516,-0.3571428571428574,0.8096428571428569,3.6263329240695037,0.029341836364633472,0.014249999999999994,-0.020785714285714282,0.18982247345499276,0.01667151507229704,17.710446990339058,NORMAL
Node03,226,0.763,0.271,32.94,0.617,17.0,NORMAL,-0.018642857142857145,-0.007214285714285718,0.059044373950767705,0.04950761830576672,-0.05078571428571429,0.01192857142857142,0.2566946490621549,0.017323273158641603,0.2957142857142854,0.6528571428571428,4.211614892176159,0.12144406362395517,0.03689285714285714,0.022642857142857145,0.18490795651067152,0.013778733524638332,19.903066296268182,NORMAL
Node03,227,0.811,0.779,24.35,0.446,15.4,NORMAL,-0.005857142857142846,0.0127857142857143,0.04013726448077895,0.08252750418804866,0.025321428571428575,0.07610714285714286,0.3046035674993537,0.10767856915769183,-0.3357142857142857,-0.631428571428571,4.415572550913522,0.04337027116067026,-0.02089285714285715,-0.05778571428571429,0.13188848103064738,0.02147804312092272,20.77240791578505,NORMAL
Node03,228,0.828,0.45,24.98,0.867,16.2,NORMAL,0.004678571428571433,0.01053571428571428,0.033033893128695785,0.07617231545297644,0.073,0.04767857142857142,0.2854253300735922,0.03879366235233204,-0.5807142857142857,-0.24500000000000005,4.531314851752665,0.03395771750643125,0.040928571428571425,0.061821428571428576,0.15029162128532458,0.14038284128621295,20.422562391851166,NORMAL
Node03,229,0.853,0.499,28.52,0.673,16.9,NORMAL,0.002642857142857145,-0.002035714285714288,0.028442088196058667,0.0510476939629727,0.04328571428571428,-0.029714285714285714,0.24878868447702665,0.02893837392365843,-0.18892857142857153,0.3917857142857142,4.494273075391667,0.0438572839797182,0.022714285714285725,-0.0182142857142857,0.12680299681001234,0.022444005120007923,18.32117844869646,NORMAL
Node03,230,0.888,0.378,27.84,0.429,15.7,NORMAL,0.01307142857142857,0.010428571428571426,0.039140771581561845,0.04348729323158065,0.06225000000000001,0.018964285714285725,0.23936125317981088,0.020884701559592447,0.6242857142857143,0.8132142857142859,3.897318369878251,0.04431440939734081,-0.008499999999999995,-0.031214285714285722,0.1473009552873688,0.012557351848487504,17.842849561247053,NORMAL
Node03,231,0.743,0.253,25.99,0.484,14.2,NORMAL,0.00367857142857142,-0.00939285714285715,0.049837832254317836,0.09199942419523663,-0.005678571428571428,-0.06792857142857144,0.1854163911180403,0.016903965930396683,-0.3128571428571428,-0.937142857142857,2.8730181575015026,0.022008524323386888,-0.02085714285714286,-0.012357142857142863,0.15477341349149576,0.0073998439713532154,18.360759973880583,NORMAL
Node03,232,0.866,0.294,20.93,0.278,12.7,NORMAL,0.008321428571428566,0.0046428571428571465,0.053434427995797756,0.02498145414226982,-0.037678571428571436,-0.03200000000000001,0.1842622354921687,0.012138269506357097,-1.0675000000000001,-0.7546428571428574,3.7763991415355544,0.0888951319395471,-0.04925,-0.028392857142857143,0.1929835917031981,0.039518523144345084,18.665652342186817,NORMAL
Node03,233,0.946,0.245,22.92,0.374,13.9,NORMAL,0.013249999999999993,0.004928571428571426,0.06370093817056012,0.008990523358298821,-0.07714285714285715,-0.039464285714285716,0.187937933016905,0.020077193734731612,-0.5328571428571429,0.5346428571428572,2.6680258440955744,0.029162973038062874,-0.05653571428571429,-0.007285714285714291,0.1990056232754193,0.017486532534453588,16.62250781478455,NORMAL
Node03,234,0.947,0.29,25.7,0.526,15.4,NORMAL,0.018607142857142853,0.005357142857142861,0.07091712131240306,0.00958940139490625,-0.03828571428571429,0.03885714285714286,0.09992902242997038,0.022765451674763352,-0.5696428571428571,-0.0367857142857142,2.65558799873919,0.01134375683347229,-0.06328571428571428,-0.006749999999999985,0.19718833153926246,0.018388189253501965,16.252010795894524,NORMAL
Node03,235,0.979,0.199,32.47,0.54,17.5,NORMAL,0.02496428571428571,0.006357142857142856,0.07943011303745486,0.012951407568957032,-0.038714285714285715,-0.000428571428571424,0.10064411604876908,0.017316222905568893,0.16071428571428573,0.7303571428571428,3.7876088700367343,0.09656149638477089,-0.01125,0.05203571428571428,0.12726219653403234,0.0179847218493644,18.389853991142797,NORMAL
Node03,236,0.908,0.083,22.74,0.339,13.1,NORMAL,0.02189285714285714,-0.0030714285714285687,0.07799938949700029,0.014060278462603064,-0.03560714285714286,0.003107142857142857,0.09168320197184174,0.03175117339202678,0.08678571428571415,-0.07392857142857158,3.862088011623221,0.031025101044971835,0.003214285714285721,0.014464285714285721,0.0987635463885238,0.01716476228951997,17.04324033121511,NORMAL
Node03,237,0.864,0.5,26.74,0.455,15.7,NORMAL,0.017142857142857147,-0.004749999999999994,0.0789677450729395,0.016153332510535558,0.00975,0.04535714285714286,0.12563401116697961,0.02720284752790326,0.5507142857142855,0.46392857142857136,3.7729690216188145,0.01767807847781551,0.007178571428571433,0.003964285714285712,0.09945685831890462,0.011426927135504698,16.58645481114858,NORMAL
Node03,238,0.836,0.323,29.8,0.444,16.0,NORMAL,-0.010464285714285712,-0.027607142857142858,0.05303413096883031,0.07918462057532843,0.013928571428571433,0.0041785714285714325,0.12717666752162032,0.011042533560597314,1.1175,0.5667857142857144,4.136975545814438,0.14021345631353915,0.016892857142857143,0.00971428571428571,0.09681720626299559,0.014809800113539393,21.018129750276444,NORMAL
Node03,239,0.835,0.067,25.42,0.847,15.2,NORMAL,-0.023928571428571428,-0.013464285714285715,0.058044318043567855,0.04332366013176632,-0.005964285714285712,-0.019892857142857143,0.14897922514166034,0.020389928612194727,0.35607142857142865,-0.7614285714285713,3.5434654815656974,0.028807508368690362,0.04178571428571428,0.024892857142857137,0.16810399275731785,0.06228639477501934,18.06678231315228,NORMAL
Node03,240,0.793,0.484,24.48,0.681,15.3,NORMAL,-0.029357142857142852,-0.005428571428571425,0.06690718517895838,0.06034766031585282,0.01992857142857143,0.02589285714285714,0.174487821924626,0.017767794496706443,-0.38214285714285673,-0.7382142857142854,3.319738228349022,0.023976927188424157,0.04228571428571428,0.0005000000000000004,0.1687116446710749,0.021894585626123148,17.806998581147145,NORMAL
Node03,241,0.788,0.0,28.27,0.475,14.4,NORMAL,-0.02971428571428571,-0.00035714285714285796,0.06747062853038878,0.05547755910180857,-0.008142857142857146,-0.028071428571428577,0.20322471728184474,0.024616268506288647,-0.3728571428571425,0.00928571428571423,3.3245271772661074,0.021494413930701877,0.03146428571428571,-0.010821428571428572,0.17087854221778753,0.010441556376778346,17.619010861891574,NORMAL
Node03,242,0.809,0.196,27.06,0.523,14.9,NORMAL,-0.017571428571428564,0.012142857142857146,0.04242528446462983,0.09488433333110885,-0.017857142857142856,-0.00971428571428571,0.20332029622529782,0.012599858090847895,0.38214285714285723,0.7549999999999997,2.3677867905946024,0.021276850441363522,0.02960714285714286,-0.0018571428571428489,0.17100167083561327,0.008727010837922822,18.34112655881208,NORMAL
Node03,243,0.889,0.459,28.16,0.362,15.8,NORMAL,-0.0009285714285714175,0.016642857142857147,0.037125270561784635,0.053660325277528294,-0.01585714285714285,0.0020000000000000052,0.20577125533905247,0.018747610923907653,0.05821428571428568,-0.32392857142857157,1.8070668156408816,0.031230294376464778,-0.01760714285714286,-0.04721428571428572,0.16671432651894877,0.033590255434373335,17.99137329009812,NORMAL
Node03,244,0.861,0.236,24.99,0.654,15.0,NORMAL,0.007107142857142863,0.008035714285714281,0.036689819529984825,0.04876748538787544,0.008392857142857143,0.024249999999999994,0.1838635622514954,0.01196677399553427,-0.22750000000000042,-0.2857142857142861,1.9829667528370574,0.016368357591672253,-0.017785714285714287,-0.00017857142857142724,0.16657216368374916,0.012740340971750922,17.077697290773393,NORMAL
Node03,245,1.028,0.2,26.7,0.555,16.0,NORMAL,0.029142857142857144,0.02203571428571428,0.08358998572966568,0.07266139273238352,0.012928571428571428,0.004535714285714285,0.18182945960694152,0.010409292840412697,0.16964285714285676,0.3971428571428572,1.5134838397992008,0.02804214379073345,-0.03724999999999999,-0.019464285714285705,0.15768820954203083,0.014725373509955767,17.97688616645019,NORMAL
Node03,246,0.865,0.473,27.59,0.492,16.0,NORMAL,0.026714285714285708,-0.002428571428571436,0.08300688439607197,0.027447411494211114,0.014535714285714285,0.0016071428571428573,0.18420627671431933,0.016355371810733606,0.14714285714285705,-0.022499999999999715,1.4918221520453883,0.03409138414825855,-0.009857142857142858,0.027392857142857135,0.10908537504000733,0.013855065709851268,17.09344302766167,NORMAL
Node03,247,0.872,0.61,25.41,0.714,16.5,NORMAL,0.017964285714285707,-0.00875,0.07725591362786534,0.01817829079590398,0.07589285714285714,0.06135714285714285,0.21033295600298205,0.06220430454873341,-0.3207142857142856,-0.46785714285714264,1.2827277482733728,0.03334123236097557,0.030285714285714284,0.04014285714285714,0.11690126073702012,0.0447784108889146,18.206514050994674,NORMAL
Node03,248,0.938,0.445,21.51,0.161,13.3,NORMAL,0.012749999999999987,-0.00521428571428572,0.07018275463117023,0.008955643863093405,0.04592857142857142,-0.029964285714285714,0.16266881341284462,0.01846901529251381,-0.6982142857142853,-0.3774999999999997,2.2467585116170827,0.028721540120381212,-0.01942857142857143,-0.04971428571428571,0.18568688442541936,0.07906201325891205,17.36127543559565,NORMAL
Node03,249,0.818,0.538,26.69,0.445,15.5,NORMAL,-0.007678571428571439,-0.020428571428571428,0.06841400580638582,0.04916041755959383,0.038035714285714284,-0.007892857142857139,0.15120185184051155,0.02662509085274621,-0.4521428571428568,0.24607142857142855,2.2195784670582315,0.015054619092643981,-0.020642857142857147,-0.0012142857142857164,0.18602662379859708,0.00752742161516569,17.299241240846285,NORMAL
Node03,250,0.938,0.107,26.01,0.429,14.6,NORMAL,-0.004142857142857155,0.0035357142857142844,0.07008192484853847,0.004841471528084548,0.009321428571428576,-0.028714285714285706,0.1906267857059218,0.016101729711080322,-0.10857142857142803,0.34357142857142875,1.9853523137024844,0.01604113026190475,-0.043785714285714296,-0.02314285714285715,0.18038424595977387,0.013764551605792773,16.05016613497904,NORMAL
Node03,251,0.798,0.0,28.19,0.156,13.4,NORMAL,-0.02135714285714286,-0.017214285714285703,0.07973378324447042,0.07038583458344203,-0.05014285714285714,-0.05946428571428572,0.2346273641330013,0.04017737392261761,0.09250000000000037,0.2010714285714284,2.1907826390193463,0.017685524278057262,-0.05685714285714286,-0.013071428571428567,0.20302193172636485,0.08316858270350672,19.159988276293568,NORMAL
Node03,252,0.994,0.586,24.86,0.571,16.4,NORMAL,0.008535714285714289,0.029892857142857148,0.07072717535242964,0.030808032767351178,-0.04353571428571428,0.00660714285714286,0.24176533289633606,0.04487788387933733,0.06678571428571432,-0.02571428571428605,2.2051336208298773,0.014601676731739946,-0.02182142857142858,0.03503571428571428,0.2048544198530589,0.01915655807278108,17.3558487400907,NORMAL
Node03,253,0.733,0.395,22.4,0.537,13.6,NORMAL,-0.011607142857142852,-0.020142857142857143,0.0924525618383622,0.08134103576887833,-0.03217857142857143,0.01135714285714285,0.23931011957987344,0.01992565342684783,-0.029642857142857464,-0.09642857142857178,2.351573941002069,0.02170391157020877,5.9476233462061954e-18,0.021821428571428585,0.20802552499061036,0.0172145269410843,18.27055151096606,NORMAL
Node03,254,0.99,0.384,25.27,0.515,15.7,NORMAL,0.0015000000000000094,0.013107142857142862,0.10300323619511507,0.0199290555429796,0.00035714285714285546,0.032535714285714286,0.21786518330205515,0.015164959683272675,0.055357142857142376,0.08499999999999984,2.348197890581911,0.010273500178595641,0.049571428571428565,0.04957142857142856,0.1735559467914213,0.028616855886071393,16.457285476717125,NORMAL
Node03,255,0.679,0.304,25.25,0.375,13.5,NORMAL,-0.013499999999999988,-0.014999999999999998,0.12565694038399416,0.172521749354767,0.008821428571428569,0.008464285714285712,0.21418205429249293,0.011553342356769532,-0.4139285714285718,-0.4692857142857142,1.7815335822717202,0.02338066153961411,0.012250000000000006,-0.03732142857142856,0.13954432646159087,0.026793141490972026,20.582632556897963,NORMAL
Node03,256,0.897,0.024,19.54,0.529,12.5,NORMAL,-0.013035714285714277,0.0004642857142857105,0.1258513862798953,0.027616342942282816,0.005607142857142858,-0.0032142857142857103,0.21926424588566537,0.025085931814570132,-0.8885714285714289,-0.4746428571428571,2.774669435480645,0.049703431918674816,0.024357142857142862,0.012107142857142856,0.14432123560869012,0.009096121498072731,17.620705859114462,NORMAL
Node03,257,0.975,0.427,23.09,1.066,16.9,NORMAL,0.010107142857142854,0.02314285714285713,0.13030842533883105,0.07588100259694672,0.002357142857142857,-0.003250000000000001,0.21607901993748224,0.016376730653832015,-0.8246428571428572,0.06392857142857167,2.729449621827676,0.0225572323261827,0.08871428571428572,0.06435714285714286,0.27475313594986633,0.4902102113588658,24.108360711759268,NORMAL
Node03,258,0.769,0.312,27.9,0.311,14.6,NORMAL,-0.01014285714285714,-0.020249999999999994,0.13327897701545324,0.18591553569651106,-0.039928571428571424,-0.04228571428571428,0.17058512747096596,0.014410929895678682,0.17035714285714285,0.9950000000000001,2.6580372278735873,0.0361815314322999,0.010428571428571438,-0.07828571428571428,0.24353693373950103,0.10498860010215397,22.308312123370314,NORMAL
Node03,259,0.822,0.237,29.03,0.425,15.4,NORMAL,0.004321428571428567,0.014464285714285707,0.12019210813170245,0.07617139042634116,-0.017678571428571432,0.022249999999999992,0.1369146414654731,0.014829736457031239,0.8210714285714288,0.6507142857142859,3.268506284732115,0.041221874544767445,-0.0018928571428571464,-0.012321428571428584,0.2484125792382695,0.016651864750443283,18.520971432043336,NORMAL
Node03,260,0.816,0.67,26.97,0.726,16.9,NORMAL,-0.013000000000000012,-0.017321428571428578,0.11193407923969398,0.09167110654091107,0.03614285714285714,0.053821428571428576,0.19616356149178893,0.05164531611909791,0.7507142857142857,-0.07035714285714312,3.20225292716297,0.016928701594484175,0.018392857142857138,0.020285714285714285,0.258497213764113,0.04249026229151117,19.408508919200177,NORMAL
Node03,261,0.892,0.059,23.94,0.286,13.1,NORMAL,0.011571428571428562,0.024571428571428574,0.09653274795928801,0.04489799859137369,0.01310714285714286,-0.023035714285714284,0.22014151292812928,0.023261763303262066,0.6025000000000001,-0.14821428571428552,3.2430320909385317,0.022438284013835148,-0.018357142857142867,-0.036750000000000005,0.2793596419023506,0.0593800130071211,17.96848284246794,NORMAL
Node03,262,0.838,0.495,23.38,0.515,14.7,NORMAL,-0.010571428571428577,-0.022142857142857138,0.06800210080788471,0.037892453623847064,0.03696428571428572,0.02385714285714286,0.23353351956818696,0.025492946610784488,0.4389285714285715,-0.16357142857142865,3.3053131830577325,0.022663460504882483,-0.042392857142857156,-0.02403571428571429,0.271210513913349,0.030775528148186553,17.478288909651152,NORMAL
Node03,263,0.897,0.431,23.2,0.388,14.3,NORMAL,-0.0009285714285714254,0.009642857142857151,0.06800210080788471,0.00933033305305282,0.0071428571428571435,-0.029821428571428575,0.19584383963711888,0.017043907651656816,-0.4928571428571429,-0.9317857142857144,2.5254664821337367,0.0406533633364218,-0.06303571428571429,-0.020642857142857136,0.27827324700732553,0.031065981409527522,17.032858558500784,NORMAL
Node03,264,1.025,0.466,24.45,0.75,16.6,NORMAL,0.033571428571428565,0.03449999999999999,0.08321229304787672,0.12982228908832233,0.024107142857142858,0.016964285714285716,0.19808319560465593,0.017576255336686792,-0.9142857142857144,-0.4214285714285715,2.3693438915004457,0.018639385473972512,0.03685714285714286,0.09989285714285714,0.18801013143926454,0.099202236438493,20.4240966418339,NORMAL
Node03,265,0.835,0.429,29.8,0.349,15.9,NORMAL,0.016499999999999997,-0.017071428571428567,0.07363423117002037,0.03812029201068443,0.019285714285714288,-0.00482142857142857,0.19617545596687044,0.01445718595845457,-0.12392857142857151,0.7903571428571429,2.7597153062279043,0.052992121233062274,-0.002785714285714284,-0.039642857142857146,0.18259035597544054,0.028777065778788895,17.997489328012257,NORMAL
Node03,266,0.837,0.03,27.79,0.069,13.3,NORMAL,0.004857142857142853,-0.011642857142857144,0.0720357054323955,0.020836176677647547,-0.04317857142857144,-0.06246428571428573,0.2360613318206783,0.039356299668904,0.5446428571428571,0.6685714285714286,2.5515989384809568,0.024644497632265998,-0.057499999999999996,-0.05471428571428571,0.24353703150503767,0.21798005332330075,19.77532424273909,NORMAL
Node03,267,0.752,0.476,18.56,0.392,12.3,NORMAL,-0.01728571428571429,-0.022142857142857145,0.08413481245398163,0.11454935838287872,0.011392857142857146,0.05457142857142859,0.2039831925849354,0.021415374959190762,-0.02571428571428593,-0.570357142857143,3.5925286226781696,0.07027398987241931,-0.02189285714285714,0.03560714285714285,0.20845440291641262,0.021888018843876953,20.447144338652336,NORMAL
Node03,268,0.719,0.389,28.13,0.663,15.8,NORMAL,-0.02982142857142857,-0.012535714285714282,0.09985107958974751,0.14637296669549466,-0.023714285714285716,-0.035107142857142865,0.16174671557716405,0.015432758832408822,0.29678571428571426,0.3225000000000002,3.835096075036701,0.02318141631569725,-0.008178571428571427,0.013714285714285714,0.2243812656639417,0.030428486716684185,20.039546097611804,NORMAL
Node03,269,0.794,0.259,24.97,0.462,14.1,NORMAL,-0.03585714285714285,-0.00603571428571428,0.10160872665934423,0.11578976996981005,-0.02225,0.0014642857142857166,0.16031605688526054,0.009879481356406157,0.051071428571428434,-0.24571428571428583,3.766569741694374,0.01805212177635915,0.003250000000000005,0.011428571428571432,0.22257433215295364,0.016986288885114303,18.839482401636154,NORMAL
Node03,270,0.905,0.205,24.26,0.516,14.5,NORMAL,-0.019999999999999983,0.015857142857142868,0.10243766978253745,0.04144567943288266,-0.027285714285714285,-0.005035714285714286,0.16498080696452744,0.011438383814472802,-0.3532142857142856,-0.404285714285714,3.689939991769127,0.020095508964672406,0.00421428571428572,0.0009642857142857148,0.2229437255495314,0.015281347691979908,17.007203143267944,NORMAL
Node03,271,0.868,0.443,26.92,0.684,16.4,NORMAL,0.009892857142857151,0.029892857142857134,0.0650838287280701,0.0432931859102162,0.006250000000000004,0.03353571428571429,0.16183398312850764,0.017744859999430984,-0.331785714285714,0.021428571428571574,3.6994903123847442,0.01740550577961634,0.07032142857142858,0.06610714285714285,0.2094909931010787,0.12471724448335489,18.515039780241413,NORMAL
Node03,272,0.87,0.164,21.33,0.092,11.8,NORMAL,0.018464285714285718,0.008571428571428567,0.06808747874539607,0.020453965871300255,0.005428571428571434,-0.0008214285714285702,0.16272822800754697,0.010872440986799823,-0.2332142857142855,0.0985714285714285,3.5458466649629083,0.0264795499730864,0.01807142857142857,-0.052250000000000005,0.2485775724473339,0.15721731455775975,18.43236478561279,NORMAL
Node03,273,0.953,0.08,19.32,0.628,13.2,NORMAL,0.03496428571428571,0.016499999999999994,0.08478151191093941,0.04115375547683508,-0.05192857142857143,-0.057357142857142863,0.150521316319871,0.033367687567992944,-0.3346428571428569,-0.1014285714285714,3.7038487061562386,0.0443735625771336,-0.0075714285714285744,-0.025642857142857148,0.20658735037105572,0.02437051366747991,18.20073402045642,NORMAL
Node03,274,0.853,0.288,20.86,0.525,13.4,NORMAL,0.02446428571428571,-0.010500000000000002,0.07598621428854553,0.03278778277449675,-0.025071428571428574,0.026857142857142854,0.12619221921527565,0.015211936085592829,-1.2871428571428571,-0.9525000000000002,3.285954235544865,0.10521404805440339,-0.018071428571428575,-0.0105,0.2020305257463172,0.010955565687988148,18.98198379047765,NORMAL
Node03,275,0.9,0.584,28.41,0.389,16.4,NORMAL,0.010678571428571423,-0.013785714285714287,0.0494666795019878,0.03698816582742456,0.027785714285714278,0.05285714285714285,0.17224207770847785,0.036595125274011576,-0.14571428571428577,1.1414285714285715,3.3501684392622075,0.04568996965348847,-0.00917857142857143,0.008892857142857145,0.19382331178286114,0.012377350975766121,18.043750091777046,NORMAL
Node03,276,0.947,0.483,24.78,0.787,16.5,NORMAL,0.006178571428571422,-0.0045000000000000005,0.03910182068590132,0.025893698664737647,0.04428571428571428,0.016500000000000004,0.18599820787667104,0.01938411635640131,0.14535714285714274,0.29107142857142854,3.3391451714758493,0.01566069540789429,0.02342857142857143,0.03260714285714286,0.227370266515299,0.06965306120369523,17.359626051772757,NORMAL
Node03,277,0.948,0.287,26.46,0.435,15.3,NORMAL,0.012178571428571424,0.006000000000000002,0.04327761986237667,0.02445168843183993,0.024071428571428567,-0.020214285714285716,0.1799589900372807,0.009277102834108592,0.5217857142857144,0.37642857142857167,3.5005829446509273,0.014819985447005074,0.014428571428571428,-0.009000000000000003,0.22949779540387336,0.0169424209592126,16.414581986365317,NORMAL
Node03,278,0.96,0.425,23.19,0.829,16.1,NORMAL,0.012642857142857138,0.00046428571428571395,0.04393068132757288,0.02184153906176321,0.04971428571428571,0.025642857142857144,0.1782408750085387,0.01639640258904614,0.8492857142857148,0.32750000000000035,3.2596494114726955,0.02923319459184201,0.07453571428571429,0.06010714285714286,0.25355463391733224,0.2595729612538168,19.960384519170326,NORMAL
Node03,279,0.885,0.306,23.36,0.307,13.7,NORMAL,0.0020714285714285735,-0.010571428571428565,0.041454507480805855,0.04347987033122681,0.023392857142857135,-0.026321428571428575,0.16366516341080564,0.009320306477785464,0.5296428571428572,-0.31964285714285756,3.1241234961261726,0.021530622026645675,-0.01103571428571429,-0.08557142857142858,0.19939778381535786,0.08982717814118618,18.001120589078813,NORMAL
Node03,280,0.899,0.294,27.81,0.121,14.5,NORMAL,0.004321428571428575,0.0022500000000000016,0.039452201338787025,0.025955279881383454,-0.02128571428571428,-0.044678571428571415,0.11848206615349008,0.017217212443988605,0.327142857142857,-0.20250000000000018,2.732736287871118,0.015241708133961545,-0.04764285714285715,-0.036607142857142866,0.2539801267066082,0.13758342256562187,18.170577596537733,NORMAL
Node03,281,0.849,0.172,29.64,0.623,16.2,NORMAL,-0.01114285714285714,-0.015464285714285715,0.04048397684210853,0.07064293525613399,-0.056964285714285724,-0.03567857142857145,0.13984379040302686,0.017353212438394557,0.23749999999999982,-0.08964285714285719,2.5334617761925227,0.031109202062215836,-0.027071428571428576,0.020571428571428577,0.2592178712240048,0.027906456738877313,18.31924258935449,NORMAL
Node03,282,0.753,0.343,26.28,0.492,14.7,NORMAL,-0.030035714285714277,-0.018892857142857135,0.07308866109700177,0.11972660973551875,-0.027892857142857136,0.02907142857142859,0.10106763412025963,0.018108720367066823,0.5528571428571427,0.3153571428571429,2.350066868349555,0.013270422205840769,-0.04346428571428572,-0.016392857142857143,0.25483841752690867,0.024282173909272287,19.085832339648057,NORMAL
Node03,283,0.859,0.324,26.58,0.315,14.6,NORMAL,-0.025607142857142853,0.004428571428571424,0.06944302220765836,0.017161414271168345,-0.006678571428571423,0.021214285714285713,0.07561242024454776,0.018435105308340527,0.45785714285714263,-0.09500000000000008,2.3010463458423183,0.012417613592804093,-0.02564285714285714,0.01782142857142858,0.23179085400420785,0.037844835192536355,16.62853284703837,NORMAL
Node03,284,0.833,0.407,25.4,0.615,15.4,NORMAL,-0.02067857142857143,0.004928571428571421,0.06377004820147972,0.025858695910881132,0.0011071428571428582,0.007785714285714281,0.08344430706137106,0.022704304441317404,0.41214285714285687,-0.04571428571428576,2.315042939023769,0.012728061451586139,-0.009107142857142857,0.016535714285714286,0.24019902462035816,0.023304853997603372,16.763565670590353,NORMAL
Node03,285,0.804,0.5,26.09,0.533,15.4,NORMAL,-0.013035714285714286,0.007642857142857146,0.04976851175095315,0.06860856878030892,0.03428571428571429,0.03317857142857143,0.10139432688178132,0.030829914358172027,0.011071428571428526,-0.40107142857142836,1.9515671358460325,0.016083639611976962,0.0485,0.05760714285714286,0.18697580694023594,0.04070322639108675,18.3337531306008,NORMAL
Node03,286,0.841,0.038,20.91,0.561,12.8,NORMAL,-0.0065714285714285735,0.006464285714285712,0.045800291119889903,0.03571115825302027,-0.0017142857142857157,-0.036000000000000004,0.15213418262773665,0.023663563207192703,-1.0242857142857142,-1.0353571428571429,2.6815631546508376,0.08411424165753778,0.04510714285714286,-0.003392857142857142,0.18387741775950836,0.0105239686500285,18.69257901615994,NORMAL
Node03,287,0.775,0.339,23.71,0.69,14.6,NORMAL,-0.0036071428571428526,0.002964285714285721,0.04009453115540107,0.08709426225970873,0.002392857142857143,0.004107142857142859,0.1529419435447258,0.009671738634822872,-1.0364285714285715,-0.012142857142857233,2.6939120076130743,0.02715635978597577,0.01989285714285714,-0.02521428571428572,0.1211679275496064,0.03882616640766091,18.61394892985262,NORMAL
Node03,288,0.865,0.227,24.52,0.698,15.0,NORMAL,0.006285714285714288,0.00989285714285714,0.0426452699325382,0.04297494603236912,-0.02453571428571429,-0.026928571428571434,0.14634369200780808,0.010918098486063071,-0.5539285714285713,0.48250000000000015,1.9908026617661623,0.031729729965766944,0.046928571428571424,0.027035714285714284,0.1318530928542751,0.03670044982255336,17.604909566018865,NORMAL
Node03,289,0.844,0.384,22.6,0.446,13.9,NORMAL,-0.00035714285714285747,-0.006642857142857145,0.031821675751271275,0.054682041704539025,-0.012178571428571426,0.012357142857142863,0.14863377812596973,0.01358350122958181,-0.5742857142857138,-0.02035714285714252,2.0157333534922097,0.03138615637018335,0.02557142857142856,-0.021357142857142863,0.1367301826852537,0.016901610225820735,17.69888398241325,NORMAL
Node03,290,0.937,0.375,29.43,0.33,16.1,NORMAL,0.014857142857142862,0.01521428571428572,0.050940207713600485,0.025385740422115187,-0.004964285714285707,0.007214285714285719,0.15027498603750203,0.010895411245445298,0.31142857142857167,0.8857142857142855,2.7255999776370774,0.04969154443754052,-0.031857142857142855,-0.05742857142857141,0.13246347205388895,0.036689049295032895,17.613783631398604,NORMAL
Node03,291,0.726,0.356,29.06,0.568,15.7,NORMAL,0.0009642857142857111,-0.013892857142857151,0.06765317716820388,0.061323372613769425,0.01025,0.015214285714285708,0.14679237037394008,0.011233913145961196,0.887142857142857,0.5757142857142854,3.199747013809209,0.042999248320539,-0.02146428571428572,0.010392857142857134,0.1299818668672123,0.005525351060912387,17.969395714203173,NORMAL
Node03,292,0.839,0.226,25.3,0.487,14.4,NORMAL,-0.0011428571428571438,-0.002107142857142855,0.06692248536642262,0.013596053880747581,0.026642857142857135,0.016392857142857133,0.12473629326360014,0.013478157117986054,1.0278571428571428,0.1407142857142858,3.176501519716605,0.02947008108021727,-0.029785714285714294,-0.008321428571428573,0.1319305372787766,0.0050961371072339185,16.44957302837904,NORMAL
Node03,293,0.816,0.026,29.72,0.169,14.1,NORMAL,-0.001678571428571438,-0.0005357142857142941,0.06705576925571873,0.01956176563693355,-0.03460714285714286,-0.06124999999999999,0.12860459889577378,0.0412204217233817,0.9303571428571427,-0.09750000000000014,2.9907961991352567,0.05788698028429686,-0.06653571428571427,-0.03674999999999998,0.19134697976886558,0.09413374646392719,19.05108225002831,NORMAL
Node03,294,0.851,0.174,25.26,0.285,13.7,NORMAL,-0.007000000000000006,-0.005321428571428568,0.06290658228864526,0.012905810325756188,-0.03657142857142858,-0.001964285714285724,0.13027388730780132,0.014012989653621313,0.44035714285714295,-0.4899999999999997,2.8164153170466943,0.013040469380548193,-0.05842857142857142,0.008107142857142847,0.1795433360607113,0.030484266438844332,16.34808055974548,NORMAL
Node03,295,0.815,0.173,21.3,0.197,11.9,NORMAL,-0.006035714285714295,0.0009642857142857109,0.06239352835793456,0.021439993631292394,-0.048749999999999995,-0.012178571428571414,0.13359694179562218,0.013610708410642224,-0.41357142857142853,-0.8539285714285715,3.405641677877347,0.050860395236986475,-0.04414285714285714,0.014285714285714277,0.15064180157231383,0.023867563704767506,17.437198907103046,NORMAL
Node03,296,0.866,0.479,24.17,0.815,16.0,NORMAL,-0.00082142857142858,0.005214285714285716,0.06360742693982178,0.011560850415128426,-0.003785714285714289,0.04496428571428571,0.15343930085743693,0.020167494167351842,-1.119285714285714,-0.7057142857142855,3.181367630438204,0.0464059548682332,0.018249999999999995,0.06239285714285714,0.23106327725373862,0.129894005309672,18.562861353480265,NORMAL
Node03,297,0.926,0.128,30.66,0.745,17.2,NORMAL,0.02332142857142858,0.02414285714285716,0.06076026270359211,0.048876249598430295,-0.0011071428571428582,0.0026785714285714308,0.1505372916937069,0.012763813923797543,-0.20999999999999971,0.9092857142857143,3.407686689152711,0.08530486313719136,0.04339285714285714,0.025142857142857147,0.25942748321567444,0.061650230764303975,19.478889862883925,NORMAL
Node03,298,0.843,0.594,25.76,0.437,15.5,NORMAL,0.008821428571428579,-0.0145,0.03781282221429031,0.08193778570229351,0.05760714285714286,0.05871428571428571,0.20320796291109308,0.04393914805058236,0.0775000000000002,0.2874999999999999,3.2167263749701447,0.010161075242509749,0.054714285714285715,0.011321428571428573,0.2555878378505966,0.028840378438661864,18.6499426752603,NORMAL
Node03,299,0.81,0.371,26.89,0.61,15.6,NORMAL,0.002750000000000014,-0.006071428571428564,0.04079915965521141,0.07943464519785873,0.06535714285714285,0.007749999999999993,0.20686181262816372,0.01735072986765559,0.06678571428571445,-0.010714285714285746,3.2131937827828376,0.010383171844758761,0.07767857142857142,0.0229642857142857,0.2628522126866839,0.06366203186183005,18.47074825051276,NORMAL
Node03,300,0.782,0.327,15.96,0.722,12.3,NORMAL,-0.00857142857142856,-0.011321428571428574,0.04666700680148154,0.09856925351655241,0.03464285714285714,-0.030714285714285708,0.17454266772667038,0.011534325199710113,-0.540357142857143,-0.6071428571428574,4.63288915308384,0.13275006130937747,0.06282142857142857,-0.014857142857142847,0.24111536460296146,0.054590818496140336,21.83977987438084,NORMAL
Node03,301,0.859,0.422,24.81,0.368,14.5,NORMAL,-0.0054285714285714215,0.003142857142857138,0.04702481614353568,0.021487937104899085,0.024500000000000004,-0.010142857142857137,0.16465490607703764,0.012556052045414899,-0.34500000000000025,0.19535714285714273,4.620221598478542,0.028664459551121232,0.006857142857142859,-0.05596428571428571,0.22791059232786456,0.058564656579505416,17.29240159208228,NORMAL
Node03,302,0.808,0.579,31.31,0.459,17.1,NORMAL,-0.013178571428571425,-0.007750000000000003,0.04778772506268389,0.0567371690299447,0.02217857142857143,-0.002321428571428575,0.160793567746261,0.03420338607274477,-0.002857142857143304,0.34214285714285697,5.090472894114483,0.08921771116792253,-0.05489285714285714,-0.06175,0.17427537049710942,0.039376921901347055,19.950727153333617,NORMAL
Node03,303,0.767,0.469,19.9,0.393,12.7,NORMAL,-0.017785714285714287,-0.004607142857142862,0.05377554763839717,0.07323750305525699,0.03728571428571429,0.01510714285714286,0.1601659853312895,0.01804112548749667,-0.8307142857142862,-0.8278571428571428,5.534092604246965,0.15330627196720362,-0.04478571428571428,0.010107142857142856,0.1571144563079807,0.007702554758605521,21.25844775285427,NORMAL
Node03,304,0.712,0.368,28.77,0.395,15.0,NORMAL,-0.01617857142857143,0.0016071428571428556,0.04932786327460471,0.07496839291409817,-0.008214285714285716,-0.045500000000000006,0.10532398994124202,0.02253619768780106,0.371428571428571,1.2021428571428572,5.253263838070667,0.09885481660085506,-0.029392857142857137,0.015392857142857146,0.13229368483649942,0.004965354999719949,19.97469431974351,NORMAL
Node03,305,0.967,0.037,30.95,0.619,16.8,NORMAL,0.008535714285714273,0.024714285714285703,0.08074238870217633,0.025545876311152585,-0.031178571428571434,-0.02296428571428572,0.167773515135591,0.021998426625471,1.1746428571428569,0.8032142857142859,5.758039927746577,0.23551347033743533,-0.021499999999999995,0.007892857142857142,0.1393447249843078,0.009970348226485822,22.251601845217944,NORMAL
Node03,306,0.864,0.341,27.41,0.395,15.2,NORMAL,0.013071428571428564,0.0045357142857142905,0.08273998284931391,0.01615019136929555,-0.03353571428571429,-0.002357142857142853,0.16805427127936406,0.00970718256520439,1.5746428571428572,0.40000000000000036,5.782072045803056,0.08882714320861834,-0.01939285714285714,0.002107142857142856,0.13716014275985847,0.004873951004353909,17.94534253655291,NORMAL
Node03,307,0.756,0.484,21.22,0.642,14.0,NORMAL,0.00010714285714285327,-0.012964285714285711,0.08541272348621916,0.05074048312998076,-0.025785714285714283,0.007750000000000003,0.17281368993390372,0.02009404893473883,-0.2685714285714284,-1.8432142857142857,4.528275715145993,0.13173445949271453,0.032857142857142856,0.05224999999999999,0.11506333659585675,0.05930698647116393,20.83627365424927,NORMAL
Node03,308,0.826,0.556,30.17,0.677,17.5,NORMAL,0.006571428571428561,0.006464285714285708,0.08373114570997318,0.025475476066414718,-0.0023571428571428433,0.02342857142857144,0.1845277111722686,0.03063572140406041,-0.07642857142857107,0.19214285714285734,4.677441812012407,0.06649044387731864,0.04114285714285715,0.008285714285714292,0.1290476102618166,0.0265407161813961,18.334534169714285,NORMAL
Node03,309,1.166,0.607,28.55,0.631,18.6,NORMAL,0.04335714285714285,0.03678571428571429,0.1567480538346565,0.6340728941550295,0.044178571428571435,0.04653571428571428,0.18917666220707438,0.04093039348192161,0.6792857142857146,0.7557142857142857,4.370061021694473,0.07504035006093283,0.04646428571428572,0.005321428571428574,0.13369243309427303,0.016598086174623123,34.16378418772432,WATCH
Node03,310,0.806,0.454,27.01,0.71,16.2,NORMAL,0.022928571428571434,-0.020428571428571417,0.15332210103786947,0.2399379350074918,0.057607142857142864,0.013428571428571429,0.18846548250339662,0.020735607833960727,-0.26142857142857107,-0.9407142857142856,3.190526900805243,0.02646565152278665,0.04467857142857142,-0.0017857142857143002,0.13083923250273505,0.025347071347565846,22.55709828267523,NORMAL
Node03,311,0.785,0.0,20.73,0.582,12.4,NORMAL,-0.008999999999999992,-0.031928571428571424,0.1428284018707497,0.22435473838206502,0.008499999999999999,-0.04910714285714286,0.24416075890788877,0.04005707465254489,-0.861785714285714,-0.600357142857143,4.076185775475706,0.07912147195044895,0.018142857142857134,-0.026535714285714287,0.10248251883451473,0.0219660918033995,23.86992387033903,NORMAL
Node03,312,0.795,0.033,23.28,0.661,13.6,NORMAL,-0.006035714285714275,0.002964285714285717,0.1404284261007822,0.07857600864070778,-0.07121428571428572,-0.07971428571428571,0.24502983297471972,0.048387120267958716,-0.5903571428571427,0.27142857142857135,3.7201452864613977,0.031452617693340165,0.025392857142857137,0.007250000000000003,0.10444456264768724,0.022868431529461747,19.125528779212985,NORMAL
Node03,313,0.953,0.05,29.5,0.443,15.7,NORMAL,0.00528571428571429,0.011321428571428566,0.14513310803403556,0.02566257724410831,-0.10553571428571429,-0.03432142857142857,0.2708437433896772,0.054689894564366764,0.11571428571428578,0.7060714285714285,3.975810189969671,0.06076712067355994,-0.024214285714285716,-0.04960714285714285,0.08794208050648748,0.05110598526568672,19.01771886853084,NORMAL
Node03,314,0.922,0.285,25.33,0.541,15.2,NORMAL,-0.00532142857142856,-0.01060714285714285,0.1368060845207725,0.029090495265464693,-0.08385714285714285,0.021678571428571436,0.2600082416276179,0.025561257228831097,-0.5839285714285719,-0.6996428571428577,3.460205746704061,0.0264252678461683,-0.02975,-0.005535714285714283,0.09208303706050162,0.013360522855539906,17.129175341867438,NORMAL
Node03,315,0.895,0.0,20.52,0.323,12.0,NORMAL,-0.014749999999999994,-0.009428571428571434,0.1335981893233444,0.034971517756760995,-0.07532142857142857,0.008535714285714285,0.24754085761844688,0.05001245877188804,-0.6671428571428575,-0.08321428571428557,3.61160826858538,0.03981693701754172,-0.05003571428571428,-0.020285714285714282,0.1343657056586347,0.01832338180253887,18.203493463629712,NORMAL
Node03,316,0.872,0.523,26.49,0.389,15.5,NORMAL,0.01946428571428571,0.034214285714285704,0.06660687795172648,0.06755115369812544,0.016392857142857143,0.0917142857142857,0.22584170604756817,0.03970957558944625,0.0024999999999995026,0.669642857142857,3.3473016851530684,0.016872294753993888,-0.057178571428571426,-0.007142857142857145,0.14268463393759245,0.008129917900921137,18.10028287004152,NORMAL
Node03,317,0.819,0.097,23.48,0.376,13.0,NORMAL,0.007071428571428562,-0.012392857142857146,0.06497435391496144,0.03515584665540513,0.04360714285714286,0.027214285714285715,0.19506531262753046,0.019387890295240413,0.20321428571428551,0.200714285714286,3.2030818493028446,0.01795595935301772,-0.04578571428571428,0.011392857142857149,0.12363367548643742,0.006475464918108617,16.848905899694525,NORMAL
Node03,318,1.033,0.356,24.1,0.444,15.2,NORMAL,0.014142857142857127,0.007071428571428565,0.08099353295759099,0.01719711473620307,0.04646428571428572,0.0028571428571428636,0.1985111247932132,0.011095304384938259,-0.30071428571428566,-0.5039285714285712,2.82761636112721,0.014872366415518147,-0.03346428571428572,0.01232142857142856,0.11409707646185707,0.008223710516428472,16.15839929663329,NORMAL
Node03,319,0.97,0.118,23.79,0.351,13.9,NORMAL,0.007035714285714276,-0.007107142857142851,0.07001156367071831,0.006832798592686193,0.015821428571428577,-0.030642857142857145,0.18956215213963343,0.016216653414597784,-0.5939285714285713,-0.2932142857142856,2.7921369184602267,0.01587133562070833,-0.014892857142857149,0.01857142857142857,0.0730886610970018,0.023803703827486554,16.227056531302217,NORMAL
Node03,320,0.948,0.531,25.14,0.452,15.7,NORMAL,0.013892857142857127,0.006857142857142851,0.06968432221027022,0.009270831661239499,0.028821428571428574,0.012999999999999998,0.21040708841943245,0.02974166869469012,0.12785714285714317,0.7217857142857145,1.8973791447804043,0.03680811473322467,-0.005571428571428576,0.009321428571428573,0.07384991214490051,0.022517893872117205,17.094126739690495,NORMAL
Node03,321,0.872,0.544,28.71,0.675,17.2,NORMAL,0.008357142857142853,-0.005535714285714274,0.07228383208541436,0.011491624550700024,0.05960714285714286,0.030785714285714284,0.2343127742793299,0.03899909117805979,0.7921428571428574,0.6642857142857141,2.5678321410796903,0.04381637508515649,0.04132142857142857,0.046892857142857146,0.11760952342391327,0.05652360623083125,17.95976065769121,NORMAL
Node03,322,0.717,0.343,30.35,0.535,15.9,NORMAL,-0.015857142857142854,-0.02421428571428571,0.1047464057799098,0.18035829857035465,0.01889285714285715,-0.04071428571428571,0.19047959520766575,0.014114083635429943,0.8242857142857146,0.03214285714285725,2.6485935171421873,0.06208961865857755,0.03728571428571429,-0.004035714285714281,0.11265539532236393,0.011201440182044952,21.62516452891173,NORMAL
Node03,323,0.989,0.648,18.61,0.26,13.5,NORMAL,-0.007857142857142849,0.008000000000000005,0.11054324730081672,0.020760423448339352,0.07332142857142857,0.054428571428571416,0.21296456222081825,0.06354982257916167,0.10035714285714281,-0.7239285714285718,3.8237578126136356,0.10934028602046011,0.005642857142857148,-0.03164285714285714,0.1346618339538324,0.03607375881240474,20.12794224611973,NORMAL
Node03,324,0.756,0.29,21.99,0.757,14.1,NORMAL,-0.03657142857142855,-0.028714285714285706,0.12096201686401198,0.3469580637517722,0.02407142857142857,-0.049249999999999995,0.1807767631506829,0.014282959597481472,-0.41000000000000025,-0.5103571428571431,3.9541159989728856,0.038689028482012534,0.030000000000000006,0.02435714285714286,0.17466321334281612,0.037911677137729846,25.620887626914048,WATCH
Node03,325,0.69,0.743,27.66,0.0,14.2,NORMAL,-0.039535714285714285,-0.002964285714285732,0.12644159201179092,0.19013237372056885,0.05346428571428571,0.029392857142857137,0.21873946233122268,0.07851542977495884,-0.17107142857142868,0.23892857142857157,4.095014971773318,0.027061285517384074,-0.030642857142857142,-0.06064285714285715,0.2576971275039936,0.1849004850735782,24.564372377973797,NORMAL
Node03,326,0.963,0.416,29.25,0.721,17.6,NORMAL,-0.01,0.029535714285714283,0.1253467571332004,0.0976889634176608,-9.912705577010326e-18,-0.053464285714285714,0.1631067427294455,0.02114541690816936,0.06678571428571407,0.23785714285714277,4.30124954159226,0.04786668360864485,-0.011464285714285729,0.019178571428571413,0.2754437113009445,0.04031452264980084,19.675019272254353,NORMAL
Node03,327,0.975,0.451,27.67,0.465,16.4,NORMAL,0.017928571428571426,0.027928571428571428,0.12929515882367018,0.09406381742496656,-0.0013571428571428643,-0.0013571428571428543,0.16354990500936228,0.013992275363096992,0.13321428571428573,0.06642857142857166,4.327220046789086,0.035125273472315,-0.01850000000000001,-0.0070357142857142806,0.27522224785486676,0.015136959530260537,18.784653903357313,NORMAL
Node03,328,1.016,0.007,24.75,0.524,14.7,NORMAL,0.03842857142857143,0.020500000000000004,0.14371234496464838,0.24329786751265864,-0.045571428571428575,-0.04421428571428571,0.24167333324138182,0.03591520027079815,0.3064285714285715,0.17321428571428577,4.220220599063739,0.03194547111732547,0.012178571428571427,0.030678571428571437,0.2637625194501043,0.025292034829174227,23.10437658489103,NORMAL
Node03,329,0.736,0.0,23.84,0.336,12.3,NORMAL,0.0016428571428571443,-0.03678571428571428,0.14043266476619085,0.24325198245980775,-0.10007142857142858,-0.0545,0.28867051575570835,0.06924554397016904,0.7578571428571431,0.4514285714285716,3.7271788130920025,0.032205894415283244,0.008107142857142865,-0.004071428571428563,0.26580246872621854,0.024553822449756794,23.80870490591531,NORMAL
Node03,330,0.998,0.19,30.31,0.586,17.0,NORMAL,0.03110714285714286,0.029464285714285717,0.1416859370647093,0.2252833875375634,-0.07839285714285714,0.021678571428571436,0.26474947726914533,0.026737057868439062,0.45785714285714285,-0.30000000000000027,3.0351049248356974,0.04011965290884309,-0.0013571428571428584,-0.009464285714285724,0.2579479460223377,0.015891780085463596,22.538560207177355,NORMAL
Node03,331,0.935,0.689,17.06,0.455,13.5,NORMAL,0.02021428571428573,-0.010892857142857131,0.13219358099825748,0.052235212288040705,-0.03803571428571429,0.04035714285714285,0.3025926068400973,0.07360700230166987,-1.1967857142857146,-1.6546428571428575,4.482006353451649,0.3408703843771925,0.03450000000000001,0.035857142857142865,0.22825132347188412,0.0308783704286373,26.982040736839057,WATCH
Node03,332,0.86,0.418,22.55,0.744,15.1,NORMAL,-0.014535714285714279,-0.03475000000000001,0.09797181324481134,0.06554202326000254,0.023749999999999993,0.061785714285714284,0.25453580532113,0.023833070148254542,-1.2771428571428574,-0.0803571428571428,4.542673326619575,0.09896556916123346,0.003964285714285714,-0.030535714285714298,0.14767273985146373,0.04708653512790063,20.30174967027266,NORMAL
Node03,333,0.879,0.0,25.35,0.507,14.1,NORMAL,-0.014321428571428568,0.00021428571428571026,0.097849252375663,0.0161751677315979,0.005642857142857136,-0.018107142857142856,0.2735542080866327,0.033715567821272496,-0.6478571428571429,0.6292857142857144,4.166964751242232,0.05477490009784212,0.02446428571428571,0.020499999999999997,0.12632460077872704,0.010477798418599416,17.659274475689905,NORMAL
Node03,334,0.902,0.173,28.01,0.887,16.8,NORMAL,-0.006928571428571427,0.007392857142857141,0.09410050351568139,0.010230431059585269,0.025928571428571433,0.020285714285714296,0.25944684747875946,0.018551636547615387,0.18000000000000035,0.8278571428571433,4.211756222312787,0.0631343678866364,0.05675,0.03228571428571429,0.18472682533947254,0.09469529711355991,18.472389687963368,NORMAL
Node03,335,0.899,0.418,26.67,0.661,16.3,NORMAL,0.00860714285714286,0.015535714285714288,0.08019559422644947,0.0174499284955428,0.01896428571428571,-0.0069642857142857215,0.2519845989246924,0.020306287232361813,0.4350000000000005,0.2550000000000001,4.288553424663202,0.02505231739239981,0.05817857142857143,0.0014285714285714249,0.18543179981047583,0.020399271026959775,16.77540657942396,NORMAL
Node03,336,0.96,0.23,21.8,0.566,14.2,NORMAL,-0.005142857142857148,-0.013750000000000009,0.0482147971754177,0.02312235580739808,-0.02382142857142857,-0.04278571428571428,0.22444439336790237,0.015908390347107216,-0.0303571428571424,-0.4653571428571429,4.433673635345966,0.050046280347983196,0.01767857142857143,-0.040499999999999994,0.1482057771510692,0.025687228839231684,17.531365684538454,NORMAL
Node03,337,0.817,0.257,23.7,0.242,13.1,NORMAL,-0.004785714285714298,0.00035714285714285015,0.047312537349799705,0.037257945677636586,-0.044785714285714276,-0.020964285714285706,0.22023277728457266,0.011652017200935224,0.7050000000000001,0.7353571428571425,3.629946870921707,0.047015706727601664,-0.030035714285714294,-0.04771428571428572,0.20940368851074415,0.08186936462892476,18.44041790087224,NORMAL
Node03,338,0.989,0.807,29.27,0.475,18.0,NORMAL,0.011464285714285708,0.016250000000000007,0.05838215643907127,0.016631608693063064,0.06207142857142859,0.10685714285714287,0.2555673427233352,0.1377440454568923,0.38035714285714256,-0.3246428571428575,2.809150863059614,0.026968387253887702,-0.05921428571428572,-0.029178571428571425,0.20753748944181033,0.02501307613764929,19.357777583361234,NORMAL
Node03,339,0.962,0.369,18.52,0.315,12.7,NORMAL,0.012178571428571419,0.0007142857142857107,0.05920826840584892,0.008686854441988011,0.07907142857142857,0.01699999999999998,0.25338508243383234,0.026864617195685208,-0.7478571428571433,-1.1282142857142858,3.735451779905612,0.17609329769826623,-0.06496428571428572,-0.005750000000000005,0.21531560445961534,0.04650858270844002,20.875751424517404,NORMAL
Node03,340,0.802,0.138,26.13,0.685,14.9,NORMAL,-0.005178571428571429,-0.01735714285714285,0.07271601644492805,0.040530274459139565,0.013357142857142864,-0.06571428571428571,0.2282817807635367,0.025380269177051284,-0.5167857142857147,0.2310714285714286,3.767481159304488,0.0204373574021888,-0.04960714285714285,0.015357142857142875,0.22361925549596895,0.044841253614986434,17.66573131606729,NORMAL
Node03,341,1.05,0.113,22.34,0.368,13.8,NORMAL,0.01007142857142858,0.01525000000000001,0.09108760827331225,0.03569544040048991,-0.03525,-0.04860714285714286,0.23664560603810683,0.025614298862952998,-0.33964285714285747,0.17714285714285727,3.5853471639039762,0.026518755518655807,-0.02028571428571428,0.02932142857142857,0.17238080768212818,0.015258895110528288,17.325316759435204,NORMAL
Node03,342,0.953,0.481,23.24,0.382,14.7,NORMAL,0.009214285714285722,-0.0008571428571428584,0.09074821262833828,0.009522462032226897,-0.00728571428571429,0.027964285714285705,0.241557742283585,0.025029575678110625,-0.05500000000000022,0.28464285714285725,3.398962726928264,0.022138212294624586,-0.003214285714285705,0.017071428571428574,0.15285473963397872,0.00899915067918032,16.453964849654113,NORMAL
Node03,343,0.879,0.38,26.36,0.623,15.9,NORMAL,0.007214285714285721,-0.002000000000000001,0.09193061565788677,0.014980903072114365,-0.019250000000000007,-0.011964285714285715,0.23655292370690692,0.01585187619926709,-0.009285714285714342,0.04571428571428588,3.4396061513188507,0.011141657449312446,0.03607142857142858,0.039285714285714285,0.16232771086381315,0.01897987263178127,16.24497103858602,NORMAL
Node03,344,0.747,0.553,26.79,0.0,13.7,NORMAL,-0.026464285714285714,-0.03367857142857143,0.10767809168336626,0.25816650994419166,-0.01417857142857143,0.005071428571428577,0.24074635931579427,0.03813761692742172,0.1910714285714285,0.20035714285714284,3.557578095384823,0.013719807152688538,-0.039714285714285716,-0.07578571428571429,0.22539700424763753,0.2649617222326868,26.121787404144914,WATCH
Node03,345,0.84,0.303,25.05,0.492,14.6,NORMAL,-0.02310714285714286,0.0033571428571428537,0.10453525265487738,0.04158532714279171,0.032107142857142855,0.046285714285714284,0.16387437116220926,0.011824583963867477,0.890357142857143,0.6992857142857145,2.953254862979876,0.03513592724637504,-0.02085714285714286,0.018857142857142857,0.2263431865447646,0.01821167973457064,17.439863312771713,NORMAL
Node03,346,0.898,0.295,27.67,0.377,15.3,NORMAL,-0.012071428571428578,0.011035714285714282,0.09992949895753887,0.01794026061896347,0.03296428571428572,0.0008571428571428619,0.16361613030272443,0.009270196906327558,0.4853571428571432,-0.40499999999999975,1.9444058953094872,0.030354685006047533,-0.0377857142857143,-0.01692857142857144,0.22323039560913188,0.02328002851555165,16.725333161270523,NORMAL
Node03,347,1.027,0.237,26.87,0.574,16.2,NORMAL,-0.007785714285714297,0.004285714285714282,0.10616788143133989,0.026119254402912233,-0.0027499999999999985,-0.03571428571428571,0.14851246540594626,0.013070586807332312,0.7550000000000004,0.26964285714285724,2.0116565076478405,0.026695639095832262,0.017035714285714283,0.054821428571428577,0.2042504298532517,0.03816000096671036,17.111069766199353,NORMAL
Node03,348,0.853,0.31,22.53,0.893,15.2,NORMAL,0.005249999999999997,0.013035714285714293,0.08858651945172823,0.018864472314033362,-0.03775,-0.035,0.11341348706224956,0.016460477417505674,-0.008214285714285221,-0.7632142857142856,1.9630115347889037,0.0543874019943545,0.06471428571428571,0.04767857142857143,0.27403145457271527,0.22928465214350058,20.141087254815517,NORMAL
Node03,349,0.995,0.423,23.84,0.694,16.0,NORMAL,0.026678571428571423,0.021428571428571425,0.09511872280771765,0.059788114771128144,-0.015107142857142862,0.022642857142857138,0.10541143879376388,0.02325851095068753,-0.5092857142857141,-0.501071428571429,1.8581057943123538,0.03196886919952942,0.07432142857142857,0.009607142857142856,0.28122910504392945,0.09248625877705408,19.013246248361316,NORMAL
Node03,350,0.849,0.403,29.95,0.415,16.2,NORMAL,0.02039285714285714,-0.006285714285714283,0.09643132271207316,0.03184804310772036,-0.006964285714285719,0.008142857142857143,0.10658933208480911,0.017833845224351996,0.0685714285714285,0.5778571428571426,2.493705408958056,0.03840290445353785,0.07732142857142857,0.0030000000000000027,0.27974597320392214,0.05903907461157527,17.92311657512715,NORMAL
Node03,351,0.903,0.226,29.21,0.15,14.9,NORMAL,0.002107142857142863,-0.018285714285714277,0.0741321214357948,0.01665852627189963,0.0061071428571428605,0.01307142857142858,0.07524721162370641,0.019227448037802592,0.5003571428571426,0.4317857142857141,2.7589482122894653,0.027800962403924826,-0.029642857142857144,-0.1069642857142857,0.23846373389040182,0.18097957501479672,18.849789813475486,NORMAL
Node03,352,1.024,0.224,29.92,0.452,16.7,NORMAL,0.004500000000000008,0.0023928571428571454,0.07799114723876707,0.011808356403714512,-0.005071428571428567,-0.011178571428571427,0.08270198938126609,0.016450330879141224,0.6732142857142857,0.17285714285714304,2.955370414299075,0.03756781033520107,-0.03932142857142856,-0.009678571428571418,0.2395436136847377,0.019505620170873532,16.857358440202738,NORMAL
Node03,353,0.881,0.331,28.64,0.623,16.4,NORMAL,-0.0067142857142857,-0.011214285714285708,0.07960407981887312,0.011377766352687405,-0.003107142857142853,0.001964285714285714,0.08327007122552954,0.015833695375962256,0.9092857142857144,0.2360714285714287,3.006581669160732,0.027537470243914453,-0.04567857142857142,-0.00635714285714286,0.23515101530718507,0.03129173913711016,16.7277742339507,NORMAL
Node03,354,0.747,0.515,20.46,0.346,12.8,NORMAL,-0.013249999999999996,-0.006535714285714296,0.09368462800166058,0.04592805147084481,0.009000000000000005,0.012107142857142858,0.10687197503377135,0.030228752325564552,0.1200000000000001,-0.7892857142857143,3.9730712601330516,0.08395767000876751,-0.062357142857142854,-0.01667857142857143,0.2456955142331372,0.03913864731998859,19.453464637978215,NORMAL
Node03,355,0.818,0.028,26.43,0.672,14.8,NORMAL,-0.02703571428571429,-0.013785714285714295,0.09705742041257258,0.0789567558779789,-0.030571428571428565,-0.03957142857142857,0.16217421555375625,0.02763754369388486,-0.42071428571428565,-0.5407142857142857,3.6018857494902514,0.02066416461464737,0.009607142857142864,0.07196428571428572,0.197890903085032,0.068995371462824,19.007322262208028,NORMAL
Node03,356,0.807,0.38,26.35,0.462,15.0,NORMAL,-0.020464285714285713,0.006571428571428579,0.08816407863696396,0.041342501210669326,-0.006214285714285714,0.02435714285714285,0.15781001235663092,0.012645445971575861,-0.922142857142857,-0.5014285714285713,3.3608729024862973,0.025913228722577134,0.03853571428571429,0.02892857142857143,0.17381667956567948,0.01317727481840021,17.151747094128375,NORMAL
Node03,357,0.951,0.302,25.35,0.331,14.7,NORMAL,-0.012607142857142864,0.007857142857142849,0.09402912416095446,0.013316813437727433,0.008464285714285714,0.014678571428571428,0.15141758720269488,0.010528747582096886,-0.7474999999999999,0.1746428571428571,3.1975496570849073,0.016886968867750346,0.02185714285714286,-0.01667857142857143,0.1791095700827795,0.025078360285786656,16.31368142855302,NORMAL
Node03,358,0.86,0.596,29.92,0.863,18.3,NORMAL,-0.010428571428571435,0.002178571428571429,0.09336258045154615,0.013880358132447092,0.03296428571428571,0.024499999999999994,0.18712015492980008,0.03841551722356469,-0.02464285714285706,0.7228571428571429,3.3028213047981527,0.047824521861385555,0.027321428571428573,0.005464285714285713,0.19306722244066282,0.04800067328071058,18.00181276517254,NORMAL
Node03,359,0.981,0.256,27.01,0.468,15.7,NORMAL,0.02353571428571428,0.03396428571428572,0.08227566902970594,0.052328090849927754,0.00753571428571428,-0.02542857142857143,0.18419826274967957,0.009903907203706703,0.46250000000000024,0.4871428571428573,3.003084128977123,0.01153220770698048,0.008142857142857146,-0.019178571428571427,0.19200471224376114,0.01237862347841919,16.99672309062977,NORMAL
Node03,360,0.907,0.66,25.3,0.577,16.3,NORMAL,0.030678571428571434,0.007142857142857152,0.08376696700910664,0.024489951858655164,0.039535714285714285,0.03200000000000001,0.21901217622162777,0.050708535141999064,0.6875000000000001,0.22499999999999987,2.8313449605645524,0.01540394463292913,0.024499999999999997,0.01635714285714285,0.18937415723527704,0.011611619338885234,17.242898878873667,NORMAL
Node03,361,0.976,0.523,27.12,0.286,15.8,NORMAL,0.025142857142857144,-0.00553571428571429,0.07298401651503339,0.014268768411480715,0.07139285714285716,0.031857142857142876,0.21978658479794178,0.03551918138939855,0.05821428571428581,-0.6292857142857143,1.5583507765766806,0.03826455133915208,-0.028250000000000008,-0.052750000000000005,0.20020632214935527,0.05856407441583929,17.841074206967807,NORMAL
Node03,362,0.961,0.177,23.32,0.581,14.6,NORMAL,0.01996428571428571,-0.005178571428571435,0.06587325492402596,0.01109613207869664,-0.0036785714285714277,-0.0750714285714286,0.18273465019243718,0.018054314103539113,-0.3632142857142859,-0.4214285714285717,2.043521703427922,0.022050303922167138,-0.000678571428571441,0.027571428571428566,0.19166960660271126,0.013273103688353561,16.398120364748742,NORMAL
Node03,363,1.028,0.356,20.75,0.39,14.0,NORMAL,0.015285714285714291,-0.004678571428571417,0.054412008478521234,0.028584383008325335,-0.014607142857142857,-0.01092857142857143,0.18368904884795573,0.010611107662291003,-0.9603571428571431,-0.5971428571428572,2.9384770918024223,0.048565599515663006,-0.020321428571428574,-0.019642857142857132,0.19652723063471986,0.014477410749225688,17.377397579238014,NORMAL
Node03,364,0.971,0.416,20.93,0.503,14.3,NORMAL,0.01717857142857143,0.001892857142857137,0.054873881374865915,0.01207238975678455,-0.029392857142857148,-0.014785714285714291,0.17746616042287638,0.013759624858376444,-1.481071428571429,-0.5207142857142859,3.421021846786495,0.07869593371763929,-0.044000000000000004,-0.02367857142857143,0.18218854702386392,0.01508933428415481,17.79937328896128,NORMAL
Node03,365,0.894,0.54,28.37,0.517,16.7,NORMAL,-0.0028928571428571415,-0.02007142857142857,0.04583926368560139,0.038033958275932624,0.007035714285714284,0.036428571428571435,0.16962970876364228,0.027331007725337902,-0.3939285714285716,1.0871428571428574,3.0751631780165054,0.04565434805331726,0.0036785714285714317,0.04767857142857144,0.10581565281635973,0.03410885571560617,18.14972363593328,NORMAL
Node04,1,1.094,1.698,24.04,0.69,20.1,NORMAL,0.0,0.0,0.0,0.27967501643450865,0.0,0.0,0.0,0.04677089466138399,0.0,0.0,0.0,0.24390041872035165,0.0,0.0,0.0,0.09457396200601047,30.55087312357998,WATCH
Node04,2,0.958,1.727,23.04,0.327,18.0,NORMAL,-0.13600000000000012,-0.13600000000000012,0.09616652224137055,0.8089768931169512,0.029000000000000137,0.029000000000000137,0.020506096654409976,0.2035737310990865,-1.0,-1.0,0.7071067811865476,0.6306256528990025,-0.36299999999999993,-0.36299999999999993,0.2566797615707167,0.6210598212473751,63.954319430166436,WARNING
Node04,3,0.944,1.672,20.69,0.447,17.4,NORMAL,-0.07500000000000007,0.061000000000000054,0.0828573070605927,0.21833735469086837,-0.013000000000000012,-0.04200000000000015,0.02751363298439529,0.17422968497718508,-1.674999999999999,-0.6749999999999989,1.7197383521919827,0.3780875002072947,-0.12149999999999997,0.24149999999999996,0.18494053098225924,0.32276251712495563,38.026436699011526,WATCH
Node04,4,1.112,1.696,20.74,0.421,18.2,NORMAL,0.0040000000000000036,0.07900000000000007,0.08824964589164092,0.2865531494307904,-0.006100000000000017,0.006899999999999995,0.022514809940718347,0.016357365408699066,-1.225,0.44999999999999885,1.6814552229145638,0.13398763919214937,-0.06869999999999998,0.052799999999999986,0.15467465855789045,0.06212794043024843,26.86351536530549,WATCH
Node04,5,0.884,1.778,20.34,1.195,19.8,NORMAL,-0.026600000000000002,-0.030600000000000006,0.0996533993399122,0.25857639174597474,0.0129,0.019000000000000017,0.04064726313049876,0.07553308600541554,-0.97,0.2550000000000001,1.6611742834513175,0.09342944674970023,0.11040000000000001,0.17909999999999998,0.3502941620980858,0.7538666285216887,35.193026472906325,WATCH
Node04,6,1.023,1.604,19.55,0.406,17.1,NORMAL,-0.011685714285714303,0.0149142857142857,0.08969671119946376,0.020403690868026892,-0.008371428571428557,-0.02127142857142856,0.057842602523284395,0.013929723661706285,-0.8714285714285712,0.09857142857142875,1.740402252354322,0.11059057775677501,0.0330857142857143,-0.07731428571428571,0.32483041729493256,0.03566587948548953,19.0911004411837,NORMAL
Node04,7,1.021,1.603,22.23,0.633,18.7,NORMAL,-0.005321428571428592,0.00636428571428571,0.08217953632429545,0.005604496427764512,-0.015178571428571421,-0.006807142857142864,0.06339783682654886,0.009606632254478841,-0.4557142857142855,0.4157142857142857,1.6194384682293277,0.05278574311666992,0.026250000000000006,-0.006835714285714296,0.2971788783111709,0.010326406683227181,16.8247537290019,NORMAL
Node04,8,1.036,1.741,21.39,0.369,18.0,NORMAL,0.010678571428571426,0.016000000000000018,0.07427074024905678,0.013189066735535191,-0.006714285714285705,0.008464285714285716,0.0671161040926202,0.00782529034003238,-0.10928571428571411,0.3464285714285714,1.1825960144247623,0.0222583941110307,0.017249999999999998,-0.009000000000000008,0.30359065485334974,0.009070019578465474,16.185840420938554,NORMAL
Node04,9,0.902,1.474,20.77,0.628,17.3,NORMAL,-0.005035714285714287,-0.015714285714285712,0.0817892180576156,0.022361547359870573,-0.024249999999999987,-0.017535714285714283,0.1020781679937115,0.04428649464423936,0.12249999999999998,0.2317857142857141,0.8348624066846214,0.022898952146867647,-0.004392857142857147,-0.021642857142857144,0.28893128199328943,0.008824484950930803,17.207742931736277,NORMAL
Node04,10,0.997,1.546,22.76,0.306,17.5,NORMAL,-0.010571428571428577,-0.0055357142857142905,0.07936173961226982,0.0037868239906821404,-0.03289285714285713,-0.008642857142857147,0.10895848925601155,0.03133788169081243,0.31285714285714317,0.19035714285714317,1.105613382869868,0.03337773145541715,-0.054142857142857145,-0.049749999999999996,0.3046871932232888,0.02038867978511319,16.87358181706549,NORMAL
Node04,11,0.912,1.553,20.55,0.479,17.0,NORMAL,-0.003107142857142844,0.007464285714285733,0.06563390529146898,0.010352075548375948,-0.03285714285714287,3.571428571426394e-05,0.10892723652577836,0.023766457932343776,0.19964285714285726,-0.1132142857142859,1.1185087861800218,0.016373262419050794,-0.0840357142857143,-0.02989285714285715,0.30086969177464756,0.022749657581171846,16.47659148339163,NORMAL
Node04,12,0.909,1.473,22.16,0.545,17.5,NORMAL,-0.021392857142857123,-0.01828571428571428,0.06081353232863316,0.043091513332381,-0.024571428571428577,0.008285714285714292,0.09217168246060746,0.035999029964142726,0.20857142857142857,0.008928571428571314,1.1281527252232173,0.013697792757103776,0.0016428571428571423,0.08567857142857144,0.1275453234101883,0.07359110812054491,18.151393320556842,NORMAL
Node04,13,1.04,1.769,21.66,0.841,19.8,NORMAL,-0.006678571428571415,0.014714285714285708,0.0634965315888161,0.009901518002434958,0.0014642857142857038,0.02603571428571428,0.11926221610584044,0.05643000700723924,-0.013928571428571448,-0.22250000000000003,0.8042150861317545,0.021388256467307718,0.029535714285714283,0.02789285714285714,0.18012680718501248,0.08304549281481068,18.05585693127111,NORMAL
Node04,14,0.992,1.667,23.49,0.571,18.9,NORMAL,0.001999999999999998,0.008678571428571412,0.060796694772315495,0.007104100153009424,0.010535714285714275,0.00907142857142857,0.12246457213648128,0.012651736806941474,0.2671428571428569,0.28107142857142836,1.057809956826794,0.052863111353192764,0.04539285714285714,0.015857142857142854,0.176450586634926,0.025078101939368228,17.117759100282605,NORMAL
Node04,15,0.998,1.673,20.0,0.624,18.0,NORMAL,0.014499999999999997,0.012499999999999999,0.05534351598791642,0.02687618629136965,0.037678571428571436,0.027142857142857163,0.11196704447121503,0.12599110111961864,0.009285714285714088,-0.25785714285714284,1.2636681300314345,0.025814417618537554,0.031428571428571424,-0.013964285714285714,0.16244061185846467,0.015213127211577682,19.214888670442146,NORMAL
Node04,16,0.996,1.73,23.61,0.645,19.4,NORMAL,0.008999999999999996,-0.005500000000000001,0.04871931268574535,0.017999027558603112,0.03521428571428571,-0.0024642857142857244,0.10814562492526539,0.024391923964587642,0.09928571428571395,0.08999999999999986,1.3919975369436335,0.02491102484081896,0.04760714285714285,0.016178571428571424,0.16356548128094345,0.03390747521930321,17.044855029478867,NORMAL
Node04,17,1.035,1.723,21.95,0.824,19.6,NORMAL,0.017892857142857127,0.008892857142857131,0.05314266513022145,0.03683090896922638,0.033142857142857154,-0.0020714285714285574,0.10586131988417223,0.02284857864206754,0.1942857142857141,0.09500000000000014,1.3546428100636496,0.010527433349876164,0.03635714285714285,-0.011249999999999996,0.1377812275553773,0.09156020873595914,17.86056268666453,NORMAL
Node04,18,0.875,1.618,20.65,0.577,17.3,NORMAL,-0.0038571428571428684,-0.021749999999999995,0.06242710034226206,0.04760165773139675,0.014500000000000013,-0.01864285714285714,0.09793316477018779,0.02310686997264293,-0.13678571428571448,-0.33107142857142857,1.3382504570200173,0.023056049879210783,0.00485714285714285,-0.0315,0.12193304173466135,0.021366717149088475,17.565218174640034,NORMAL
Node04,19,1.006,1.688,24.6,0.549,19.3,NORMAL,-0.010678571428571435,-0.006821428571428567,0.05490814841082115,0.012030075925844758,-0.010392857142857133,-0.024892857142857147,0.04954747603009033,0.026357048828489858,0.1817857142857144,0.3185714285714289,1.6814676129302444,0.09608838591874459,-0.02371428571428571,-0.02857142857142856,0.12130657737437697,0.018400435752849963,18.551713620491274,NORMAL
Node04,20,1.087,1.626,20.94,0.299,17.6,NORMAL,0.006428571428571427,0.017107142857142862,0.0639292763994117,0.02660275754106264,-0.00732142857142859,0.0030714285714285427,0.0432357876455759,0.008901327741638782,-0.05035714285714248,-0.2321428571428569,1.7464794519806057,0.015438468301808134,-0.03692857142857142,-0.013214285714285713,0.15577165828163198,0.02045140096314091,16.521959835783075,NORMAL
Node04,21,1.132,1.539,21.29,0.944,19.8,NORMAL,0.019821428571428563,0.013392857142857137,0.08116004177520103,0.07596040883246205,-0.02303571428571431,-0.01571428571428572,0.0674628645644261,0.01827804014537972,0.04214285714285726,0.09249999999999975,1.6669904447408042,0.01203274004997427,-0.0002500000000000042,0.036678571428571415,0.20617052581367132,0.09907473996923381,18.895436584199174,NORMAL
Node04,22,1.056,1.681,21.68,0.274,17.7,NORMAL,0.020928571428571432,0.001107142857142869,0.08168580922394922,0.014922422725999756,-0.01810714285714287,0.004928571428571438,0.06785137820125342,0.006417985665299926,-0.24357142857142847,-0.2857142857142857,1.4624832111368473,0.02135350325248581,-0.041107142857142856,-0.04085714285714285,0.24813897795580678,0.02002472071501347,16.31673349695543,NORMAL
Node04,23,1.059,1.804,20.78,0.403,18.2,NORMAL,0.02,-0.0009285714285714314,0.08120696662584698,0.014340509208530944,0.007857142857142849,0.025964285714285718,0.08464997960790689,0.05976346720574166,-0.1699999999999998,0.07357142857142868,1.364275492357618,0.010090470199058581,-0.05264285714285714,-0.011535714285714281,0.25552914287247713,0.010452085843768296,17.02622774752359,NORMAL
Node04,24,1.157,1.631,23.16,0.941,20.8,NORMAL,0.03289285714285715,0.012892857142857147,0.09322987463152314,0.34716909908585364,0.011642857142857146,0.0037857142857142968,0.08186109023973538,0.006287194536275498,0.022500000000000093,0.1924999999999999,1.473707666300982,0.015139055428347396,0.027678571428571424,0.08032142857142856,0.2789718367761981,0.1403304484786607,26.161674042110903,WATCH
Node04,25,0.97,1.667,20.85,0.062,16.3,NORMAL,-0.0014642857142857116,-0.03435714285714286,0.06587795353458364,0.031040109010030167,0.007571428571428594,-0.004071428571428551,0.08021993577183979,0.006037503622889799,-0.26142857142857145,-0.28392857142857153,1.4477914214416385,0.01641319084606707,-0.02564285714285715,-0.053321428571428575,0.33828883122759656,0.09141933462228803,17.50395261475106,NORMAL
Node04,26,1.136,1.752,21.78,0.586,19.4,NORMAL,-0.002714285714285717,-0.0012500000000000052,0.06421244501837704,0.046088677547213325,0.020857142857142876,0.013285714285714283,0.08699972632688213,0.024234046985235472,0.11142857142857159,0.37285714285714305,0.8331609345481473,0.03032036278090938,-0.008428571428571428,0.017214285714285724,0.3395417079367002,0.016836353803662184,17.678067537800075,NORMAL
Node04,27,0.995,1.497,21.31,0.35,17.0,NORMAL,-0.012142857142857141,-0.009428571428571425,0.07266229781536998,0.004988491710208348,-0.004321428571428555,-0.025178571428571432,0.10908559330482952,0.04350296748147231,0.011785714285714352,-0.09964285714285723,0.8031189202104503,0.01660323052894013,-0.053535714285714284,-0.04510714285714286,0.3349944562441082,0.023207307394346642,16.770920145357493,NORMAL
Node04,28,0.966,1.809,21.04,0.283,17.4,NORMAL,-0.014964285714285723,-0.0028214285714285824,0.07683935003815241,0.006018870994401714,-0.00389285714285715,0.0004285714285714049,0.10979049312646506,0.015095212089305025,-0.0800000000000002,-0.09178571428571455,0.8219460068004697,0.017431758915370486,-0.015500000000000009,0.03803571428571428,0.2805336750857958,0.02243738348495962,16.204840959030157,NORMAL
Node04,29,1.057,1.733,24.66,0.549,19.7,NORMAL,-0.012964285714285718,0.0020000000000000052,0.07685670029966406,0.006798532132733023,-0.0009642857142857111,0.0029285714285714392,0.11071133636624568,0.005345266801653187,0.2807142857142854,0.3607142857142856,1.4521822658789538,0.11420003931332942,-0.02107142857142857,-0.005571428571428562,0.2768687156655401,0.0064819423956319205,18.28169525695403,NORMAL
Node04,30,0.942,1.563,23.68,0.366,17.8,NORMAL,-0.022892857142857152,-0.009928571428571434,0.08634702961775538,0.027755033177358914,-0.0005357142857142902,0.00042857142857142096,0.11008762743508332,0.006003771067128852,0.3014285714285712,0.020714285714285796,1.4795028122408458,0.0361492436171165,-0.03764285714285714,-0.016571428571428567,0.27834117468281533,0.008826106956183973,16.869672057126955,NORMAL
Node04,31,1.083,1.909,20.27,0.2,17.8,NORMAL,0.0004642857142857147,0.023357142857142868,0.07177212617192061,0.02709015445993908,0.020857142857142852,0.02139285714285714,0.14159415511208348,0.13218279923927775,0.19321428571428548,-0.10821428571428574,1.614284450062716,0.02296289796696064,0.006178571428571434,0.043821428571428574,0.18487357327438148,0.04915740480897249,19.711994232034996,NORMAL
Node04,32,1.034,1.671,23.67,0.179,17.9,NORMAL,-0.005499999999999989,-0.005964285714285704,0.06813432111855017,0.005954519976837257,0.011964285714285714,-0.008892857142857138,0.14142657526248803,0.013951207754025953,0.22250000000000014,0.029285714285714665,1.6480377942961664,0.037620282291724885,-0.05135714285714286,-0.057535714285714294,0.1587534776521972,0.06589363294409582,17.247764442658607,NORMAL
Node04,33,1.097,1.643,20.01,0.445,17.9,NORMAL,0.016714285714285716,0.022214285714285707,0.05905203516512244,0.08583514996434774,0.012071428571428566,0.00010714285714285253,0.14137151326170613,0.00904642401033684,-0.10821428571428525,-0.3307142857142854,1.8698968649939722,0.0776952902764794,-0.009714285714285708,0.04164285714285715,0.13180974745370513,0.033537282203795316,19.78986308445914,NORMAL
Node04,34,1.09,1.899,21.57,0.632,19.6,NORMAL,0.019428571428571444,0.002714285714285728,0.06189468782498529,0.047515248131004884,0.0070714285714285775,-0.004999999999999989,0.13155190900137012,0.042399328821790976,-0.2757142857142854,-0.16750000000000015,1.8543051580167758,0.027676272710655526,0.023285714285714288,0.032999999999999995,0.17257406967389258,0.024955378955067442,18.136550600602508,NORMAL
Node04,35,0.955,1.808,22.65,0.803,19.6,NORMAL,0.00014285714285715488,-0.019285714285714288,0.06413898598987613,0.011661219692018812,0.022535714285714287,0.01546428571428571,0.13147351715948621,0.10625115434205841,-0.3753571428571429,-0.09964285714285748,1.7957025419171238,0.04550310307241456,0.05496428571428572,0.03167857142857143,0.22747663406956561,0.08756920488223217,19.832034622510253,NORMAL
Node04,36,0.956,1.531,20.11,0.843,18.2,NORMAL,-0.00564285714285714,-0.005785714285714294,0.06994964174999314,0.005379444771771745,-0.0025000000000000022,-0.02503571428571429,0.15501044511657305,0.03160528183044556,-0.28750000000000014,0.08785714285714274,1.6405936788393458,0.028364897367488397,0.11035714285714286,0.05539285714285714,0.271034350309364,0.1793886870538942,18.819298723385252,NORMAL
Node04,37,1.025,1.445,21.52,0.659,18.1,NORMAL,-0.01685714285714287,-0.011214285714285729,0.06043099173358621,0.016308784555767952,-0.053821428571428576,-0.05132142857142857,0.17917256911650714,0.37972546025451315,-0.02607142857142884,0.2614285714285713,1.3923481365424861,0.013788389974669869,0.10939285714285715,-0.0009642857142857092,0.2703385003322774,0.03538709461940301,24.287829437331958,NORMAL
Node04,38,1.11,1.728,20.71,0.459,18.4,NORMAL,-0.0017857142857142874,0.015071428571428581,0.0647647758467224,0.03809778201274842,-0.021178571428571435,0.03264285714285714,0.15564382416273384,0.10006104476044374,-0.2614285714285717,-0.23535714285714285,1.3418484053189998,0.014395140073587423,0.052821428571428575,-0.05657142857142858,0.23140204139528409,0.031032341941817303,18.860529074119164,NORMAL
Node04,39,0.913,1.483,23.51,0.668,18.3,NORMAL,-0.01578571428571428,-0.013999999999999993,0.08033145621201486,0.016061489170540212,-0.042321428571428565,-0.02114285714285713,0.17182784851068095,0.1343691518003693,0.2732142857142858,0.5346428571428574,1.2986531484580475,0.07144893623854583,0.006392857142857145,-0.04642857142857143,0.152563023667192,0.025703414456148356,20.414578858005434,NORMAL
Node04,40,1.048,1.443,21.3,0.417,17.4,NORMAL,-0.001999999999999994,0.013785714285714287,0.0745149393777932,0.008094337016607134,-0.06503571428571428,-0.022714285714285715,0.1886317904833445,0.16679839391355947,0.053928571428571735,-0.21928571428571406,1.1442589616990428,0.011240550138076245,-0.046392857142857145,-0.05278571428571429,0.15889034853364398,0.031049191382241544,19.433382683231144,NORMAL
Node04,41,1.189,1.592,20.61,0.258,17.7,NORMAL,0.027642857142857163,0.02964285714285716,0.09728994466713063,0.38170892331013306,-0.028071428571428556,0.03696428571428573,0.14300782529371633,0.1369612614696363,-0.06249999999999974,-0.11642857142857148,1.2076245868883024,0.009706691480978453,-0.08850000000000001,-0.042107142857142864,0.21504318503168482,0.05771139517861391,28.62734527193044,WATCH
Node04,42,1.003,1.604,22.39,0.887,19.5,NORMAL,0.014535714285714287,-0.013107142857142876,0.09287882530736592,0.027006921886361,0.008142857142857165,0.03621428571428572,0.10296092647675806,0.03919098050732391,0.20035714285714296,0.2628571428571427,1.1692875323603407,0.019738563197053693,-0.025428571428571432,0.06307142857142858,0.23088432477881954,0.09037688160097168,18.177123445820097,NORMAL
Node04,43,1.026,1.401,24.27,0.337,17.8,NORMAL,0.0023214285714285693,-0.012214285714285717,0.08652442539812788,0.01524658600524381,-0.009678571428571425,-0.017821428571428592,0.11700427342623003,0.04017762542472344,0.3110714285714285,0.11071428571428554,1.4075967360819546,0.06527615281640095,-0.018571428571428572,0.00685714285714286,0.2206383595712353,0.013644654734962803,18.08107372809809,NORMAL
Node04,44,1.014,1.6,23.27,0.517,18.6,NORMAL,-0.0038214285714285867,-0.0061428571428571565,0.08704350308076667,0.011016200664764244,-0.013821428571428564,-0.004142857142857139,0.11328640484987385,0.010923715621577436,0.3674999999999997,0.05642857142857122,1.4536145424751494,0.0301153763912886,-0.0006428571428571435,0.01792857142857143,0.21280697715020885,0.01400253878959523,16.45951654145521,NORMAL
Node04,45,1.11,1.629,22.94,0.275,18.2,NORMAL,0.01285714285714286,0.016678571428571445,0.08704350308076667,0.06993596642548593,0.020035714285714275,0.033857142857142836,0.09145855163223758,0.06337731908171898,0.21035714285714274,-0.15714285714285697,1.2828706648985093,0.02154487856368223,-0.03214285714285714,-0.03149999999999999,0.23024945064822527,0.017965685939866645,18.908592073443614,NORMAL
Node04,46,0.994,1.594,22.22,0.15,16.9,NORMAL,-0.011035714285714284,-0.023892857142857146,0.07068339873791343,0.010520242666214045,0.018678571428571426,-0.0013571428571428484,0.09035380193334161,0.014316129627890696,0.2964285714285713,0.08607142857142858,1.2238113766893517,0.02416354801636033,-0.04060714285714285,-0.008464285714285709,0.24261246778310783,0.031785070662534554,16.59391406794564,NORMAL
Node04,47,0.984,1.829,24.6,0.812,20.5,NORMAL,-0.019607142857142854,-0.00857142857142857,0.07568072032275747,0.010834566093236556,0.03282142857142856,0.01414285714285713,0.12426852645246365,0.16571696165183,0.367857142857143,0.07142857142857167,1.3461054936371075,0.07367121008687014,0.004500000000000004,0.04510714285714285,0.28743214520167726,0.05382666513617255,21.36267270818031,NORMAL
Node04,48,1.168,1.785,25.46,0.619,20.9,NORMAL,0.013964285714285716,0.03357142857142857,0.06919227867740323,0.16459636561266036,0.049749999999999975,0.016928571428571418,0.1407087501932711,0.15515292752272603,0.3150000000000001,-0.05285714285714288,1.2125141138108362,0.10071047126790553,-0.007892857142857137,-0.012392857142857141,0.2768612339370444,0.007931797411859879,25.16345446731357,WATCH
Node04,49,1.056,1.635,23.46,0.576,19.2,NORMAL,0.009714285714285707,-0.004250000000000009,0.06698685016656698,0.009572066530012871,0.045428571428571415,-0.004321428571428559,0.14007260022336032,0.04755879321890878,0.12892857142857167,-0.18607142857142844,1.0976012807156215,0.02591917958302868,0.05207142857142856,0.0599642857142857,0.2275674677561632,0.05485545845708386,17.61505822711219,NORMAL
Node04,50,2.737,1.63,22.96,0.334,26.6,WATCH,0.18696428571428572,0.17725000000000002,0.6394165867637244,0.8690676528916759,0.010464285714285688,-0.034964285714285726,0.09457574439871685,0.04847628072289354,0.11964285714285731,-0.009285714285714355,1.1049649854396384,0.016764445113157327,0.018642857142857138,-0.03342857142857142,0.22786106878241985,0.014198430205564612,38.79986944960568,WATCH
Node04,51,1.25,1.497,23.04,0.541,19.5,NORMAL,0.14207142857142857,-0.04489285714285715,0.628273257201264,0.5843817587766287,-0.0185,-0.028964285714285685,0.11367644141744288,0.09133284073179773,0.02285714285714275,-0.09678571428571456,1.118315059108377,0.015786166485722525,0.03321428571428571,0.014571428571428572,0.22888196167665198,0.014308635765169919,32.42754006574657,WATCH
Node04,52,1.161,1.561,22.94,0.411,18.8,NORMAL,0.09292857142857144,-0.04914285714285713,0.6256081612547678,0.5121172443240857,-0.03278571428571429,-0.014285714285714294,0.11923745816047664,0.051550609331405026,-0.12357142857142847,-0.1464285714285712,1.1183150591083768,0.024752758734666116,-0.0015714285714285767,-0.03478571428571429,0.21466052934142982,0.011043831408252033,29.926444376745742,WATCH
Node04,53,1.129,1.634,23.34,0.648,19.7,NORMAL,0.02196428571428572,-0.07096428571428573,0.6153145537040385,0.286904653026195,-0.04182142857142857,-0.009035714285714279,0.11719926052098902,0.040993757740545644,-0.3300000000000002,-0.2064285714285717,0.9707532666758868,0.06918467017640767,-0.03367857142857143,-0.032107142857142855,0.15735310610216757,0.02018340284147711,25.208733479881793,WATCH
Node04,54,1.195,1.936,23.32,0.48,20.3,NORMAL,-0.04817857142857142,-0.07014285714285715,0.5990646677867726,0.5344130822965623,0.013642857142857139,0.05546428571428571,0.1471345351322096,0.15914904830839907,-0.23857142857142868,0.0914285714285715,0.8867490115719383,0.05763563653725125,-0.006999999999999998,0.026678571428571433,0.11379932211698678,0.029122361337703274,33.85046971387143,WATCH
Node04,55,1.189,1.855,23.26,0.333,19.5,NORMAL,-0.10021428571428571,-0.052035714285714296,0.5978473686405888,0.6998032071993413,0.050321428571428566,0.03667857142857143,0.1583411025662786,0.3442071122578648,0.01500000000000006,0.2535714285714287,0.20618992631621388,0.13662864111442283,-0.011785714285714283,-0.004785714285714285,0.12155343720042676,0.022322892182370064,43.928030142805824,WATCH
Node04,56,1.222,1.809,19.83,0.284,18.3,NORMAL,-0.1654642857142857,-0.06524999999999999,0.5856444964229377,0.8068213401742255,0.05814285714285714,0.007821428571428576,0.163970961424504,0.12195593637992565,-0.3060714285714287,-0.3210714285714288,1.2635268101627295,0.061776672774543746,-0.017750000000000005,-0.005964285714285722,0.13075677165383573,0.029852021070732124,40.121426246918865,WATCH
Node04,57,1.199,1.767,24.63,0.247,19.5,NORMAL,0.0010357142857142906,0.16649999999999998,0.03928709954267673,0.5151833275908242,0.054535714285714264,-0.003607142857142878,0.16194928659482086,0.0767128235894202,-0.05464285714285731,0.2514285714285714,1.4684507547233652,0.06789276795254783,-0.051821428571428574,-0.03407142857142857,0.1450848684309258,0.047049863608529724,32.09847369863992,WATCH
Node04,58,1.005,1.661,23.43,1.016,20.4,NORMAL,-0.010750000000000013,-0.011785714285714304,0.07344028996726659,0.005302460658610323,0.015678571428571438,-0.038857142857142826,0.133157085894103,0.08064178936783878,0.019999999999999702,0.07464285714285701,1.4816078782059394,0.0194102168292231,0.029178571428571425,0.081,0.2689788449815692,0.19015247104550823,19.768255305836554,NORMAL
Node04,59,1.123,1.754,22.4,0.651,19.7,NORMAL,-0.01385714285714287,-0.003107142857142857,0.07450439424560655,0.03498060162373044,-0.009928571428571413,-0.02560714285714285,0.10555206343429811,0.030241080893081234,-0.0439285714285717,-0.0639285714285714,1.4970606120630112,0.012855896333507508,0.03553571428571429,0.006357142857142863,0.2727341283409628,0.012922899626395023,17.02722063712408,NORMAL
Node04,60,1.125,1.587,23.51,0.546,19.3,NORMAL,-0.01996428571428573,-0.00610714285714286,0.07472266182675907,0.04970188318445433,-0.049892857142857135,-0.03996428571428572,0.11681466802874826,0.19194924968661584,0.08749999999999998,0.13142857142857167,1.5069774226513664,0.022725869801895022,0.05592857142857144,0.02039285714285715,0.2676013381701896,0.0221232192377232,21.207900302273465,NORMAL
Node04,61,1.111,1.866,23.57,0.575,20.1,NORMAL,-0.01800000000000001,0.0019642857142857205,0.07323575759474463,0.03882774754904173,-0.015142857142857125,0.03475000000000001,0.10199182973813803,0.13127794616117974,0.2164285714285715,0.1289285714285715,1.5211696627454627,0.024252329456390956,0.059071428571428566,0.003142857142857128,0.2683441287387735,0.01688430499190728,19.613473208210422,NORMAL
Node04,62,1.147,1.635,21.83,0.09,17.5,NORMAL,-0.010035714285714283,0.007964285714285726,0.07012471882636105,0.056585258006306496,-0.014214285714285695,0.0009285714285714296,0.10064766455786435,0.006019020410519141,0.1414285714285716,-0.0749999999999999,1.5674683865574914,0.012623479789629,-0.014142857142857148,-0.07321428571428572,0.3094026502795347,0.09572893839174382,18.11327096201462,NORMAL
Node04,63,1.095,1.808,24.91,0.25,19.2,NORMAL,-0.0014285714285714299,0.008607142857142853,0.05882176467941102,0.03395622261046178,0.0065357142857143035,0.020749999999999998,0.10051012742149777,0.0506988054993483,-0.04249999999999992,-0.18392857142857152,1.100521521392299,0.0753044030046655,-0.06853571428571428,-0.05439285714285713,0.3133621060750797,0.06023489368236313,19.631490464497027,NORMAL
Node04,64,1.241,1.652,22.9,0.65,20.2,NORMAL,0.024071428571428594,0.025500000000000023,0.0699142331717942,0.20799485252431796,0.00460714285714285,-0.001928571428571454,0.10197058399362047,0.004512489604641297,0.062499999999999875,0.10499999999999979,0.9843513697088153,0.027421152525632677,-0.08414285714285714,-0.015607142857142861,0.29968245098532453,0.023475761502656043,21.398314492031233,NORMAL
Node04,65,1.073,1.755,21.77,0.896,20.1,NORMAL,0.0023571428571428593,-0.021714285714285735,0.054029974044395954,0.05365892686024211,0.0026785714285714112,-0.0019285714285714383,0.10077839904605412,0.007917900514321565,-0.06321428571428582,-0.1257142857142857,1.1167789566853592,0.010693555244552351,0.02207142857142857,0.10621428571428572,0.26984307609106023,0.15755768579385823,18.818104173473284,NORMAL
Node04,66,1.218,1.658,25.24,0.459,20.2,NORMAL,0.010607142857142855,0.008249999999999995,0.06296219576252166,0.11362724765213131,0.00028571428571426215,-0.0023928571428571493,0.1022867118865957,0.003942808146335146,0.09499999999999963,0.15821428571428545,1.3587862230682208,0.056358430955708194,0.033607142857142856,0.011535714285714285,0.2643144771993068,0.012327770071942752,19.5755985460268,NORMAL
Node04,67,1.162,1.427,23.44,0.317,18.2,NORMAL,0.00974999999999999,-0.0008571428571428653,0.06262549305955512,0.09421364032630798,-0.047285714285714306,-0.04757142857142857,0.14356581367840626,0.37972546025451315,0.11750000000000009,0.022500000000000464,1.3580132547217647,0.01669218699827031,0.02178571428571429,-0.011821428571428566,0.27105648682077144,0.01004313157236535,26.02531455473281,WATCH
Node04,68,1.04,1.479,24.09,0.406,18.3,NORMAL,-0.007500000000000007,-0.017249999999999995,0.07453155292191611,0.010920093652949712,-0.043714285714285706,0.0035714285714286004,0.13699739309302825,0.08771869912113811,0.22071428571428595,0.10321428571428586,1.3841105103140807,0.03957717698736038,0.03182142857142857,0.01003571428571428,0.2668524650349666,0.0115106615396147,18.29846369228218,NORMAL
Node04,69,1.143,1.801,25.52,0.328,19.9,NORMAL,-0.0060357142857142875,0.0014642857142857192,0.07447914377289028,0.05098295349233231,-0.024821428571428567,0.01889285714285714,0.1514922597425517,0.15847256471581114,0.2100000000000001,-0.010714285714285843,1.3649350237456794,0.06369077279172614,-0.02975,-0.06157142857142857,0.22731381706480455,0.022497726847199438,21.57856803775627,NORMAL
Node04,70,1.098,1.556,24.03,0.389,18.7,NORMAL,-0.016678571428571425,-0.010642857142857138,0.07419279903448465,0.028841982913439916,-0.01339285714285712,0.011428571428571448,0.13823857913731877,0.025826670135000555,0.3478571428571432,0.1378571428571431,1.3043370876024487,0.06134629078134775,-0.07042857142857142,-0.040678571428571425,0.21007731003246444,0.022575094662539777,18.13645017653323,NORMAL
Node04,71,1.187,1.635,20.36,0.488,18.5,NORMAL,0.0029642857142857366,0.01964285714285716,0.06395534156179382,0.1114040243759877,-0.006785714285714268,0.006607142857142851,0.13769583456714599,0.009654753663055259,-0.1632142857142856,-0.5110714285714288,1.8525992036929653,0.0955526236445753,-0.04832142857142858,0.022107142857142846,0.19838682751970538,0.019365355221308774,20.72946631893597,NORMAL
Node04,72,1.208,1.817,21.83,0.872,20.9,NORMAL,0.0027857142857142963,-0.00017857142857144025,0.06370355450948442,0.07571406717756297,0.03464285714285714,0.04142857142857141,0.14961585732102312,0.3146145453596416,-0.5875000000000001,-0.42428571428571454,1.8434155669248735,0.11959888540797056,0.05585714285714286,0.10417857142857144,0.18979889106003503,0.2483130985923433,29.83203138687586,WATCH
Node04,73,1.218,1.675,25.28,0.475,20.3,NORMAL,0.019571428571428573,0.016785714285714275,0.06370355450948442,0.18847937942196116,0.044785714285714276,0.010142857142857134,0.15038221146069608,0.05796309203841827,-0.14857142857142872,0.43892857142857145,1.8497541664206296,0.19026580136899457,0.05592857142857142,7.142857142855563e-05,0.18980290529162838,0.022075891330149304,26.171185430445163,WATCH
Node04,74,1.176,1.648,20.95,0.507,18.8,NORMAL,0.023857142857142837,0.004285714285714264,0.06432839852773309,0.1505873441081316,0.018428571428571412,-0.026357142857142864,0.12185334667229326,0.05478173390092231,-0.4321428571428572,-0.2835714285714285,2.0887909467075976,0.04015797664734204,0.03857142857142857,-0.01735714285714285,0.17784262706111828,0.014149777615473879,21.20852718925647,NORMAL
Node04,75,1.033,1.83,25.52,0.232,19.1,NORMAL,-0.005107142857142881,-0.02896428571428572,0.06639635675604642,0.02060805773597034,0.011107142857142862,-0.00732142857142855,0.10687286617195929,0.024413979679998688,-0.04428571428571436,0.38785714285714284,2.258885102160335,0.16904597728261916,-0.0023214285714285693,-0.04089285714285714,0.20276869299066574,0.021957727460266196,20.634935986292398,NORMAL
Node04,76,1.113,1.706,23.98,0.073,18.1,NORMAL,-0.010535714285714306,-0.005428571428571425,0.06801190372000367,0.02661899746743965,0.02396428571428571,0.012857142857142847,0.09896079069630605,0.025389659117386245,0.33178571428571424,0.3760714285714286,2.0809521630162258,0.13915394683015253,-0.06517857142857143,-0.06285714285714286,0.2499731414143756,0.09234846532397396,20.944183268713726,NORMAL
Node04,77,1.122,1.502,22.74,0.25,17.8,NORMAL,-0.02035714285714285,-0.009821428571428545,0.0656607442337759,0.05627592227863215,-0.016642857142857143,-0.040607142857142856,0.11276946564098093,0.1470144935819114,0.41714285714285715,0.08535714285714291,2.0453722446165203,0.04065766951439685,-0.09124999999999998,-0.02607142857142855,0.259458043217928,0.056784115148523155,21.31986204748153,NORMAL
Node04,78,1.016,1.505,23.73,0.337,17.9,NORMAL,-0.029678571428571412,-0.00932142857142856,0.08022854259937075,0.015228412748763723,-0.04371428571428572,-0.027071428571428576,0.1319444327485375,0.166966720535072,0.13035714285714292,-0.2867857142857142,1.701447562966256,0.06786423458660693,-0.08889285714285713,0.0023571428571428493,0.25854188202669365,0.03695608404212246,21.138095389959293,NORMAL
Node04,79,1.222,1.605,26.75,0.451,20.5,NORMAL,-0.007821428571428559,0.021857142857142853,0.0827322128775669,0.11977889923281596,-0.02942857142857144,0.01428571428571428,0.11563406978584687,0.06542568266506517,0.25678571428571423,0.1264285714285713,1.9298433195716278,0.12626698612571702,-0.014071428571428565,0.07482142857142857,0.15762024888047493,0.04371228534616792,23.221797471438865,NORMAL
Node04,80,1.059,1.735,23.96,0.602,19.7,NORMAL,-0.0024999999999999944,0.005321428571428565,0.07560738185174905,0.0066410496774643,-0.013928571428571417,0.015500000000000022,0.12087695435953914,0.04544992886988105,0.40142857142857163,0.1446428571428574,1.86271946613649,0.09260266642212008,0.03525,0.04932142857142856,0.18219743346684322,0.027320219350171426,18.844858545739058,NORMAL
Node04,81,1.046,1.592,22.54,0.205,17.5,NORMAL,0.001107142857142862,0.0036071428571428565,0.07135291231083772,0.006774935376906154,-0.01974999999999999,-0.005821428571428573,0.12266174938384326,0.01618866995860936,-0.17749999999999996,-0.5789285714285716,1.4974629337967733,0.09085104666113211,0.04207142857142857,0.0068214285714285755,0.17449682764206018,0.04578883690972761,18.41727944918945,NORMAL
Node04,82,1.103,1.731,23.55,0.652,19.9,NORMAL,-0.004964285714285722,-0.006071428571428584,0.06726493461359662,0.021304351533323537,0.0173214285714286,0.03707142857142859,0.10075949677562011,0.04341138833828202,-0.052142857142857046,0.12535714285714292,1.383157189014976,0.021665543033052178,0.06828571428571428,0.02621428571428571,0.21243620891256476,0.03753528435766132,17.496799189191254,NORMAL
Node04,83,1.026,1.701,25.17,0.679,20.1,NORMAL,-0.010357142857142867,-0.0053928571428571445,0.07176449579801182,0.005637600039583495,0.037000000000000026,0.019678571428571427,0.10010637199642053,0.07749330311496339,0.09714285714285749,0.14928571428571452,1.4662845822658293,0.05919497290148882,0.059678571428571435,-0.008607142857142848,0.1953831400826884,0.02885515633589451,18.66786654447297,NORMAL
Node04,84,1.069,1.672,24.55,0.475,19.3,NORMAL,-0.006750000000000002,0.003607142857142865,0.06996597812678741,0.009515228686394692,0.024607142857142866,-0.01239285714285716,0.08492489679262558,0.0230547264075533,-0.039642857142856994,-0.13678571428571448,1.3490296336185326,0.0564622076409085,0.032857142857142856,-0.02682142857142858,0.17357460314557213,0.01398628461703113,17.350662691373884,NORMAL
Node04,85,0.991,1.758,25.09,0.544,19.6,NORMAL,-0.024749999999999998,-0.017999999999999995,0.0741298731635101,0.021366124449509565,0.015785714285714274,-0.008821428571428591,0.06508821852283402,0.02734151320872635,-0.04178571428571422,-0.002142857142857224,1.3475886754107274,0.05561384615950448,0.01782142857142858,-0.015035714285714277,0.16117780775989515,0.012843356916274928,17.707749206897798,NORMAL
Node04,86,1.028,1.449,22.8,0.458,17.9,NORMAL,-0.00846428571428571,0.016285714285714285,0.0358143360495021,0.04696250626244955,-0.020892857142857157,-0.036678571428571435,0.10892942232298419,0.1415756925771519,0.09357142857142861,0.13535714285714284,1.0502924762723411,0.020893358609964087,0.0024642857142857222,-0.015357142857142856,0.16073254922682084,0.01176801715224478,19.888850240202146,NORMAL
Node04,87,1.077,1.733,26.28,0.463,20.0,NORMAL,-0.0032857142857142924,0.005178571428571418,0.03750936391026086,0.059067528628950074,-0.0030000000000000027,0.017892857142857155,0.10871018701991439,0.018963342648201525,0.3442857142857144,0.2507142857142858,1.3706411429900769,0.10304303395946901,0.008964285714285715,0.006499999999999992,0.1569403890471975,0.014417113677004687,19.72060857666078,NORMAL
Node04,88,1.166,1.724,25.03,0.595,20.5,NORMAL,0.008928571428571421,0.012214285714285714,0.05797618558717098,0.13137419177905013,-0.0064285714285714345,-0.003428571428571432,0.10589842392819727,0.004913917498590777,0.17535714285714285,-0.16892857142857157,1.1479609251687473,0.07850211172888935,-0.022142857142857148,-0.03110714285714286,0.09194874348554977,0.026338475061897213,20.7920820433367,NORMAL
Node04,89,1.093,1.571,23.06,0.329,18.2,NORMAL,0.01717857142857142,0.00825,0.05701962903455345,0.05435821359359959,-0.011107142857142862,-0.004678571428571428,0.11051050370246,0.007099030371273162,-0.14928571428571452,-0.32464285714285734,1.2368970392535859,0.054809176393221005,-0.03182142857142857,-0.009678571428571422,0.11235127735726694,0.030294628626260887,18.320879355038308,NORMAL
Node04,90,1.152,1.847,24.56,0.254,19.5,NORMAL,0.02110714285714285,0.003928571428571427,0.06253989203091169,0.12217800939043522,0.015214285714285711,0.026321428571428572,0.1316680530367036,0.11373553058987285,-0.06428571428571457,0.08499999999999995,1.2086277145510744,0.061745275610683874,-0.03414285714285714,-0.0023214285714285715,0.11806051716931328,0.04368001169848265,22.663843941718987,NORMAL
Node04,91,1.127,1.968,23.27,0.502,20.1,NORMAL,0.023999999999999994,0.002892857142857145,0.06430359539677682,0.08442921111263364,0.04514285714285713,0.02992857142857142,0.17072869036657462,0.3827829970510404,-0.18428571428571455,-0.11999999999999998,1.290573884898092,0.03007364742248786,-0.02385714285714286,0.01028571428571428,0.1196184410054379,0.02010060284846103,26.310244266298085,WATCH
Node04,92,1.166,1.71,26.21,0.236,19.6,NORMAL,0.01785714285714285,-0.006142857142857144,0.05197710118522429,0.22327465787966894,0.04914285714285712,0.00399999999999999,0.16997730941006717,0.044895346792034836,0.1335714285714284,0.31785714285714295,1.46295851583277,0.08885113352418963,-0.03317857142857143,-0.00932142857142857,0.13467208852828944,0.03872477353181008,24.406974662659714,NORMAL
Node04,93,1.169,1.574,23.38,0.618,19.7,NORMAL,0.011071428571428581,-0.006785714285714268,0.037761154138939684,0.29066660507629893,-0.0038571428571428606,-0.05299999999999998,0.1416296310132607,0.07389340881627117,-0.21892857142857164,-0.35250000000000004,1.3666190467894195,0.06556184061818651,-0.0028571428571428597,0.030321428571428572,0.15686026538656261,0.019536595588951225,25.90315189631427,WATCH
Node04,94,0.985,1.913,23.89,0.607,19.8,NORMAL,-0.013464285714285703,-0.024535714285714286,0.06660044329896796,0.013409459262622284,0.015571428571428585,0.019428571428571444,0.15723170648380538,0.10030477392706665,-0.04035714285714282,0.17857142857142883,1.1395613191048568,0.0421746585811184,0.021285714285714286,0.024142857142857146,0.1709987468625762,0.020530700297790527,18.810637879762382,NORMAL
Node04,95,0.983,1.682,25.2,0.725,20.0,NORMAL,-0.022214285714285707,-0.008750000000000004,0.0810593550900761,0.012344282802525582,0.0025357142857142917,-0.013035714285714293,0.15953623263638114,0.012635365479724311,0.18535714285714303,0.22571428571428584,1.161792539467312,0.06785493402386959,0.07178571428571427,0.05049999999999999,0.19492025231336213,0.06359094485890825,18.1243660924683,NORMAL
Node04,96,1.121,1.672,24.39,0.603,20.0,NORMAL,-0.020071428571428563,0.0021428571428571443,0.08155132768765354,0.04925559749013861,-0.03192857142857143,-0.034464285714285725,0.144258861244705,0.11979007709350722,0.036785714285714456,-0.14857142857142858,1.0422548815406136,0.06568259305818687,0.06657142857142857,-0.005214285714285699,0.18997092509369,0.02324172067928041,20.772794935880153,NORMAL
Node04,97,1.27,1.65,22.02,0.771,20.5,NORMAL,0.005464285714285719,0.025535714285714283,0.10328716326455141,0.25020053539743464,-0.03292857142857144,-0.0010000000000000078,0.14516640697587618,0.037123183530080435,-0.19892857142857143,-0.23571428571428588,1.3728004051503457,0.01581674710405002,0.05885714285714285,-0.007714285714285722,0.17541732552754902,0.0656623266981504,23.409503019203484,NORMAL
Node04,98,1.089,1.866,24.3,0.452,19.8,NORMAL,0.003821428571428575,-0.0016428571428571443,0.10368932534487912,0.04321178136442166,0.013535714285714286,0.04646428571428572,0.12146663269039305,0.14007975439027773,-0.2839285714285714,-0.08499999999999999,1.3296043092016587,0.05463370161776174,0.033928571428571426,-0.024928571428571425,0.1800920399605237,0.013857395427383332,20.648436388538215,NORMAL
Node04,99,1.062,1.657,26.35,0.641,20.4,NORMAL,0.006214285714285716,0.0023928571428571406,0.10207676849639524,0.02669927208624405,0.004392857142857143,-0.009142857142857144,0.12409769576925313,0.011235212977866869,0.2339285714285717,0.5178571428571431,1.3654721841598556,0.15496082299635405,-0.0069642857142857085,-0.040892857142857134,0.10173986436004326,0.033825020176551944,20.30234970763696,NORMAL
Node04,100,1.034,1.7,26.52,0.691,20.6,NORMAL,0.009750000000000009,0.003535714285714293,0.09891025273063504,0.022156225210845516,-0.017678571428571425,-0.022071428571428568,0.10813065289379374,0.01988252547902836,0.36071428571428577,0.12678571428571406,1.5476833686267388,0.11621182056933507,-0.002392857142857143,0.004571428571428565,0.10390357251294288,0.032494247647247725,19.365190491326366,NORMAL
Node04,101,1.104,1.721,24.29,0.499,19.6,NORMAL,-0.0006785714285714133,-0.010428571428571422,0.09015859043136949,0.05056513819444093,0.00642857142857145,0.024107142857142876,0.07430215019640772,0.021900878324645875,0.20928571428571427,-0.1514285714285715,1.521368431630519,0.05310021004586444,-0.022571428571428572,-0.020178571428571428,0.11705411853782278,0.016551072705535304,18.319886221522086,NORMAL
Node04,102,0.997,1.495,26.93,0.313,18.7,NORMAL,-0.02710714285714285,-0.026428571428571437,0.08737984948051865,0.041976533855818184,-0.019821428571428545,-0.026249999999999996,0.10984447880439656,0.06249819003919724,0.5135714285714285,0.30428571428571416,1.736792336189799,0.17893520844212463,-0.04196428571428572,-0.019392857142857146,0.15606027529070146,0.02403851389145135,22.26782701904649,NORMAL
Node04,103,1.13,1.652,21.71,0.692,19.4,NORMAL,-0.02007142857142858,0.00703571428571427,0.08786163364442222,0.08624596100729512,-0.023999999999999997,-0.004178571428571452,0.11035052376512808,0.010480398816163026,0.08107142857142856,-0.4324999999999999,2.135863826584992,0.0502436341765873,-0.023464285714285722,0.018499999999999996,0.16294214573627921,0.023790004956758794,19.006515715231142,NORMAL
Node04,104,1.073,1.526,25.47,0.65,19.8,NORMAL,0.0018214285714285572,0.021892857142857138,0.044375025150898285,0.06662599840586651,-0.044107142857142866,-0.02010714285714287,0.12450549806180869,0.07738622476131911,-0.19142857142857167,-0.27250000000000024,1.8189046939612545,0.1766904335348817,0.011357142857142856,0.03482142857142858,0.14467994233578377,0.032135776155604506,23.258757436651067,NORMAL
Node04,105,1.008,1.737,22.24,0.549,18.7,NORMAL,-0.002071428571428589,-0.0038928571428571463,0.048883242819717135,0.01293185014467089,-0.0063214285714285655,0.0377857142857143,0.09488137957721836,0.03787280823093147,-0.6075000000000003,-0.4160714285714286,2.1097923617085663,0.1424654099798147,-0.005892857142857136,-0.01724999999999999,0.13675264426798378,0.014247403916374928,19.949081708015456,NORMAL
Node04,106,1.087,1.735,24.51,0.301,19.0,NORMAL,0.0015357142857142711,0.00360714285714286,0.05009799919966387,0.040957994291372216,0.006000000000000013,0.012321428571428579,0.10140958910233668,0.010375807795678186,-0.4139285714285713,0.19357142857142895,1.994073361596451,0.12532217474098936,-0.026178571428571416,-0.02028571428571428,0.1670253758878458,0.01705467178973846,19.678077291302547,NORMAL
Node04,107,1.119,1.861,23.28,0.53,19.9,NORMAL,0.00367857142857142,0.0021428571428571486,0.052465861916742254,0.071658205841769,0.03517857142857143,0.029178571428571415,0.12863736404548806,0.3330548079755554,-0.2621428571428569,0.1517857142857144,1.8222552745744174,0.04524516754863241,-0.0026428571428571373,0.023535714285714278,0.15114609772383428,0.017448888883169995,25.280924024196207,WATCH
Node04,108,1.121,1.935,23.41,0.558,20.2,NORMAL,0.013000000000000008,0.009321428571428588,0.05444219302115206,0.10413166709446228,0.06953571428571428,0.03435714285714286,0.16232932428803343,0.37275258892014357,-0.2992857142857141,-0.0371428571428572,1.8341742660105222,0.0483572770699143,0.0022142857142857264,0.004857142857142864,0.15240484931667397,0.012353079276891592,26.966962351525023,WATCH
Node04,109,1.206,1.885,24.16,0.54,20.7,NORMAL,0.015535714285714295,0.002535714285714287,0.06058524101273698,0.16794023227819352,0.058607142857142865,-0.01092857142857142,0.14376352938402834,0.1740004455053853,0.1525000000000001,0.45178571428571423,1.3021520648526421,0.09409071393916153,-0.023535714285714274,-0.025750000000000002,0.12423192596338281,0.016442383482489525,25.588938984933733,WATCH
Node04,110,1.134,1.865,21.74,0.318,18.8,NORMAL,0.021892857142857134,0.006357142857142839,0.060864408240581695,0.11290172892286371,0.05403571428571428,-0.004571428571428587,0.13917494985329315,0.14104421237087,-0.30178571428571427,-0.4542857142857144,1.2951558097111608,0.06506747583431802,-0.02703571428571428,-0.0035000000000000066,0.13106832097003748,0.02636941739947904,22.871614306032477,NORMAL
Node04,111,1.14,1.682,25.33,0.371,19.6,NORMAL,0.02060714285714284,-0.0012857142857142928,0.05991342960988834,0.14026970726858012,0.004249999999999976,-0.0497857142857143,0.09494334150027633,0.055914904628120814,0.16464285714285687,0.46642857142857114,1.261095517699554,0.13698280790850942,-0.017500000000000005,0.009535714285714276,0.11675452474152363,0.02067900212424381,23.52178813744746,NORMAL
Node04,112,1.226,1.741,24.25,0.376,19.9,NORMAL,0.01685714285714285,-0.003749999999999993,0.0499961903310547,0.24716708439583646,-0.014642857142857148,-0.018892857142857124,0.09441120797064398,0.021784698744860918,0.058928571428571,-0.10571428571428587,1.1432618331106918,0.043099480057573324,-0.011892857142857146,0.005607142857142859,0.11107762193726557,0.022444396873787652,23.150888302031035,NORMAL
Node04,113,1.095,1.743,23.26,0.607,19.7,NORMAL,0.0025714285714285657,-0.014285714285714284,0.04844830332672234,0.08089792951926805,-0.03374999999999999,-0.01910714285714284,0.093325594917293,0.05530149512932529,0.09964285714285712,0.04071428571428612,1.1131893263010009,0.018085951642286328,-0.010785714285714296,0.00110714285714285,0.11309267165007812,0.021131418887685393,18.968671331935788,NORMAL
Node04,114,0.988,1.716,25.13,0.656,19.8,NORMAL,-0.01889285714285714,-0.021464285714285703,0.07807901980259058,0.015216079138491405,-0.038035714285714284,-0.0042857142857142955,0.09766390374769021,0.0228353862793032,0.2096428571428572,0.11000000000000007,1.2290336893363862,0.06940522502068565,0.017357142857142852,0.02814285714285715,0.13235540178229366,0.03422857250645694,18.079509513951535,NORMAL
Node04,115,1.189,1.811,24.91,0.389,20.1,NORMAL,-0.013857142857142837,0.005035714285714301,0.08095001397099795,0.08237042497671068,-0.016392857142857147,0.021642857142857137,0.07720072785247804,0.07414676816404227,0.24857142857142872,0.038928571428571535,1.2603098636370949,0.07158798173920396,0.016392857142857143,-0.0009642857142857092,0.13317371398004224,0.020793748210773243,20.76667848442908,NORMAL
Node04,116,1.194,1.717,23.67,0.605,20.2,NORMAL,0.0014285714285714457,0.015285714285714283,0.0794250170496257,0.10210689539496778,-0.00753571428571428,0.008857142857142866,0.06305515348448831,0.0062022162375958145,0.20821428571428616,-0.040357142857142564,1.2707272008765762,0.029348246966774915,0.04203571428571429,0.025642857142857144,0.14127143747983542,0.040565737048454883,19.00111637264115,NORMAL
Node04,117,1.053,1.788,24.24,0.373,19.1,NORMAL,-0.008249999999999995,-0.009678571428571441,0.08575324511421739,0.013533166186957463,0.012071428571428575,0.019607142857142854,0.04430521843928072,0.07845118254259191,-0.0992857142857142,-0.30750000000000033,0.767950271207464,0.12700014682134322,0.008785714285714287,-0.03325,0.13236043862984784,0.020770378602274063,20.51550943792074,NORMAL
Node04,118,1.059,1.693,24.36,0.592,19.7,NORMAL,-0.013535714285714293,-0.005285714285714298,0.08901952701781891,0.02186311289277978,-0.0018928571428571486,-0.013964285714285724,0.04193021413185073,0.020511736315719568,0.029642857142856954,0.12892857142857114,0.6503845016603631,0.13572084035819404,0.004607142857142853,-0.004178571428571434,0.12762444906835055,0.01934379111019385,19.700898541263847,NORMAL
Node04,119,1.14,1.599,22.74,0.51,19.0,NORMAL,0.00503571428571427,0.018571428571428565,0.07612458460282318,0.08972136712069782,-0.017892857142857148,-0.016,0.06919159046066357,0.011540178043122571,-0.1346428571428575,-0.16428571428571445,0.8681946237808112,0.03796729329795401,-0.015535714285714288,-0.020142857142857143,0.11264609561428597,0.017489985649999665,18.72428694112947,NORMAL
Node04,120,0.894,1.713,26.14,0.383,18.8,NORMAL,-0.018392857142857152,-0.023428571428571424,0.10988088789143234,0.12059068318958653,-0.01632142857142856,0.0015714285714285882,0.06873586434765368,0.0066075564665253736,-0.02214285714285718,0.11250000000000032,1.0889269510678417,0.08539755201419057,-0.021071428571428574,-0.005535714285714286,0.1197600776155234,0.018904596897624207,20.634144183054687,NORMAL
Node04,121,1.132,1.435,24.17,0.143,17.8,NORMAL,-0.024428571428571442,-0.00603571428571429,0.10447464946556355,0.17151392801973978,-0.04732142857142856,-0.031000000000000003,0.127825215486952,0.27506459152647256,0.04357142857142866,0.06571428571428584,1.0495940258250425,0.05076242126480562,-0.037321428571428575,-0.01625,0.15955399145892965,0.03708911272049264,26.986055663879732,WATCH
Node04,122,1.069,1.805,24.72,0.104,18.5,NORMAL,-0.013642857142857142,0.0107857142857143,0.09586051374386687,0.04464355571049661,-0.015071428571428585,0.03224999999999998,0.1268120093456677,0.21121702924997132,0.17107142857142854,0.1274999999999999,1.03409265496261,0.08527689641073223,-0.07757142857142856,-0.04024999999999998,0.20187242553275123,0.07168113120486927,23.71526782351531,NORMAL
Node04,123,1.071,1.68,25.1,0.561,19.8,NORMAL,0.0023571428571428593,0.016,0.08102615685837561,0.020967868394401293,-0.009428571428571444,0.0056428571428571404,0.1257096048912125,0.009290988948027563,0.16892857142857182,-0.0021428571428567245,1.0321152574988446,0.08543303684479096,-0.02782142857142856,0.049749999999999996,0.19450915023157528,0.01961298934831967,18.160722212936065,NORMAL
Node04,124,1.26,1.78,26.97,0.646,21.9,NORMAL,0.022857142857142864,0.020500000000000004,0.11055875404163205,0.2715926589849717,0.01839285714285713,0.027821428571428573,0.1245236638440375,0.10385278461429107,0.3975000000000001,0.22857142857142826,1.3774113055880968,0.0993336669678992,-0.0005357142857142783,0.02728571428571428,0.21855390530441116,0.018798490007592577,26.9051737324487,WATCH
Node04,125,1.337,1.747,27.36,0.842,23.0,NORMAL,0.04507142857142858,0.022214285714285718,0.14302913456122612,0.4481114712305375,0.029392857142857148,0.011000000000000017,0.127664180008109,0.04121011844102377,0.5875,0.18999999999999995,1.6301110099505203,0.12738354487266998,0.06928571428571428,0.06982142857142856,0.2665325853392396,0.14430455764779127,32.39072103751288,WATCH
Node04,126,1.47,1.839,28.11,0.974,24.6,NORMAL,0.08317857142857144,0.03810714285714285,0.1929364563540965,0.5685983579616322,0.034892857142857135,0.0054999999999999875,0.13438058958474192,0.11200273127381305,0.519285714285714,-0.068214285714286,1.4727007907404737,0.10647307576999794,0.13260714285714287,0.06332142857142858,0.33198565660352886,0.3421470375547512,38.95675432854817,WATCH
Node04,127,1.561,2.224,25.55,0.632,24.2,NORMAL,0.08410714285714287,0.0009285714285714314,0.19506482438995945,0.4188952391057706,0.08935714285714288,0.05446428571428575,0.23487544824965467,0.4406609350145309,0.4707142857142856,-0.04857142857142843,1.4856167550405257,0.09063004765875599,0.12457142857142856,-0.008035714285714313,0.32794301189020486,0.04059961229501953,37.874584738315704,WATCH
Node04,128,1.93,2.435,31.64,0.945,29.6,WATCH,0.13474999999999998,0.050642857142857114,0.3032066716190224,0.7088907860289685,0.10846428571428575,0.019107142857142864,0.2839765248513804,0.3424098208388902,0.8142857142857144,0.3435714285714288,2.3725573905447623,0.25274968193196423,0.10689285714285712,-0.017678571428571432,0.29772862363792524,0.1370377950334259,48.545272512506386,WATCH
Node04,129,1.828,2.538,33.22,0.932,29.8,WATCH,0.1369642857142857,0.002214285714285724,0.3068796879188045,0.49609932262957784,0.15575,0.04728571428571425,0.35616930163697635,0.5247984029492059,1.1389285714285713,0.3246428571428569,3.0509530127018154,0.24123100638787343,0.05360714285714285,-0.05328571428571427,0.172669930103376,0.1891008113384968,47.36492479718147,WATCH
Node04,130,2.042,3.14,32.22,0.835,31.9,WATCH,0.13528571428571426,-0.001678571428571446,0.3033182361496789,0.5062015249624806,0.22349999999999998,0.06774999999999998,0.5086681021012013,0.6061932506027096,1.1071428571428572,-0.031785714285714084,3.0010934515209455,0.18975661121377657,0.02564285714285714,-0.027964285714285712,0.13999506794033512,0.08839862917827503,46.755621569825145,WATCH
Node04,131,2.383,3.179,33.02,0.567,33.1,WATCH,0.1624642857142857,0.02717857142857144,0.3642764517963429,0.6820256255708372,0.25757142857142856,0.034071428571428586,0.5677127878811692,0.6189707613229865,1.1739285714285717,0.06678571428571445,3.089546892345219,0.18983862694756257,-0.028678571428571432,-0.054321428571428576,0.15912409054092402,0.02610297460751169,50.71848004357843,WARNING
Node04,132,2.326,3.439,37.69,0.756,35.6,WATCH,0.15442857142857142,-0.008035714285714285,0.34942939882314533,0.5836923188141707,0.26482142857142854,0.007249999999999979,0.5819396957793905,0.3293690561368717,1.5807142857142857,0.4067857142857141,3.892055400183203,0.3391054314028138,-0.03192857142857143,-0.0032499999999999994,0.16029080715107422,0.0378944980666111,46.01358992379092,WATCH
Node04,133,2.355,3.993,37.54,1.03,38.2,WATCH,0.13317857142857145,-0.021249999999999963,0.3114898148606223,0.6135495384999086,0.2841428571428571,0.019321428571428545,0.6278096466134877,0.5375006865183856,1.709642857142857,0.12892857142857128,4.095016134627205,0.235466092833517,0.016107142857142858,0.04803571428571429,0.17111344051187075,0.17906805543461257,50.35490589430935,WARNING
Node04,134,2.302,4.271,35.26,0.884,37.5,WATCH,0.08764285714285716,-0.04553571428571429,0.22811536346247935,0.7079162653050284,0.3113214285714285,0.02717857142857144,0.6843422632961765,0.6498482674863016,0.891785714285714,-0.8178571428571431,2.486087957682376,0.5453883674665669,-0.0023571428571428515,-0.01846428571428571,0.15190723986633925,0.06728601507252839,61.62644051193433,WARNING
Node04,135,2.62,4.201,35.62,0.943,39.2,WATCH,0.10242857142857144,0.014785714285714277,0.2562020222216761,0.6306854764600168,0.2880357142857143,-0.023285714285714243,0.6430351764057998,0.6088767739959451,0.6357142857142853,-0.2560714285714286,2.1958478132711323,0.30083072182049625,0.02121428571428571,0.023571428571428563,0.15170020560616385,0.10755093356792587,53.06356890655797,WARNING
Node04,136,2.905,3.956,48.0,1.486,45.6,WATCH,0.10853571428571429,0.006107142857142853,0.2727807422332693,0.559947484731708,0.19014285714285709,-0.0978928571428572,0.4779241322537251,0.750161784799108,1.7896428571428569,1.1539285714285716,5.249936507552575,0.42789173985667317,0.10117857142857144,0.07996428571428572,0.28649590705960315,0.5127835845066466,62.668828856444506,WARNING
Node04,137,2.942,4.786,46.64,1.075,46.3,WATCH,0.11071428571428572,0.0021785714285714325,0.2775312938167857,0.5725146429616929,0.21653571428571425,0.026392857142857162,0.535102793863011,0.6044186065025358,2.127142857142857,0.3374999999999999,5.8353091891804105,0.3633389219074177,0.1034642857142857,0.002285714285714266,0.2877695837529278,0.20981025148751622,54.38324199880704,WARNING
Node04,138,3.407,5.227,49.72,0.894,50.2,WARNING,0.17928571428571427,0.06857142857142855,0.41309378619204157,0.8610544599681951,0.2369642857142857,0.020428571428571463,0.5849090690420342,0.5607367631725706,2.3939285714285714,0.2667857142857146,6.323864475521429,0.3420202776542273,0.03949999999999999,-0.06396428571428571,0.23435636275105645,0.09891231383594407,58.855194028197175,WARNING
Node04,139,2.628,4.975,42.41,1.506,45.4,WATCH,0.11967857142857144,-0.05960714285714283,0.3829421192121163,0.7567219970061919,0.19439285714285712,-0.04257142857142859,0.5049082424890026,0.7804067247157797,1.9482142857142857,-0.44571428571428573,6.098051601399692,0.4980149449912368,0.05642857142857143,0.01692857142857144,0.26805125664782137,0.22541279166143763,66.45344801482807,WARNING
Node04,140,3.173,4.557,49.9,0.997,47.6,WATCH,0.11182142857142859,-0.007857142857142854,0.3715846375418968,0.6125891880261302,0.13132142857142864,-0.06307142857142847,0.4555245537263816,0.748533810631351,2.1149999999999998,0.1667857142857141,6.319403603565918,0.2998242444720964,0.031178571428571434,-0.025249999999999998,0.27011567187128593,0.07716675272458948,55.1567621018595,WARNING
Node04,141,3.508,4.939,53.86,1.036,51.7,WARNING,0.10307142857142858,-0.008750000000000008,0.3521436395239063,0.6218002595651269,0.1287500000000001,-0.002571428571428558,0.453003679160924,0.353776786793945,1.9389285714285713,-0.17607142857142843,5.96391569995674,0.37280571487437736,-0.00957142857142856,-0.040749999999999995,0.25436943512106464,0.07941745332608222,48.89278159748624,WATCH
Node04,142,3.456,5.592,47.85,1.289,52.2,WARNING,0.09110714285714286,-0.011964285714285719,0.3326694340947968,0.6108536615034246,0.1622857142857143,0.033535714285714224,0.5171169159502566,0.6823377984746589,0.5060714285714286,-1.4328571428571428,3.4933031169176645,0.6528849603863506,-0.020214285714285716,-0.010642857142857155,0.24452792225409506,0.12171878169610988,63.27692754240117,WARNING
Node04,143,4.514,6.422,53.7,1.553,62.5,WARNING,0.20335714285714285,0.11224999999999999,0.5928596959210662,0.9028999879665804,0.20007142857142854,0.03778571428571423,0.6258189301493948,0.7134905306240974,1.0317857142857148,0.5257142857142861,4.024747847765776,0.4289963806450262,0.06264285714285714,0.08285714285714285,0.2592215452538803,0.4261644428676888,69.55862782192108,WARNING
Node04,144,4.565,5.101,51.13,1.702,58.8,WARNING,0.2688928571428572,0.06553571428571436,0.7023545434906112,0.8928349845755887,0.1268214285714285,-0.07325000000000004,0.6007364924268652,0.7606811292586088,0.8842857142857152,-0.14749999999999952,3.913510176907927,0.3118986776350687,0.10035714285714284,0.0377142857142857,0.31420527109033736,0.48054032917198514,68.01207158006001,WARNING
Node04,145,5.116,6.831,63.08,1.697,70.1,WARNING,0.4019285714285714,0.1330357142857142,0.8924382064775982,0.9244691980521771,0.29067857142857145,0.16385714285714295,0.8433979741836845,0.7429046273051766,2.296785714285715,1.4124999999999996,6.3621454901703745,0.4956805931364458,0.08928571428571429,-0.011071428571428552,0.29473910981941787,0.2530675064385853,70.22715371263685,WARNING
Node04,146,3.908,5.946,61.59,1.784,61.5,WARNING,0.23321428571428568,-0.16871428571428573,0.7130967008491238,0.906602807179095,0.2664285714285714,-0.02425000000000005,0.8245753308160972,0.6747817412810726,2.028214285714286,-0.2685714285714287,5.797294935694454,0.43992128730081775,0.1462857142857143,0.05700000000000001,0.32863223039918477,0.5529192597647917,70.72519697346166,WARNING
Node04,147,5.674,5.983,55.0,1.949,68.9,WARNING,0.2858571428571429,0.05264285714285724,0.8270751390981873,0.8726157862633613,0.15175,-0.11467857142857141,0.6796192211189187,0.7877550250931351,1.4385714285714286,-0.5896428571428576,5.440501552509395,0.56310369036489,0.1383214285714286,-0.007964285714285702,0.31287347206787847,0.3516941484457087,72.83474132993231,WARNING
Node04,148,5.608,7.217,70.21,1.038,73.7,WARNING,0.28996428571428573,0.004107142857142809,0.8339983727287996,0.7121092929840027,0.1729285714285714,0.021178571428571408,0.7254024170532289,0.6024366995273763,2.862142857142856,1.4235714285714276,7.786713959412805,0.5296713773115849,0.004321428571428595,-0.134,0.3123018991144245,0.19011258833801847,61.89112245880397,WARNING
Node04,149,5.656,8.254,61.28,2.599,79.2,CRITICAL,0.2167857142857142,-0.07317857142857154,0.6934667568507829,0.8602914430194816,0.3171428571428571,0.1442142857142857,1.0188587920292183,0.7677407174770188,1.8864285714285707,-0.9757142857142855,6.569712612399706,0.7094903599129349,0.07364285714285719,0.06932142857142859,0.46756165878085515,0.5317790578853187,78.12410920920107,CRITICAL
Node04,150,4.529,7.955,62.96,1.168,68.5,WARNING,0.09542857142857135,-0.12135714285714284,0.6917145364960895,0.8797402950585419,0.45282142857142854,0.13567857142857143,1.1469089929437462,0.7827461085194529,1.446785714285714,-0.4396428571428568,6.1427192675556945,0.5386278239610987,-0.019428571428571424,-0.09307142857142861,0.5161303821986954,0.24475284600768596,70.92234062763721,WARNING
Node04,151,5.183,9.721,78.8,2.514,84.2,CRITICAL,0.050892857142857136,-0.04453571428571421,0.6646589888270311,0.7945728229814337,0.53425,0.08142857142857146,1.347961512097151,0.8087249954448634,2.0064285714285712,0.5596428571428573,7.640686518644149,0.5210760901018578,0.06674999999999996,0.08617857142857138,0.5997443105984733,0.5473755751962509,72.71349202057948,WARNING
Node04,152,6.995,8.115,78.96,1.969,84.0,CRITICAL,0.2571428571428571,0.20625,0.9790283813192403,0.9268002909379793,0.5257500000000002,-0.008499999999999841,1.3425528809306688,0.5832401559848498,3.3021428571428566,1.2957142857142854,9.263621373543982,0.5584954182506044,0.06482142857142856,-0.0019285714285714045,0.5991609212255166,0.2988138441803667,69.07877041228662,WARNING
Node04,153,5.557,7.498,80.68,2.152,81.3,CRITICAL,0.06964285714285719,-0.18749999999999994,0.7390849554879138,0.8938529713651506,0.27885714285714297,-0.2468928571428572,1.1364614463533813,0.8358498291669612,4.002142857142858,0.7000000000000015,10.179981055272858,0.5758706358522238,0.08521428571428571,0.020392857142857157,0.6074536235482547,0.39816901285003053,75.31641576767885,CRITICAL
Node04,154,7.443,10.662,90.79,1.533,88.8,CRITICAL,0.2776071428571429,0.2079642857142857,1.0182165781404269,0.9304577759966491,0.3208214285714287,0.04196428571428573,1.2463329448922589,0.7921786482623576,4.162142857142858,0.16000000000000014,10.548327558704,0.437733846717034,0.049714285714285704,-0.03550000000000001,0.6234505364730802,0.260544789386871,70.04462871945663,WARNING
Node04,155,5.139,10.67,82.71,2.996,86.8,CRITICAL,0.16610714285714293,-0.11149999999999996,1.0518981256122983,0.8918719579505017,0.3728214285714287,0.05199999999999999,1.3389375674480906,0.7995637147009462,4.351071428571428,0.18892857142857,10.69654261009247,0.4193807135251747,0.05567857142857142,0.005964285714285714,0.6358154868618201,0.35111176071956074,69.90434700919926,WARNING
Node04,156,7.553,9.805,79.38,2.127,87.2,CRITICAL,0.33685714285714285,0.17074999999999993,1.2403117887585093,0.9345849078208485,0.3569642857142857,-0.015857142857143014,1.3266353071191939,0.6796185031481004,2.461071428571428,-1.8900000000000001,8.294819094442255,0.7605716395908909,0.12160714285714287,0.06592857142857145,0.6023041471833693,0.6256516650085627,80.64544387975566,CRITICAL
Node04,157,5.589,10.311,86.64,2.565,88.9,CRITICAL,0.06842857142857148,-0.26842857142857135,1.0765659690489409,0.8941487867356872,0.2972142857142857,-0.05974999999999997,1.2539005428775327,0.8608492470809629,0.9425,-1.5185714285714282,4.567018929757346,0.73725863256255,0.04689285714285713,-0.07471428571428573,0.472866234986678,0.4721450031790188,80.91378448310799,CRITICAL
Node04,158,5.761,8.679,103.98,2.11,89.9,CRITICAL,-0.12599999999999997,-0.19442857142857145,1.0045669050225905,0.9662681540979394,0.23074999999999996,-0.06646428571428575,1.2901967365667992,0.8393005414866004,2.6989285714285716,1.7564285714285717,8.934585821935109,0.5830953330078964,0.06582142857142852,0.018928571428571385,0.4619591818703095,0.33289619492679595,76.58833191310572,CRITICAL
Node04,159,6.289,10.83,76.24,3.602,91.1,CRITICAL,-0.025642857142857172,0.1003571428571428,0.9563917308598722,0.8443120185371976,0.20253571428571424,-0.02821428571428572,1.2499887618542436,0.7509451975228708,0.606785714285713,-2.0921428571428584,9.349563014998543,0.7220066293749015,0.18117857142857138,0.11535714285714287,0.6815990302921786,0.7655317705778709,80.65924104398738,CRITICAL
Node04,160,8.779,13.69,80.7,3.803,93.2,CRITICAL,0.16128571428571428,0.18692857142857144,1.310622098743297,0.9251972087325363,0.29564285714285704,0.0931071428571428,1.526815141459658,0.8089742353082531,-0.6646428571428571,-1.27142857142857,9.347749665535757,0.7902627277578904,0.28589285714285717,0.10471428571428579,0.8337195485978997,0.7773446079051447,85.84607463159685,CRITICAL
Node04,161,7.507,13.133,90.15,2.668,92.4,CRITICAL,0.36628571428571416,0.20499999999999988,1.3172788691266624,0.9359156521286044,0.5599285714285713,0.2642857142857143,1.789384757262621,0.8339279466433724,0.5200000000000016,1.1846428571428587,9.293520784472836,0.5123518435573544,0.12160714285714289,-0.16428571428571428,0.6681835362347969,0.6851481555183488,78.38742898902257,CRITICAL
Node04,162,7.315,10.068,96.08,2.459,93.2,CRITICAL,0.21928571428571428,-0.14699999999999988,1.1439963369904727,0.9308628799309678,0.40871428571428564,-0.1512142857142857,1.8229844969693172,0.8704782622055038,1.2085714285714293,0.6885714285714277,9.931991839745034,0.5215678915390832,0.10339285714285719,-0.018214285714285697,0.6778721610057952,0.4284132566940815,75.9969167672028,CRITICAL
Node04,163,8.066,9.967,100.39,3.749,97.5,CRITICAL,0.4198928571428572,0.2006071428571429,1.2024736607351967,0.9404291881422328,0.14460714285714285,-0.26410714285714276,1.8072701329168621,0.830347738499619,1.4057142857142857,0.1971428571428564,10.206228023917088,0.3655673841172568,0.11842857142857147,0.015035714285714277,0.7014470078073645,0.5631364639491531,73.12779195108558,WARNING
Node04,164,9.689,15.009,95.44,3.986,98.3,CRITICAL,0.4955000000000001,0.07560714285714293,1.3635475614663952,0.9448594065154529,0.48721428571428577,0.3426071428571429,2.326438582080016,0.837512154961306,1.3592857142857138,-0.04642857142857193,10.179505320565857,0.3653571657526878,0.16350000000000003,0.04507142857142857,0.75988370037476,0.6679734891406376,74.72431787230848,WARNING
Node04,165,8.144,15.373,110.92,1.694,90.6,CRITICAL,0.2837142857142858,-0.2117857142857143,1.0891960993582117,0.9389159024338992,0.46789285714285717,-0.0193214285714286,2.2890754215871274,0.7856790073257074,5.134285714285714,3.7750000000000004,11.770881951016326,0.637485776005101,-0.15274999999999997,-0.31625000000000003,0.8676615535037676,0.7928839249503071,82.0031917489822,CRITICAL
Node04,166,11.545,16.928,122.49,5.226,100.0,CRITICAL,0.4266428571428572,0.1429285714285714,1.4791861179136894,0.9499448828270181,0.6833928571428574,0.2155000000000002,2.6442437392156104,0.8583369983041171,5.9382142857142854,0.8039285714285711,13.716021913909916,0.6598098669662046,0.13742857142857143,0.2901785714285714,1.175231851492251,0.8777484631868145,85.47970023932155,CRITICAL
Node04,167,10.498,16.985,109.81,3.412,96.4,CRITICAL,0.625392857142857,0.19874999999999976,1.625892546089246,0.9530748522439871,1.0957857142857144,0.412392857142857,2.9671205297552774,0.8748854839596416,4.368928571428571,-1.5692857142857148,11.279186478600643,0.8199752903124556,0.20396428571428565,0.06653571428571423,1.1603803768797623,0.6814111024551374,87.49208672563469,CRITICAL
Node04,168,7.989,17.625,111.99,1.958,91.5,CRITICAL,0.3122142857142856,-0.31317857142857136,1.5627722619937756,0.939990992946728,1.3795,0.2837142857142856,3.240843048755473,0.8841451200461741,3.3435714285714284,-1.0253571428571422,9.867200596878913,0.8095088111304021,-0.03346428571428576,-0.2374285714285714,1.2534944488641875,0.4837688076069476,84.5683811019366,CRITICAL
Node04,169,8.216,12.131,98.04,3.227,95.8,CRITICAL,-0.02128571428571448,-0.3335000000000001,1.4288500537811781,0.8610822366467662,0.47628571428571426,-0.9032142857142857,2.831717188932404,0.8858709437368678,0.8907142857142861,-2.4528571428571424,9.536850333611943,0.7509342776010152,-0.13942857142857149,-0.10596428571428573,1.2094382600041662,0.6981101997307787,83.83208371429428,CRITICAL
Node04,170,8.687,16.466,105.74,3.556,96.9,CRITICAL,-0.22921428571428584,-0.20792857142857135,1.3672774477214267,0.980234429609327,-0.050571428571428455,-0.5268571428571427,1.8582867045185671,0.8493739249636336,-0.19142857142857142,-1.0821428571428575,9.12316987518201,0.7294516196084331,-0.053285714285714304,0.08614285714285719,1.200238924627291,0.5293120048460148,83.39491822231679,CRITICAL
Node04,171,12.377,13.865,152.25,5.957,100.0,CRITICAL,0.16789285714285715,0.397107142857143,1.814574225279203,0.9368814681415115,-0.36792857142857127,-0.31735714285714284,1.9842643233102553,0.8864085188326126,2.8114285714285714,3.0028571428571427,17.626362291154905,0.6349747460615389,0.33085714285714285,0.3841428571428572,1.565279816761816,0.8943481594318109,85.32145352012638,CRITICAL
Node04,172,10.481,18.991,143.56,4.694,100.0,CRITICAL,0.045142857142857214,-0.12274999999999994,1.7059280814406041,0.9135318317469996,-0.04321428571428575,0.3247142857142855,2.3460022632230384,0.8016262902418998,5.065714285714287,2.2542857142857153,20.21868348594344,0.6680742850687789,0.18185714285714286,-0.149,1.3616537389372911,0.7430150561059564,81.83895661179366,CRITICAL
Node04,173,11.24,15.115,140.24,3.812,97.7,CRITICAL,0.406107142857143,0.3609642857142858,1.6623472790576816,0.9485987405723884,-0.0408571428571428,0.0023571428571429465,2.3447875424113844,0.4404676805637062,7.451428571428573,2.385714285714286,21.569818419881674,0.6906001354960193,0.3357857142857143,0.15392857142857144,1.250557570883979,0.8340508897596842,76.79365839615912,CRITICAL
Node04,174,14.56,20.269,129.37,2.953,94.8,CRITICAL,0.9841071428571431,0.5780000000000001,2.4277245470173257,0.9646613495014614,0.5866071428571427,0.6274642857142855,2.871495354589411,0.8634777971220927,6.227142857142859,-1.2242857142857142,20.81652457155361,0.8470781401213389,0.18903571428571425,-0.14675000000000005,1.2859647110614032,0.6963704349555768,88.42698321990949,CRITICAL
Node04,175,13.532,14.403,175.18,4.431,99.8,CRITICAL,0.9484642857142858,-0.03564285714285731,2.372851027772288,0.9234932887078318,0.5597142857142856,-0.026892857142857052,2.891542371419496,0.8083000397485058,9.523928571428574,3.296785714285715,26.666324848999743,0.7294817641710242,0.009321428571428576,-0.1797142857142857,1.0301103500758222,0.5542598536363124,81.39405282692957,CRITICAL
Node04,176,10.336,22.852,177.12,3.258,95.9,CRITICAL,0.4048571428571429,-0.5436071428571428,2.023320491055189,0.9506860992371029,0.7682857142857141,0.20857142857142852,3.3678593102048264,0.8790799568817289,8.778928571428574,-0.7449999999999992,25.15034951948742,0.8511798085093193,-0.20310714285714285,-0.2124285714285714,1.0258396328768704,0.7925245658057315,89.73271794529357,CRITICAL
Node04,177,11.962,18.155,167.31,6.896,100.0,CRITICAL,0.02703571428571421,-0.3778214285714287,1.563331561578852,0.9060135923301642,0.7100000000000001,-0.05828571428571405,3.3483155324374527,0.9147162720427007,5.258571428571429,-3.5203571428571454,18.534892192063825,0.857659275051304,0.020142857142857146,0.22325,1.430578071636644,0.750187382838722,88.97626803032853,CRITICAL
Node04,178,12.901,15.691,172.38,5.737,100.0,CRITICAL,0.15999999999999995,0.13296428571428573,1.5927659230766729,0.9372205102438468,-0.04417857142857118,-0.7541785714285713,3.0618692781029164,0.8462647741030954,6.726785714285713,1.468214285714284,19.569085313320087,0.7067075582810903,0.3429285714285714,0.3227857142857143,1.3970933431678105,0.8936548152811118,86.29739109191084,CRITICAL
Node04,179,16.835,17.453,130.93,3.206,95.7,CRITICAL,0.4248928571428571,0.26489285714285715,2.1865670745322614,0.9578894710394881,0.05750000000000011,0.10167857142857128,3.0276285470723807,0.7719775079078677,1.7935714285714275,-4.9332142857142856,21.58759895336738,0.7932899147711713,0.2219642857142857,-0.12096428571428572,1.4804941581718425,0.6551376787361389,84.41260178509977,CRITICAL
Node04,180,14.344,22.015,195.85,5.122,100.0,CRITICAL,0.3043928571428571,-0.12050000000000005,2.0693878897140667,0.9494420362625051,0.1491785714285716,0.0916785714285715,3.1638548443616177,0.813658044819649,3.7928571428571414,1.9992857142857139,24.784366039905073,0.6840233193704623,0.2334285714285714,0.011464285714285705,1.4872414861397723,0.5963851414776973,81.54751057489884,CRITICAL
Node04,181,17.459,18.67,200.08,6.029,100.0,CRITICAL,0.8810714285714285,0.5766785714285714,2.551748644137416,0.9664494096733472,0.37232142857142864,0.22314285714285703,3.0877559658693734,0.8412823383748396,2.7064285714285714,-1.08642857142857,22.62379973138275,0.8438995522582897,0.17257142857142854,-0.06085714285714286,1.4008182642740667,0.6724674226465334,87.61510785846538,CRITICAL
Node04,182,14.846,27.328,195.99,2.824,94.4,CRITICAL,0.9273928571428571,0.046321428571428624,2.5676012707806257,0.9275989831123278,0.7422142857142856,0.36989285714285697,3.988574157455745,0.8868949184595584,5.2007142857142865,2.494285714285715,24.10486317263445,0.7042015307596742,-0.13039285714285717,-0.3029642857142857,1.6159960661196813,0.8105200693520168,85.79156100523987,CRITICAL
Node04,183,15.244,19.552,154.4,6.237,100.0,CRITICAL,0.5128571428571428,-0.41453571428571434,1.9697346449277304,0.9615563969351727,1.0243571428571427,0.28214285714285714,3.829790495326766,0.8801755964201654,2.7728571428571445,-2.427857142857142,25.58500174488394,0.826710006862756,-0.1778571428571429,-0.04746428571428574,1.5565715990140456,0.6559076228217772,87.66734691175336,CRITICAL
Node04,184,15.187,23.371,198.45,7.949,100.0,CRITICAL,0.1492142857142856,-0.36364285714285716,1.5219035073598741,0.9451725969521367,1.162535714285714,0.13817857142857126,3.9532620888143932,0.8927232456277359,4.4746428571428565,1.701785714285712,26.93047450645564,0.6960480987503623,0.3714285714285714,0.5492857142857143,1.7872079581610771,0.9095210266014024,87.417889799171,CRITICAL
Node04,185,12.503,27.912,223.66,8.726,100.0,CRITICAL,-0.48303571428571435,-0.63225,1.628405442669081,0.9867195327955075,1.2489642857142853,0.0864285714285713,4.127542356507308,0.9025285122052292,8.489642857142856,4.015,31.619130134717338,0.7465662857815413,0.8007857142857144,0.42935714285714305,2.2147784582317978,0.9297054209024594,90.23126337458223,CRITICAL
Node04,186,20.393,30.057,236.55,6.988,100.0,CRITICAL,0.30628571428571444,0.7893214285714287,2.5290799004493993,0.9575983515332097,1.3804642857142855,0.13150000000000017,4.387084138479137,0.908124094480466,6.132857142857143,-2.3567857142857136,25.84320247735784,0.8824935794097793,0.575607142857143,-0.22517857142857145,1.9415826386886403,0.8357435345658839,91.87571131247114,CRITICAL
Node04,187,13.866,26.667,205.86,5.389,100.0,CRITICAL,-0.08664285714285709,-0.3929285714285715,2.5781139654886513,0.9693143108284155,1.3503214285714285,-0.030142857142857027,4.3657234386590655,0.9040626955577061,5.99,-0.14285714285714235,25.806286978545508,0.6143639666517806,0.31775000000000014,-0.25785714285714284,1.9177971738429487,0.8125754867898647,84.95546581291703,CRITICAL
Node04,188,20.797,20.32,209.48,8.053,100.0,CRITICAL,0.7251071428571431,0.8117500000000002,3.2030454704412623,0.9672337386087296,-0.0038571428571426225,-1.354178571428571,4.010030958198986,0.6788616948631387,6.481785714285714,0.4917857142857134,25.92543465218591,0.7244857591483569,0.465357142857143,0.14760714285714288,2.018982039590862,0.878958223315657,83.77137555592203,CRITICAL
Node04,189,20.197,21.236,207.45,3.47,96.6,CRITICAL,0.9800714285714286,0.25496428571428553,3.4754259416926834,0.9695755430765658,-0.08196428571428539,-0.07810714285714276,4.088372117533893,0.8647075389563714,5.836071428571428,-0.6457142857142859,25.73444476997799,0.8155316992158699,-0.4082142857142857,-0.8735714285714287,1.8231435175855701,0.9095774648594576,90.49238255823808,CRITICAL
Node04,190,21.768,21.618,261.58,6.44,100.0,CRITICAL,1.269107142857143,0.2890357142857144,3.820053770501642,0.9727340101985096,-1.0124285714285712,-0.9304642857142859,3.761870228895146,0.9294799467518984,4.6392857142857125,-1.1967857142857152,22.163776539123255,0.8788852580849608,-0.49907142857142855,-0.09085714285714286,1.8163866013914236,0.8467180423096341,92.76339524915416,CRITICAL
Node04,191,18.897,23.19,221.75,3.397,96.3,CRITICAL,1.009392857142857,-0.259714285714286,3.648025604285668,0.971389938378364,-1.3026785714285711,-0.2902499999999999,3.7711688664189538,0.93633711834222,1.6399999999999975,-2.999285714285715,19.95132028093331,0.8304182700258537,-0.6786428571428572,-0.17957142857142866,2.0950272415549027,0.8702593236382467,91.93907945546736,CRITICAL
Node04,192,19.55,25.361,224.87,2.643,93.8,CRITICAL,0.30371428571428566,-0.7056785714285714,2.584092674882415,0.9601036201545449,-0.705142857142857,0.5975357142857142,3.4913172981255194,0.8950641322802002,1.7442857142857124,0.10428571428571498,19.955536288745247,0.47330479878799303,-0.6654285714285715,0.013214285714285734,2.0692903315365094,0.6936845937952161,79.41650606487798,CRITICAL
Node04,193,18.22,29.121,249.16,3.124,95.4,CRITICAL,0.3309999999999999,0.027285714285714247,2.5687505022592494,0.8908667695523943,0.692785714285714,1.397928571428571,3.231823265441292,0.8878588046619295,6.249285714285714,4.505000000000001,21.770794547698415,0.7391864919261695,-0.6317142857142858,0.0337142857142857,2.0268859060614335,0.7540859109985601,85.04795313200101,CRITICAL
Node04,194,21.651,28.93,232.83,9.422,100.0,CRITICAL,-0.12892857142857153,-0.45992857142857146,1.3507111354499797,0.9823512777125907,1.619392857142857,0.9266071428571431,3.638758612232369,0.910572509681655,4.1700000000000035,-2.07928571428571,19.97989942297961,0.8690641557283588,-0.013642857142857194,0.6180714285714286,2.7261406000844075,0.754090182633832,91.17540921206074,CRITICAL
Node04,195,24.34,39.145,197.78,8.631,100.0,CRITICAL,0.41135714285714287,0.5402857142857144,2.0920636428450945,0.9640471884820191,2.6529285714285717,1.0335357142857147,6.259577515029802,0.9316071969493535,-2.1107142857142827,-6.280714285714286,22.29743312153943,0.9468908425059975,0.7562142857142857,0.7698571428571429,2.832868830271499,0.9282324085748443,95.36053593469744,CRITICAL
Node04,196,26.73,34.668,236.88,8.276,100.0,CRITICAL,0.9954642857142858,0.5841071428571429,3.0764741027289517,0.9733474355565496,2.6653214285714286,0.012392857142856872,6.2772811372592265,0.8392107349763341,-4.074285714285713,-1.9635714285714303,20.49695052812444,0.9596101230734193,0.8126785714285714,0.056464285714285634,2.896026407403937,0.811018259648549,92.4641286738303,CRITICAL
Node04,197,19.042,27.197,285.69,4.507,100.0,CRITICAL,0.7469642857142861,-0.24849999999999972,3.219923535028211,0.9688792906898621,1.4521071428571426,-1.213214285714286,5.511765761489127,0.9417731268277386,5.873571428571428,9.947857142857142,27.201386519282956,0.7483651410809709,0.7179642857142857,-0.09471428571428564,2.937869847031219,0.7586827124706127,88.47561653924599,CRITICAL
Node04,198,24.482,39.674,231.58,8.753,100.0,CRITICAL,0.7685357142857143,0.02157142857142824,3.2447716113039156,0.9130579231873344,1.6010357142857141,0.14892857142857152,5.801104484328414,0.9217551289979073,3.4728571428571433,-2.400714285714285,26.61672531824053,0.8623761771887214,0.7125,-0.005464285714285699,2.931221068493633,0.7136052697564922,88.95933324019022,CRITICAL
Node04,199,29.957,33.231,233.12,6.096,100.0,CRITICAL,1.2705357142857143,0.502,4.18261817639667,0.9764349334285762,0.7810714285714287,-0.8199642857142854,5.004863101690862,0.9365912521913146,1.331785714285715,-2.1410714285714283,26.17056134194261,0.8261421903958398,0.12335714285714279,-0.5891428571428572,2.424797566415646,0.8493563786189577,91.69757459397977,CRITICAL
Node04,200,25.831,41.003,300.8,8.483,100.0,CRITICAL,0.7687857142857143,-0.50175,3.5217234146826195,0.9731522489472819,1.0498928571428572,0.26882142857142843,5.413640452817398,0.9133536666637557,9.617500000000001,8.285714285714286,35.43158659404668,0.779509386830739,-0.2646428571428572,-0.38799999999999996,1.7627404530338282,0.9137081010907516,90.75141541785143,CRITICAL
Node04,201,27.352,43.309,335.38,10.334,100.0,CRITICAL,0.6483214285714285,-0.1204642857142858,3.3892250764809964,0.9696790038179942,1.1141428571428567,0.06424999999999947,5.526237775592085,0.9167283810106011,17.43107142857143,7.813571428571427,48.20552867916807,0.8166191522614682,0.254,0.5186428571428572,1.9333710505352095,0.9102643206632338,91.6369511649578,CRITICAL
Node04,202,27.609,32.841,247.5,8.963,100.0,CRITICAL,0.7359285714285715,0.087607142857143,3.4450975243642885,0.9713163834032666,1.0025714285714287,-0.11157142857142799,5.61044552598098,0.9405851925376105,7.159285714285714,-10.271785714285715,40.531741647163166,0.8894326416250311,0.4801785714285713,0.22617857142857128,1.9590929874136482,0.9199246213038554,94.16557440126996,CRITICAL
Node04,203,31.992,48.326,241.83,5.226,100.0,CRITICAL,1.5178214285714287,0.7818928571428572,4.165868125384581,0.9782896332995737,2.1356785714285715,1.1331071428571429,7.218845854857303,0.9337039836563203,0.09000000000000037,-7.069285714285713,39.95203117787749,0.782104638567828,0.24339285714285705,-0.23678571428571424,2.1911124810839593,0.7737202262973119,89.59619647060629,CRITICAL
Node04,204,30.685,48.498,355.17,10.275,100.0,CRITICAL,0.8734642857142857,-0.644357142857143,2.7113570315214766,0.9760812617812625,1.732142857142857,-0.40353571428571455,6.375796667308104,0.9572551556788249,11.960357142857143,11.870357142857143,51.92142795563679,0.803460208632932,0.11807142857142854,-0.12532142857142853,1.9588692073307425,0.7868392722437962,90.7521802748454,CRITICAL
Node04,205,20.888,46.766,357.79,9.452,100.0,CRITICAL,-0.45924999999999994,-1.3327142857142857,3.7064570427193417,0.9894253397801944,2.164714285714285,0.43257142857142816,6.688884703104738,0.9330054316395504,13.900000000000002,1.939642857142859,54.97488318270792,0.8110216242403013,0.30514285714285716,0.1870714285714286,2.002877715402801,0.9082976445166083,92.31855797244984,CRITICAL
Node04,206,23.337,42.832,327.16,11.383,100.0,CRITICAL,-0.6190714285714286,-0.15982142857142867,3.892109233528047,0.9908100289815959,1.0020714285714285,-1.1626428571428566,5.464229113930326,0.9471844370392768,8.270357142857147,-5.629642857142855,48.12853237500006,0.9058287136785114,0.2945714285714285,-0.010571428571428676,1.984186891159101,0.658839106172575,91.89215582861769,CRITICAL
Node04,207,36.318,50.562,303.62,4.497,100.0,CRITICAL,0.25892857142857106,0.8779999999999997,5.236916613719146,0.9656500109833279,1.4350357142857142,0.4329642857142857,5.947778909171132,0.9273573889550526,6.4285714285714315,-1.8417857142857157,48.05653456384173,0.8958725998862727,-0.30160714285714285,-0.5961785714285713,2.665612124822364,0.8904172340425535,93.52799082651224,CRITICAL
Node04,208,24.904,48.945,279.33,10.757,100.0,CRITICAL,-0.24325000000000038,-0.5021785714285715,5.391141481744888,0.9882331059954962,1.682785714285714,0.24774999999999991,6.102280935768821,0.9295273872079997,6.823571428571427,0.39499999999999513,47.748411990547375,0.730766485878645,0.17971428571428572,0.48132142857142857,2.716054728041076,0.9099702763857025,90.18906759487831,CRITICAL
Node04,209,29.211,42.028,429.3,8.799,100.0,CRITICAL,-0.15982142857142886,0.08342857142857152,5.40764365549006,0.9836869943712403,-0.5072857142857143,-2.1900714285714287,3.2265953676695602,0.9363002748730224,12.73428571428571,5.910714285714283,60.9316665657209,0.820092726578016,0.24028571428571416,0.06057142857142844,2.7136153620830887,0.7728065306102053,90.74604699053788,CRITICAL
Node04,210,40.336,40.885,433.15,10.455,100.0,CRITICAL,1.6844999999999997,1.8443214285714284,7.054169020616713,0.9810428622488755,-0.9357857142857142,-0.4284999999999999,3.829126401674408,0.9457585864755548,11.754642857142851,-0.9796428571428581,58.845285525447395,0.9231532759558624,-0.04971428571428576,-0.2899999999999999,2.3112395664087555,0.7379536443053675,93.06328045171979,CRITICAL
Node04,211,30.562,44.687,369.88,12.101,100.0,CRITICAL,1.996892857142857,0.31239285714285736,7.050536727289429,0.9795494142226567,-0.6666071428571431,0.26917857142857116,3.646151800512556,0.9164102191247938,13.354642857142851,1.5999999999999996,59.11132684946906,0.8116114254680382,0.3711785714285716,0.42089285714285735,2.5232047366111896,0.9244297593008894,91.93479799960092,CRITICAL
Node04,212,34.089,46.374,431.02,8.322,100.0,CRITICAL,1.292,-0.704892857142857,6.107619339808268,0.9796699723244422,-0.3279999999999999,0.33860714285714316,3.621801248786892,0.9001660332080477,21.35428571428571,7.999642857142858,65.38527426321762,0.842102121750594,0.20439285714285724,-0.16678571428571434,2.5725187305533113,0.7917825356406446,90.67894393400266,CRITICAL
Node04,213,41.371,60.269,441.93,14.115,100.0,CRITICAL,1.245714285714286,-0.04628571428571404,6.015817365198895,0.96134908006742,0.951357142857143,1.2793571428571429,6.546880551253471,0.9244822267553943,23.531785714285714,2.1775000000000055,67.88556295076927,0.8474699176000322,0.9745,0.7701071428571428,3.069706213645736,0.946087194775278,92.83274349245696,CRITICAL
Node04,214,42.737,41.059,436.19,6.982,100.0,CRITICAL,2.556142857142857,1.310428571428571,6.885171014924896,0.9836682892884218,0.6540357142857142,-0.29732142857142885,6.828536129117768,0.9392839034047092,17.6325,-5.899285714285714,59.713414860362114,0.9326325780770179,-0.10092857142857133,-1.0754285714285714,2.4207112394422237,0.8422151165819313,94.5636978015884,CRITICAL
Node04,215,42.496,56.659,344.56,11.555,100.0,CRITICAL,1.9809285714285723,-0.5752142857142848,5.823517289323321,0.983779042215957,2.1365357142857144,1.4825000000000004,7.866187916223038,0.9381386303028983,-6.2889285714285705,-23.92142857142857,38.53784546823204,0.9701167017923429,0.11914285714285715,0.22007142857142847,2.468602621881842,0.9126612361059,96.39621812649847,CRITICAL
Node04,216,43.273,62.148,362.64,22.787,100.0,CRITICAL,1.4759642857142865,-0.5049642857142858,4.9442501863034725,0.9824528567590773,2.9435000000000002,0.8069642857142858,9.139205339530088,0.9457252161102873,-9.178571428571427,-2.8896428571428565,41.737237456211574,0.9738648658101761,1.2344285714285714,1.1152857142857142,5.186021692974298,0.9591434013148512,97.21184113462392,CRITICAL
Node04,217,34.795,42.713,392.6,9.025,100.0,CRITICAL,1.149714285714286,-0.3262500000000006,5.182272175866674,0.979155542286055,0.7862857142857147,-2.1572142857142858,8.846876508258774,0.9433548373523704,-5.927499999999997,3.2510714285714304,39.575527731643646,0.9388020353577161,0.6122142857142856,-0.6222142857142858,5.2991675042496285,0.9003932686813259,95.43422269934092,CRITICAL
Node04,218,46.207,69.299,374.7,11.311,100.0,CRITICAL,0.8477857142857145,-0.30192857142857144,4.534061634424693,0.979944616450673,1.9554285714285722,1.1691428571428575,10.799713697704258,0.9418835900889989,-12.184642857142856,-6.25714285714286,39.064175708819505,0.9763066990755972,0.5211428571428572,-0.09107142857142836,5.308211074319088,0.8155942461128758,95.29826147325028,CRITICAL
Node04,219,30.105,65.848,485.27,7.624,100.0,CRITICAL,-1.2342500000000005,-2.082035714285715,5.62294305671395,0.9933490462842677,2.1168214285714293,0.16139285714285712,10.992016888893245,0.9418970734537899,1.9671428571428546,14.151785714285712,50.49411507436145,0.733888108893213,-0.47660714285714295,-0.9977500000000001,5.394967791951169,0.9391894943488726,91.03452632086692,CRITICAL
Node04,220,45.033,68.126,485.42,14.863,100.0,CRITICAL,-0.5342857142857146,0.6999642857142859,5.919052365435021,0.9906365182327,3.8117857142857154,1.6949642857142861,11.772038104884693,0.9515617321966648,15.75607142857143,13.788928571428574,57.87252942376686,0.837368603684072,0.15375,0.630357142857143,5.452921571659239,0.9215164815244075,93.58415255749301,CRITICAL
Node04,221,37.638,70.967,381.41,9.665,100.0,CRITICAL,-0.5622857142857149,-0.028000000000000358,5.935111083326796,0.9766543672143458,2.78625,-1.0255357142857155,9.883584957850447,0.9685554173287894,16.027857142857147,0.27178571428571807,57.70076631495749,0.7410031391316827,-0.8185357142857141,-0.9722857142857142,5.124076850655986,0.9530696501151114,91.53370706902815,CRITICAL
Node04,222,40.007,75.493,370.67,13.899,100.0,CRITICAL,-0.18878571428571508,0.37349999999999983,5.829753131259382,0.9865461984624369,3.4060714285714275,0.6198214285714276,10.641908068261694,0.9521802898025815,4.015357142857147,-12.0125,53.95538218441851,0.8915550793872168,-0.7797142857142859,0.03882142857142823,5.135902401349784,0.8757046978890466,94.29064864155637,CRITICAL
Node04,223,35.104,77.63,471.54,9.621,100.0,CRITICAL,-0.14071428571428626,0.04807142857142882,5.784671777329166,0.9654502959550291,4.366357142857142,0.9602857142857144,11.535729939544147,0.9560037467963818,4.460714285714289,0.4453571428571417,54.55134392303752,0.762786967755492,0.3216071428571428,1.1013214285714288,2.6540841932316135,0.9132726910040541,91.02935665434308,CRITICAL
Node04,224,35.326,79.792,449.42,10.489,100.0,CRITICAL,-0.9882500000000002,-0.847535714285714,5.732571175808835,0.9933982040933852,2.2289285714285705,-2.1374285714285715,5.234639106130293,0.9681552192508198,2.92678571428572,-1.5339285714285689,53.4755897137946,0.8912143908429324,0.02014285714285727,-0.3014642857142855,2.5408078674011576,0.7220727270997174,92.83734685047742,CRITICAL
Node04,225,40.322,80.403,550.2,19.815,100.0,CRITICAL,0.3108214285714288,1.299071428571429,4.761196468275996,0.968909652053801,2.6307142857142862,0.40178571428571574,5.774947445648316,0.949920964454792,7.604285714285721,4.677500000000001,62.88222081986367,0.8144149431141856,0.9921785714285719,0.9720357142857147,4.180585314454015,0.9537544402989858,92.82096678526007,CRITICAL
Node04,226,52.131,62.129,572.42,12.641,100.0,CRITICAL,0.7850357142857146,0.4742142857142858,6.049439391578443,0.9788615092291262,0.185,-2.445714285714286,6.743700757355853,0.9277491432072316,24.190357142857142,16.586071428571422,76.69077646782625,0.863495390522845,0.3651428571428574,-0.6270357142857146,3.644563439791749,0.900573195623287,93.17707848102584,CRITICAL
Node04,227,56.101,78.676,611.01,15.893,100.0,CRITICAL,3.030535714285715,2.2455000000000003,8.350647217574274,0.9862673125062665,-0.029571428571427662,-0.21457142857142766,6.51607206397053,0.908917332308059,41.81999999999999,17.62964285714285,93.98732710925901,0.8848602833471977,0.9415000000000003,0.576357142857143,3.75158275170056,0.9483072459358411,94.11916439149157,CRITICAL
Node04,228,36.77,70.092,650.23,11.685,100.0,CRITICAL,1.7531428571428578,-1.2773928571428572,8.438701220313128,0.9820438015452426,-1.1347857142857136,-1.105214285714286,6.614273339492693,0.9595557400442236,44.30785714285714,2.4878571428571448,98.617097909034,0.8894926926850666,0.28764285714285726,-0.6538571428571431,3.5090337565720144,0.890469889685376,94.46823117230119,CRITICAL
Node04,229,47.867,75.9,544.32,25.057,100.0,CRITICAL,2.034142857142857,0.28099999999999903,8.6114202246618,0.9834025918479633,-0.9398928571428564,0.1948928571428572,6.622263485143633,0.9395069605929914,24.313214285714288,-19.99464285714285,71.38561262941006,0.9441880479053677,1.5992142857142855,1.3115714285714282,5.641454000352677,0.9636328081106165,96.40440252972137,CRITICAL
Node04,230,49.589,88.539,457.44,26.279,100.0,CRITICAL,1.5184999999999995,-0.5156428571428573,8.012351459138689,0.9836379168900338,0.8999285714285714,1.8398214285714278,8.403284454250473,0.934940734735913,3.218214285714286,-21.095000000000002,74.11134657038819,0.8947328918771515,2.0320714285714283,0.43285714285714283,6.437394577962497,0.9667744021984257,95.09231986473131,CRITICAL
Node04,231,58.751,85.94,615.66,11.579,100.0,CRITICAL,1.4988928571428564,-0.019607142857143156,7.974044110499418,0.9432685591518104,2.3805357142857138,1.4806071428571423,9.096824715512657,0.9499485292727685,-3.581071428571432,-6.799285714285718,63.130082746809755,0.9730094300329157,0.4189999999999999,-1.6130714285714285,6.252656913360149,0.900622538662121,95.53443233919889,CRITICAL
Node04,232,43.866,89.96,557.4,17.467,100.0,CRITICAL,-0.23842857142857174,-1.737321428571428,7.4415023092818835,0.9908707891477229,4.159571428571428,1.779035714285714,10.26751571705639,0.9581830092790835,-8.1625,-4.581428571428567,62.78077439259039,0.9778104007353979,0.7301428571428569,0.311142857142857,6.174271933172518,0.9466746230412431,97.63286073297596,CRITICAL
Node04,233,48.029,96.974,639.38,24.297,100.0,CRITICAL,0.030714285714285947,0.2691428571428577,7.34192921642858,0.9510633669990699,3.7382142857142853,-0.42135714285714254,9.265291476411152,0.9748894450712497,-1.043214285714291,7.119285714285708,67.65379118648681,0.8610806340921515,0.8320714285714285,0.10192857142857159,6.3012490674090795,0.9201283375483446,93.6577090393316,CRITICAL
Node04,234,62.75,68.946,726.28,9.207,100.0,CRITICAL,2.59075,2.5600357142857137,8.752113720206598,0.9863240007665809,1.4332499999999995,-2.304964285714286,10.758656800124127,0.9613891990106544,18.508214285714278,19.55142857142857,87.07444912530994,0.8670371444163987,-0.6345,-1.4665714285714284,7.264966292977224,0.9484310577348466,94.78272566726167,CRITICAL
Node04,235,49.888,77.789,609.69,21.551,100.0,CRITICAL,0.7736785714285718,-1.817071428571428,6.694602594983657,0.9800964537246479,-0.8030357142857147,-2.236285714285714,9.63319476008423,0.9573333029699579,27.05392857142857,8.545714285714293,84.3803018933865,0.8707507658841774,-1.1408571428571428,-0.5063571428571428,6.791080606908138,0.9701473145583405,94.90931504875549,CRITICAL
Node04,236,54.79,108.4,626.88,18.924,100.0,CRITICAL,0.598607142857143,-0.17507142857142877,6.572798331362518,0.9794222864691938,0.7952500000000009,1.5982857142857156,12.730180238502594,0.9382358365064465,23.75928571428572,-3.2946428571428505,82.20316941520419,0.9472158808310794,-0.37075000000000014,0.7701071428571427,6.310416230329026,0.9376037306292941,96.02123235744246,CRITICAL
Node04,237,69.273,102.428,725.54,22.628,100.0,CRITICAL,1.974035714285714,1.375428571428571,8.905069300016436,0.9858242260201866,2.398535714285715,1.603285714285714,13.847317524309453,0.953733694960143,15.675357142857147,-8.083928571428574,62.190240889586214,0.9442975064795293,1.1898214285714286,1.5605714285714287,5.6766619844512745,0.9585815454812835,96.70685990153216,CRITICAL
Node04,238,58.712,96.266,533.87,13.943,100.0,CRITICAL,2.8237857142857146,0.8497500000000007,8.902587951719164,0.9862621743714898,2.4742857142857155,0.07575000000000065,13.88492450894306,0.9528857748095942,0.08321428571428717,-15.592142857142859,74.61904056127841,0.8364521122812314,-0.14975,-1.3395714285714286,5.2917069214816825,0.9228572772918248,93.49446730981903,CRITICAL
Node04,239,62.378,91.614,746.18,19.98,100.0,CRITICAL,1.941285714285714,-0.8825000000000005,7.581135726575662,0.9862794734109159,2.2571071428571434,-0.2171785714285721,13.867666619737818,0.9701611024481006,1.8367857142857085,1.7535714285714212,77.52023499276386,0.767539572899568,-0.08578571428571433,0.06396428571428567,5.311919158162815,0.7453802249545917,89.84190697611052,CRITICAL
Node04,240,78.532,115.735,784.77,12.712,100.0,CRITICAL,2.723142857142857,0.7818571428571428,9.448400401277304,0.9878193777385493,5.5672500000000005,3.310142857142857,16.586569798082625,0.965589256217451,12.694285714285709,10.8575,90.07857347893558,0.8578729215031625,0.08542857142857148,0.17121428571428582,5.056856250958409,0.8424895335623419,93.32566687820434,CRITICAL
Node04,241,53.232,90.184,841.21,21.688,100.0,CRITICAL,1.8078928571428572,-0.9152499999999997,10.044272139360013,0.9849487899770586,1.4657499999999994,-4.1015000000000015,12.608360519909002,0.9659383434746,36.82071428571429,24.12642857142858,108.6797281662303,0.8956014706274869,-0.5236071428571428,-0.6090357142857143,3.928947544766131,0.9626887730423428,95.75450330054102,CRITICAL
Node04,242,50.353,77.776,653.85,18.903,100.0,CRITICAL,-0.9133214285714283,-2.7212142857142854,9.95993222629456,0.9942533157492296,-3.460392857142858,-4.926142857142858,12.611746170780258,0.9720469447334691,20.112500000000008,-16.70821428571428,104.0552913462014,0.9456751858734823,-0.11335714285714303,0.4102499999999998,3.74007657802936,0.8991147670779843,96.58788764720967,CRITICAL
Node04,243,54.439,99.988,701.58,24.139,100.0,CRITICAL,-2.513071428571428,-1.5997499999999998,9.997446321555366,0.9959005192819768,-1.6332142857142864,1.8271785714285718,11.771257648146507,0.954128621166562,9.396785714285727,-10.71571428571428,98.79381819874011,0.9347061858369139,0.5771785714285712,0.6905357142857143,4.334708503408714,0.9504643571401463,96.62412473385803,CRITICAL
Node04,244,57.764,123.063,604.32,13.245,100.0,CRITICAL,-1.6750357142857142,0.838035714285714,9.332148497073359,0.9940507311596035,2.113571428571428,3.746785714285714,15.545065805739194,0.955715110238838,-0.3132142857142729,-9.709999999999999,106.44065692966689,0.8684092808927244,0.4433928571428569,-0.13378571428571429,4.523654085550119,0.8410254179059505,93.52475047821054,CRITICAL
Node04,245,87.423,117.197,651.36,36.161,100.0,CRITICAL,1.2430714285714293,2.9181071428571435,14.099575447846782,0.9853596114377775,3.614607142857143,1.501035714285715,16.838645302370605,0.9612283272922081,-28.03535714285713,-27.722142857142856,83.58736364968547,0.9856347447634987,1.8592857142857144,1.4158928571428575,7.899864320715533,0.9703837304238107,98.05885060099556,CRITICAL
Node04,246,64.579,88.89,707.3,14.281,100.0,CRITICAL,1.2119285714285712,-0.031142857142858027,14.096334059065212,0.9556276834427825,0.6706428571428579,-2.943964285714285,17.153205353658013,0.9570467475847485,-23.630000000000003,4.405357142857127,82.20993642874959,0.9683640012173943,0.9998214285714287,-0.8594642857142857,8.302929537504331,0.9283908911396646,96.23601520704113,CRITICAL
Node04,247,75.499,89.854,736.75,43.467,100.0,CRITICAL,4.579892857142856,3.367964285714285,13.60465311330404,0.9893729883349762,1.3731071428571435,0.7024642857142857,16.431427702221537,0.9426052696459798,-9.167857142857153,14.46214285714285,76.37087695986637,0.959151127428469,2.4326785714285717,1.4328571428571428,11.300236021555353,0.9747558255186513,97.14586370730773,CRITICAL
Node04,248,59.627,127.786,915.97,17.095,100.0,CRITICAL,2.741321428571428,-1.8385714285714285,13.01574817745978,0.9873573014798315,3.4138928571428577,2.040785714285714,19.29530121311305,0.9620510365647282,34.27428571428571,43.44214285714286,100.81083100351394,0.8972488648985218,1.223857142857143,-1.2088214285714287,11.62317325739527,0.9373662510844664,95.45246147097544,CRITICAL
Node04,249,69.977,90.94,961.98,14.561,100.0,CRITICAL,1.372,-1.3693214285714277,11.557722483257677,0.985562946259954,-1.6086071428571433,-5.022500000000001,16.85685999540727,0.9674160141404001,53.21035714285714,18.93607142857143,133.9496891871472,0.9106448693614422,-0.4902857142857143,-1.7141428571428574,12.04250393200604,0.95467964737821,96.08305510290128,CRITICAL
Node04,250,77.63,140.873,714.77,29.027,100.0,CRITICAL,0.7054999999999997,-0.6665000000000004,10.628823092578656,0.9832291582970373,1.4218571428571412,3.0304642857142845,21.197981947974824,0.9532233524977203,41.47357142857142,-11.736785714285723,133.1769811012327,0.9575225731370464,0.2485714285714286,0.7388571428571429,12.240803864048114,0.9418969793390048,96.754351878718,CRITICAL
Node04,251,105.938,94.044,930.3,31.819,100.0,CRITICAL,2.7187500000000004,2.0132500000000007,15.565569515226013,0.9893481646649867,1.27117857142857,-0.15067857142857122,21.33505317435091,0.9651555336287521,38.46392857142856,-3.0096428571428575,128.1717485400333,0.9613756171005967,-0.44428571428571445,-0.6928571428571431,11.518612813305998,0.9669491488861232,97.58161317293141,CRITICAL
Node04,252,76.298,145.697,821.73,13.249,100.0,CRITICAL,4.072785714285716,1.3540357142857151,14.906444620971671,0.989048488019441,6.853142857142856,5.581964285714286,25.832133802872804,0.9707335820464169,18.899642857142858,-19.564285714285703,109.470425142832,0.9499841465219709,-0.5164285714285715,-0.07214285714285701,11.613886400913922,0.8867259051181012,96.37917608954815,CRITICAL
Node04,253,100.24,115.705,939.55,49.894,100.0,CRITICAL,5.125928571428572,1.0531428571428565,16.50081597405182,0.9909548739443579,4.159964285714286,-2.6931785714285708,23.89579514515153,0.9775069436105629,13.865714285714278,-5.03392857142858,102.10256656911226,0.9484826261765017,1.03025,1.5466785714285716,14.433462599773057,0.969480115865162,97.5885502820872,CRITICAL
Node04,254,93.533,101.252,1106.93,25.676,100.0,CRITICAL,5.746857142857142,0.6209285714285704,16.947193345380654,0.9909801731748896,-0.9017142857142859,-5.061678571428572,22.2280230597068,0.9632550406104228,22.677857142857142,8.812142857142865,121.5498779259343,0.8937975545796363,2.8796785714285713,1.8494285714285712,12.82395925601762,0.9696646274674342,95.89422567092168,CRITICAL
Node04,255,112.904,145.163,1200.86,19.618,100.0,CRITICAL,5.53175,-0.21510714285714272,16.49020955857488,0.9923039784699754,3.753142857142859,4.654857142857145,24.534362553462888,0.9650852292565838,53.936071428571424,31.25821428571428,163.24187487984113,0.9188914315954042,0.9479999999999994,-1.9316785714285718,12.56804536456303,0.9365744384952279,96.18486816918374,CRITICAL
Node04,256,106.539,149.038,978.9,34.267,100.0,CRITICAL,4.210500000000001,-1.3212499999999991,14.40544878228539,0.9914319187815361,2.9388571428571457,-0.8142857142857132,23.2132961324611,0.977749430457282,57.81107142857143,3.875000000000007,163.50941781526134,0.9132857248185957,0.1337500000000001,-0.8142499999999993,11.685958110158573,0.9261902566447354,96.15640108124097,CRITICAL
Node04,257,79.357,176.663,956.4,32.158,100.0,CRITICAL,-0.23560714285714315,-4.4461071428571435,14.045606142305212,0.9929997321160974,10.142750000000003,7.203892857142858,29.70903708429795,0.976033159477033,23.35535714285714,-34.45571428571429,125.03846364409706,0.9559569187197073,0.4563214285714289,0.3225714285714288,11.743434129029596,0.9532282231064193,97.59275907980683,CRITICAL
Node04,258,96.266,113.772,1235.76,32.426,100.0,CRITICAL,1.112285714285715,1.3478928571428581,13.412554775994302,0.9855098704646762,2.640250000000002,-7.502500000000001,26.177874712745318,0.9741113281062255,40.991428571428564,17.636071428571423,151.05441589673822,0.9135809430116303,1.094642857142858,0.638321428571429,11.765409468113763,0.9637659008097765,96.41469670122775,CRITICAL
Node04,259,89.732,153.55,899.24,40.545,100.0,CRITICAL,-2.1287499999999993,-3.2410357142857142,11.038260456465135,0.9965675678340847,6.074107142857145,3.433857142857143,26.855835455260006,0.9703814772895146,-3.8474999999999966,-44.83892857142856,134.84614476188355,0.9777268335531485,-0.07167857142857072,-1.1663214285714287,9.796784183257959,0.88305021770105,97.22400390346502,CRITICAL
Node04,260,77.638,188.467,1231.26,53.65,100.0,CRITICAL,-3.725071428571428,-1.5963214285714287,13.03648482054079,0.9968992564057336,8.684035714285717,2.609928571428571,31.216033192667428,0.9756270639765404,0.9503571428571433,4.79785714285714,141.5965864701547,0.7918420144179392,4.4262500000000005,4.497928571428571,10.885890253858323,0.9807083257396297,93.84900866868541,CRITICAL
Node04,261,134.247,124.609,1031.07,17.566,100.0,CRITICAL,0.5929285714285736,4.318000000000001,20.108555537619402,0.9849601417698628,-0.21132142857143016,-8.895357142857147,26.408627111320314,0.9491073193859715,-2.207499999999994,-3.157857142857137,142.72000568879446,0.9753518956154087,1.4641785714285709,-2.96207142857143,12.26916754850684,0.9411466932729834,97.15610782950687,CRITICAL
Node04,262,119.126,132.348,986.75,18.276,100.0,CRITICAL,4.604035714285716,4.011107142857142,20.919611628007505,0.9913593154064546,-2.8386785714285723,-2.627357142857142,27.245336511393063,0.9766281570046982,6.013928571428571,8.221428571428564,134.2458438657901,0.8427947916946051,-1.9976071428571434,-3.461785714285714,12.519055911080592,0.972712262587265,94.92635941541448,CRITICAL
Node04,263,115.979,140.491,1412.14,42.702,100.0,CRITICAL,7.146464285714286,2.5424285714285704,21.670967943750178,0.992327066029627,-3.5823214285714284,-0.7436428571428562,27.400418165039888,0.9787426139506511,35.75107142857144,29.73714285714287,187.61584765279346,0.9151441699623324,-0.7016785714285722,1.295928571428571,13.088225149783625,0.9634679029353811,96.7230128266724,CRITICAL
Node04,264,132.315,141.475,1102.74,43.75,100.0,CRITICAL,7.218892857142856,0.07242857142856973,21.788645697549292,0.9920359623521471,0.031142857142856122,3.6134642857142847,24.10910216574013,0.8629689318870983,13.651071428571438,-22.100000000000005,175.74855416325963,0.9517467413179553,0.10399999999999945,0.8056785714285716,13.555596835677452,0.9505657841898542,95.02426249460909,CRITICAL
Node04,265,129.993,181.065,1480.91,32.819,100.0,CRITICAL,7.566749999999999,0.3478571428571433,22.144705578147956,0.9928341315343696,0.1586785714285693,0.1275357142857132,24.345262817777645,0.9220628612705538,66.75142857142859,53.10035714285715,219.6458308927612,0.9300303825917478,-0.6372142857142856,-0.741214285714285,13.541263208641734,0.9706414890587542,96.00255989771438,CRITICAL
Node04,266,104.36,212.044,1050.11,51.451,100.0,CRITICAL,3.030249999999998,-4.536500000000001,20.047645476286164,0.990463448746996,6.884642857142857,6.725964285714287,33.425487703818106,0.9752391782765609,16.865000000000002,-49.88642857142859,195.4715760849717,0.9535945980323853,1.7636785714285719,2.4008928571428574,14.77423407893105,0.9742589608192058,97.71911448169601,CRITICAL
Node04,267,141.116,219.696,1158.1,26.053,100.0,CRITICAL,0.18174999999999944,-2.8484999999999983,12.681429144337685,0.9808436453525958,17.329535714285715,10.444892857142857,39.39764764913908,0.9814111247827808,20.592142857142846,3.7271428571428444,194.53937055320736,0.8930139817345967,2.9259999999999993,1.1623214285714274,13.247989029786119,0.9699993618618007,96.00584775609545,CRITICAL
Node04,268,122.041,184.177,1218.2,46.931,100.0,CRITICAL,1.1094285714285717,0.9276785714285722,12.071494754960867,0.9869603478008114,13.730928571428567,-3.598607142857148,35.58593635934607,0.9871511730093213,4.77285714285713,-15.819285714285716,184.11558719353198,0.9377427813583963,2.156,-0.7699999999999991,12.056581052133588,0.9656541437793851,97.36898255319502,CRITICAL
Node04,269,96.076,205.231,1148.49,46.736,100.0,CRITICAL,-2.4690714285714286,-3.5785,15.990629098080571,0.9968165513559307,11.366249999999997,-2.36467857142857,32.19574053829984,0.9870545721312833,-31.530000000000012,-36.30285714285714,161.46119439431297,0.9892845973926836,0.4177857142857139,-1.7382142857142862,8.910763635706457,0.9449101070989309,98.6680928163908,CRITICAL
Node04,270,139.97,145.832,1388.06,49.835,100.0,CRITICAL,-0.9710000000000001,1.4980714285714285,17.42471026472245,0.9953101954390399,1.1977142857142848,-10.168535714285712,31.05079993295166,0.9707931679324749,12.828928571428564,44.35892857142858,156.98885298614286,0.8872354566870096,1.4846071428571423,1.0668214285714284,9.46297477389793,0.9725471821856282,96.03424552064611,CRITICAL
Node04,271,165.209,212.486,1590.27,30.189,100.0,CRITICAL,4.708142857142858,5.679142857142858,23.50957594967067,0.9925899851966962,-1.8795000000000022,-3.077214285714287,25.93833890117833,0.9786265167027051,35.513214285714284,22.68428571428572,198.47214678039603,0.9191115235080279,0.34146428571428544,-1.1431428571428568,10.498449343548199,0.9297584018555728,96.39862157556149,CRITICAL
Node04,272,154.333,179.36,1258.54,59.205,100.0,CRITICAL,7.7155,3.007357142857142,25.500959298482428,0.9934050661514053,-5.386321428571429,-3.5068214285714268,26.09156183519875,0.9830926889647357,59.267500000000005,23.75428571428572,179.85606938671293,0.9225230720706019,1.2299285714285713,0.8884642857142858,11.894317837081864,0.9731180160410146,97.15414186968475,CRITICAL
Node04,273,164.994,172.869,1269.49,39.515,100.0,CRITICAL,7.333964285714285,-0.38153571428571453,24.888823659282437,0.9940349997090713,-5.102142857142856,0.2841785714285727,25.80554213637801,0.9740714272522059,30.593928571428574,-28.67357142857143,154.79339422352007,0.9640298151033732,1.728107142857143,0.4981785714285718,11.556229960707855,0.9709067382278017,98.00873151923118,CRITICAL
Node04,274,181.976,158.79,1349.53,67.762,100.0,CRITICAL,11.857285714285714,4.523321428571429,29.42590855982919,0.9946127625884489,-3.8341785714285703,1.2679642857142857,23.72671829895772,0.9707396691775296,18.08821428571428,-12.505714285714294,144.11466400388397,0.9592512081779547,2.0507500000000003,0.32264285714285723,12.308097557144665,0.9781940663620795,97.92372357068231,CRITICAL
Node04,275,131.57,227.481,1988.04,64.651,100.0,CRITICAL,6.795678571428572,-5.0616071428571425,28.312094387717906,0.9932434168223291,1.8946071428571432,5.7287857142857135,29.89531083631679,0.9650476237015219,75.74321428571429,57.65500000000001,282.7529015134694,0.9404319427020452,3.533035714285714,1.4822857142857138,13.656893349235064,0.9810244222761285,97.32404505554952,CRITICAL
Node04,276,169.337,176.343,1704.29,43.595,100.0,CRITICAL,1.7309285714285696,-5.064750000000002,17.5169391053074,0.990937129253376,3.6054642857142847,1.7108571428571415,28.772069010463206,0.9675701745997081,65.54357142857143,-10.199642857142862,269.0549906263632,0.9747031144784596,2.0986071428571424,-1.4344285714285716,13.875090010862047,0.9642492177998478,97.97886995235365,CRITICAL
Node04,277,179.229,252.491,1530.29,52.396,100.0,CRITICAL,1.3801428571428573,-0.35078571428571226,16.9847331588162,0.9905496996925329,6.021178571428572,2.4157142857142873,34.22536362323792,0.976161537010419,51.075357142857136,-14.46821428571429,263.9068696032931,0.971461147163307,2.162035714285714,0.06342857142857161,13.88289271866981,0.9371565674806029,97.72345549167301,CRITICAL
Node04,278,158.214,199.688,1853.99,37.76,100.0,CRITICAL,0.9812142857142864,-0.39892857142857097,17.09391219954386,0.9889413708251753,8.49217857142857,2.4709999999999974,33.60372555451043,0.9760874016150567,95.09678571428572,44.02142857142858,291.76350699545293,0.9424444217976999,-2.2407142857142857,-4.402749999999999,12.177455258444951,0.9809112359855935,97.49881325501958,CRITICAL
Node04,279,143.718,280.672,1838.64,83.974,100.0,CRITICAL,-2.2747500000000005,-3.255964285714287,18.392514296388555,0.9972809073129737,15.364821428571432,6.872642857142862,45.36061392147745,0.9827284233009539,80.665,-14.43178571428571,271.96220109384603,0.9769839623202417,2.1827857142857146,4.423500000000001,17.157446738120118,0.9805305060079476,98.72849712239358,CRITICAL
Node04,280,144.505,212.109,1558.21,62.53,100.0,CRITICAL,-3.5442857142857145,-1.269535714285714,19.312343336396477,0.9976246875055204,10.345857142857145,-5.018964285714286,42.36735870814657,0.9868839102174608,17.033571428571445,-63.63142857142856,222.41376774146062,0.9610724371935673,0.6112500000000006,-1.571535714285714,15.689257023593596,0.9564030447769675,98.11219859285413,CRITICAL
Node04,281,169.544,262.352,1445.14,83.976,100.0,CRITICAL,1.0266785714285729,4.570964285714288,17.239440279279876,0.9884826740130611,7.297357142857143,-3.0485000000000024,37.06815445326931,0.9867747052151746,-57.589642857142834,-74.62321428571428,199.88726003377383,0.9919268875276078,4.55082142857143,3.9395714285714294,18.20222699221693,0.9843215805552387,99.01950645718881,CRITICAL
Node04,282,203.461,264.048,1558.13,47.983,100.0,CRITICAL,2.4747500000000024,1.4480714285714296,20.88067779642451,0.9918273153074254,10.54492857142857,3.247571428571428,39.145710711939536,0.9801733422183684,-32.30571428571426,25.283928571428575,159.56764003900994,0.9797255061459423,3.610499999999999,-0.9403214285714308,18.767492397887416,0.970717780879926,98.47993217542026,CRITICAL
Node04,283,184.758,280.526,2215.88,81.293,100.0,CRITICAL,4.746678571428573,2.2719285714285706,21.9708121357578,0.9929701477068404,6.946607142857141,-3.5983214285714293,32.13318282739897,0.9869760103654719,38.26964285714288,70.57535714285714,271.2981650544374,0.9311009754236956,3.8263928571428574,0.21589285714285822,19.054406563212368,0.9832583902429071,97.573598335692,CRITICAL
Node04,284,167.06,262.584,2291.06,72.536,100.0,CRITICAL,5.984785714285716,1.2381071428571433,21.508786223530237,0.9931355158985227,8.583392857142858,1.6367857142857165,32.474115993686866,0.9788851978084686,73.7717857142857,35.50214285714282,331.0810293424801,0.9435223719239828,3.0149642857142864,-0.8114285714285709,18.473788121861435,0.9742718789198069,97.60805304913139,CRITICAL
Node04,285,181.712,224.128,2440.89,60.501,100.0,CRITICAL,6.225214285714286,0.24042857142856988,21.68318870088289,0.9934671882642306,-1.8038571428571462,-10.387250000000003,26.759715174831282,0.9788731365834232,144.39964285714282,70.62785714285712,406.05824762793156,0.9546102714347978,-1.8960714285714289,-4.911035714285715,13.869812423629483,0.98374664606843,98.01979911209546,CRITICAL
Node04,286,208.565,273.809,2416.18,49.434,100.0,CRITICAL,6.4326785714285695,0.20746428571428321,22.092953347595873,0.9939192543047353,3.82814285714286,5.632000000000006,25.77878588241558,0.9737414818053358,189.22642857142856,44.826785714285734,446.5448647432544,0.9578116475271888,-2.2030357142857144,-0.3069642857142856,14.370401011735732,0.9802543380696214,97.95938729546512,CRITICAL
Node04,287,159.879,329.912,2270.72,41.163,100.0,CRITICAL,-0.779750000000004,-7.212428571428574,18.445959407853813,0.9964306580208392,5.92157142857143,2.09342857142857,31.517646214537688,0.9787173426476612,157.7803571428571,-31.446071428571457,411.7379373952273,0.9828001979014546,-5.226035714285715,-3.023,17.10648064052808,0.985693543444946,98.83572303620436,CRITICAL
Node04,288,160.45,227.059,1752.36,52.066,100.0,CRITICAL,-4.903071428571432,-4.123321428571428,19.754747916338882,0.9979441447834142,-0.03464285714285913,-5.956214285714289,35.68817148513469,0.950422461310199,29.19607142857138,-128.58428571428573,341.84291238464925,0.9683702483534623,-3.254035714285714,1.9720000000000004,14.447479130910532,0.9785955821356589,97.81458800006172,CRITICAL
Node04,289,163.623,250.453,2426.01,54.745,100.0,CRITICAL,-3.516357142857146,1.3867142857142865,17.793018301730438,0.997024699370461,-1.9816071428571445,-1.9469642857142853,36.179242067398654,0.980437144541316,-22.042142857142853,-51.238214285714236,239.92724215597408,0.9914966781781818,-4.9972142857142865,-1.7431785714285724,13.89291744876127,0.9872390336111762,99.12888212753585,CRITICAL
Node04,290,244.972,328.659,1777.33,69.428,100.0,CRITICAL,5.33725,8.853607142857147,32.053179264347264,0.9940193984441534,7.29017857142857,9.271785714285715,43.634573894474784,0.9799447942496888,-79.81321428571427,-57.77107142857142,302.2345987726059,0.9933293624002733,-0.6501428571428575,4.347071428571429,11.146411316567107,0.9698126841027571,98.86633200164891,CRITICAL
Node04,291,246.42,236.439,2587.18,87.841,100.0,CRITICAL,9.667214285714286,4.3299642857142855,38.54314796741563,0.9950039888812788,2.399071428571428,-4.891107142857143,45.54646016928627,0.9807626994417971,-24.41214285714284,55.40107142857143,336.481163004919,0.9824407416363496,4.842499999999999,5.492642857142857,15.372996361895657,0.984911814535968,98.8236736266713,CRITICAL
Node04,292,177.994,300.997,2339.14,69.119,100.0,CRITICAL,5.924678571428572,-3.7425357142857134,38.78307945851792,0.9938563095114342,-0.13507142857142895,-2.534142857142857,42.59989042518883,0.9605251956409313,15.241785714285722,39.653928571428565,328.3897939151262,0.9131030133903062,6.063321428571428,1.220821428571429,15.82267579261154,0.9842913794239392,96.58833822901939,CRITICAL
Node04,293,236.822,362.489,2556.32,76.928,100.0,CRITICAL,12.45407142857143,6.529392857142858,41.83453905054326,0.9952843886608302,8.271178571428573,8.406250000000002,52.99722317478619,0.9814975438167218,78.26892857142859,63.02714285714286,345.8564564685072,0.9470123961059616,6.232035714285714,0.1687142857142856,16.016925734984227,0.9806011678905598,97.88805570826317,CRITICAL
Node04,294,212.217,345.09,2997.24,94.975,100.0,CRITICAL,8.38289285714286,-4.07117857142857,38.288712855655746,0.9948817796622931,19.660821428571428,11.389642857142855,55.128954853921485,0.9853520051449567,162.7525,84.48357142857141,448.8377890730681,0.9598835534731229,6.170857142857143,-0.06117857142857108,15.879306920823534,0.9517998653591729,97.92069438761288,CRITICAL
Node04,295,220.855,253.857,2338.24,78.178,100.0,CRITICAL,3.449571428571429,-4.93332142857143,32.690913481971016,0.9934483675901387,6.040142857142855,-13.620678571428574,50.52252702979325,0.9858065606610753,76.6303571428571,-86.1221428571429,366.3045720305388,0.9790029032497923,3.9457142857142853,-2.2251428571428575,13.21672480501234,0.9769932207714884,98.70256038530256,CRITICAL
Node04,296,240.546,405.605,2759.2,51.069,100.0,CRITICAL,-1.0780357142857153,-4.5276071428571445,24.583049552195803,0.9973051333661859,11.063107142857145,5.02296428571429,59.930151097916045,0.9838446014234258,110.92249999999999,34.29214285714289,386.54034493427037,0.9535801770081681,-1.733821428571428,-5.679535714285713,14.230920992181575,0.9820042157264982,98.17482694530668,CRITICAL
Node04,297,282.116,378.01,2636.02,103.902,100.0,CRITICAL,7.722321428571427,8.800357142857143,32.251619280868596,0.99497263093355,18.760607142857143,7.697499999999998,64.0166288861916,0.9857383905426997,27.448571428571427,-83.47392857142856,232.0397982284607,0.9731048106782259,0.4761785714285724,2.2100000000000004,17.43853488548797,0.9723119964912612,98.52989351539622,CRITICAL
Node04,298,221.197,321.499,3057.68,152.719,100.0,CRITICAL,8.875928571428569,1.1536071428571413,31.644436619291874,0.9946201176429574,5.466535714285718,-13.294071428571424,50.896009859974946,0.9868441730691393,74.17785714285712,46.729285714285695,288.3700860584074,0.9501850797227867,9.315785714285713,8.83960714285714,32.69195428906163,0.9902877417581094,98.18913991796158,CRITICAL
Node04,299,215.805,346.495,2488.61,45.418,100.0,CRITICAL,0.5774999999999996,-8.29842857142857,24.14555567110988,0.9887360918026474,1.0353214285714347,-4.431214285714283,48.18286662536898,0.9792110047008625,7.697500000000007,-66.48035714285712,264.40161602596686,0.9601134158450952,1.6672142857142862,-7.648571428571427,36.20039959000716,0.9624688213152854,97.77537376668066,CRITICAL
Node04,300,311.792,421.015,2847.73,80.437,100.0,CRITICAL,9.616999999999999,9.0395,38.55640386066452,0.9954983431375245,11.748035714285717,10.712714285714283,56.19209663839789,0.9843895325079,5.381785714285765,-2.3157142857142423,262.6945973758809,0.9583050139996455,-0.26728571428571407,-1.9345000000000003,36.07517220762118,0.9674794753166192,98.0756264830776,CRITICAL
Node04,301,207.815,410.287,3283.26,101.145,100.0,CRITICAL,1.3236071428571432,-8.293392857142855,39.18255945965658,0.991045387890946,16.73553571428571,4.987499999999994,59.92588568072271,0.9857770634190312,102.3110714285715,96.92928571428573,325.53556470910553,0.9559361120008527,2.46975,2.737035714285714,36.38591389927858,0.9827128919106402,98.12538021675594,CRITICAL
Node04,302,202.908,349.638,2506.77,72.646,100.0,CRITICAL,-6.10432142857143,-7.4279285714285725,41.388625787424104,0.9982683699799458,-0.13682142857143528,-16.872357142857144,37.89956185259992,0.963152490201802,11.687142857142899,-90.62392857142859,292.59118746290426,0.964756301537219,-0.4666071428571433,-2.936357142857143,36.68232954123045,0.977362161352,97.98548709771399,CRITICAL
Node04,303,279.375,352.991,2732.85,135.128,100.0,CRITICAL,-1.885392857142857,4.218928571428572,43.948159399131015,0.9971830740021468,1.607607142857138,1.7444285714285732,36.24916047960546,0.9697565364327564,-0.5957142857142799,-12.282857142857178,293.32770188858416,0.9536800119039447,-0.38360714285714387,0.08299999999999941,36.808909653842804,0.9559206612417376,97.54232352063356,CRITICAL
Node04,304,324.807,475.921,3523.42,116.452,100.0,CRITICAL,11.75307142857143,13.638464285714287,52.03614403790248,0.9958373455799782,14.46003571428571,12.852428571428572,54.697901976392544,0.9860983935849833,55.16928571428572,55.765,389.90035739306285,0.9490071145980057,2.243857142857142,2.627464285714286,37.40136448873286,0.983295159639693,98.08513788362556,CRITICAL
Node04,305,277.058,384.188,2956.48,62.502,100.0,CRITICAL,10.048178571428574,-1.7048928571428554,50.80135424516612,0.9956991515385308,5.914107142857142,-8.545928571428568,47.72364395489235,0.9881298324523429,78.73499999999999,23.565714285714265,385.8010994207841,0.9503096822052152,5.616607142857142,3.3727500000000004,31.514381107980643,0.9831963898864021,98.15673817112943,CRITICAL
Node04,306,214.387,429.246,3432.92,57.681,100.0,CRITICAL,-1.1367857142857107,-11.184964285714285,51.00906421691849,0.9972063239546244,3.527785714285715,-2.3863214285714265,44.8804212653177,0.986834295213872,75.66642857142857,-3.068571428571417,380.7609635978983,0.982232252274325,-3.6338571428571425,-9.250464285714285,29.015598538914002,0.9863005934611234,99.0212450337623,CRITICAL
Node04,307,344.498,455.892,3029.07,116.285,100.0,CRITICAL,15.381785714285714,16.518571428571423,57.63910560672205,0.996259221602797,11.686714285714288,8.158928571428573,48.92508710944384,0.984909077564809,46.90571428571429,-28.76071428571428,371.5170980747788,0.9783804156315313,-2.0405714285714285,1.593285714285714,30.2995011007175,0.9828063193327425,98.81340921922002,CRITICAL
Node04,308,263.051,369.469,3396.57,130.939,100.0,CRITICAL,7.151964285714285,-8.22982142857143,52.11675936367714,0.9951272040735268,7.807857142857145,-3.878857142857143,51.036918694309165,0.9888760474100627,113.26214285714289,66.35642857142861,384.7727685147121,0.957828349151025,2.800785714285714,4.8413571428571425,33.32242928176298,0.9851477866378306,98.37461689432224,CRITICAL
Node04,309,330.948,557.429,3077.29,120.36,100.0,CRITICAL,3.5231071428571386,-3.628857142857146,45.78906108605916,0.9945704441857958,16.861214285714286,9.053357142857141,71.505537654353,0.9876198044603985,30.436071428571445,-82.82607142857145,291.6244897613564,0.9756293097657679,1.3733214285714292,-1.4274642857142847,31.93072060988706,0.9740928772436311,98.64669875540464,CRITICAL
Node04,310,404.042,515.733,2930.9,119.588,100.0,CRITICAL,14.076749999999993,10.553642857142854,62.055561990080804,0.9964244165694274,14.50503571428571,-2.3561785714285772,67.83639360851609,0.9920288137978985,-56.153214285714284,-86.58928571428572,249.35817408088388,0.9940891881194502,7.085071428571427,5.7117499999999986,30.020384052617757,0.9882507167432486,99.43890585124815,CRITICAL
Node04,311,334.965,586.826,3401.92,155.235,100.0,CRITICAL,19.267178571428566,5.190428571428573,62.6194214160127,0.9964583537009085,31.51517857142857,17.01014285714286,84.36304180487703,0.9899494618004646,13.589285714285714,69.74249999999999,225.56864582860888,0.9232612878752661,14.503142857142858,7.418071428571431,35.844342337655576,0.9915472435434752,97.63150427863162,CRITICAL
Node04,312,401.589,438.348,3237.01,54.851,100.0,CRITICAL,24.411821428571425,5.144642857142859,69.10437973095482,0.9969588111131398,15.551357142857148,-15.963821428571423,77.22902345929404,0.9916026593493678,-10.989285714285709,-24.578571428571422,204.17601505517126,0.9908126841078665,2.073535714285716,-12.429607142857142,37.57147113550006,0.9675576361505421,99.09608950022914,CRITICAL
Node04,313,383.802,506.505,4322.62,126.614,100.0,CRITICAL,14.250178571428576,-10.16164285714285,49.79995647731891,0.9966536601984644,11.39264285714286,-4.158714285714288,74.40379418064774,0.9913654367853243,138.79142857142855,149.78071428571425,468.3670716334317,0.9641874180434659,-3.0826428571428552,-5.156178571428571,30.622012235209716,0.9898754734499406,98.68887531334411,CRITICAL
Node04,314,256.538,567.877,4163.64,115.486,100.0,CRITICAL,2.9898571428571494,-11.260321428571427,61.64938087512083,0.9936075861869539,14.856821428571427,3.464178571428567,77.80213774850981,0.987252780399948,182.0707142857143,43.27928571428575,533.7029942277062,0.9663485319896976,-3.520999999999998,-0.4383571428571429,30.629636462248847,0.9898590656827729,98.57870568445885,CRITICAL
Node04,315,455.204,466.449,3695.61,119.215,100.0,CRITICAL,4.521321428571436,1.5314642857142862,64.75348205419425,0.9952417294807229,-8.891892857142853,-23.74871428571428,54.61048943502825,0.9904906110935072,187.18357142857147,5.112857142857166,535.6094514173728,0.9648324477945387,-1.437857142857142,2.083142857142856,30.09337037732176,0.981147557576886,98.5394483653615,CRITICAL
Node04,316,412.564,493.474,3725.03,98.705,100.0,CRITICAL,4.32117857142858,-0.20014285714285585,64.58508826015048,0.995372782037618,-6.357214285714284,2.534678571428569,52.59434442617425,0.9847358691817719,139.15714285714287,-48.026428571428596,495.377935846773,0.9856872323120822,-2.6447857142857143,-1.2069285714285722,30.666903847944088,0.9881585371571332,99.04168893478345,CRITICAL
Node04,317,284.092,419.8,3130.81,70.277,100.0,CRITICAL,-2.116678571428569,-6.437857142857149,72.11699923008709,0.99795695882016,-15.388642857142859,-9.031428571428574,62.620931924899175,0.9915313427107545,-16.582142857142863,-155.73928571428573,451.5390479766053,0.9917480006052135,-6.234464285714287,-3.5896785714285726,34.299754785323664,0.9893126160802991,99.42125335297436,CRITICAL
Node04,318,475.976,600.716,3859.02,147.282,100.0,CRITICAL,6.420249999999998,8.536928571428566,82.49805669024373,0.9957998184759782,8.546107142857144,23.93475,66.06551812513739,0.9853576326365536,-34.15000000000003,-17.567857142857164,439.5230238727952,0.9939427028487714,5.279928571428572,11.514392857142859,32.47113420372302,0.9883175307292322,99.27833250410559,CRITICAL
Node04,319,442.693,573.661,3477.52,206.708,100.0,CRITICAL,15.872749999999995,9.452499999999997,85.58023586669998,0.996689279556848,7.874892857142855,-0.6712142857142886,65.14256667969912,0.9908853684922168,-132.47642857142858,-98.32642857142855,402.0561769205891,0.9957644562511317,9.104857142857144,3.824928571428572,42.76483127412947,0.9914584729616912,99.50497987382467,CRITICAL
Node04,320,492.645,673.037,5288.61,189.784,100.0,CRITICAL,26.668249999999993,10.795499999999999,94.29031187242938,0.9972982331474476,22.755214285714292,14.880321428571436,86.87704095142853,0.9895863077283585,109.7399999999999,242.21642857142848,688.2010606266304,0.9648954096794715,15.944892857142857,6.8400357142857136,49.040230443993636,0.992488839864307,98.71887963958397,CRITICAL
Node04,321,429.291,479.555,3475.07,98.958,100.0,CRITICAL,8.607999999999995,-18.060249999999996,68.78017947538859,0.9963004445361993,19.725178571428575,-3.0300357142857166,88.90694759289464,0.9924849502382236,100.43749999999997,-9.302499999999924,694.3783284931582,0.9837443894435542,9.207785714285714,-6.737107142857143,50.531298002421465,0.9838480397448873,99.12551096579327,CRITICAL
Node04,322,488.253,740.384,3577.97,111.77,100.0,CRITICAL,19.076214285714283,10.468214285714287,72.05552331758771,0.9970013703817077,33.30575,13.580571428571428,113.4226775208556,0.9910884873935609,59.890357142857106,-40.547142857142866,698.9429287110916,0.9813124099659877,4.966392857142858,-4.2413928571428565,50.946196824736205,0.9816427282589563,99.02357654128109,CRITICAL
Node04,323,317.141,515.046,5547.19,141.774,100.0,CRITICAL,3.9392500000000035,-15.13696428571428,84.36755595578421,0.9946469111289398,16.82028571428572,-16.485464285714283,111.31279289418967,0.9923679998843423,238.73535714285708,178.84499999999997,960.7463198967966,0.9725731879487746,1.2756071428571414,-3.690785714285717,48.8218226923166,0.97536730673914,98.68786568494804,CRITICAL
Node04,324,394.162,620.105,4270.64,150.329,100.0,CRITICAL,-17.890642857142858,-21.829892857142863,62.56300362225342,0.9990699894597991,0.2958571428571507,-16.52442857142857,89.31575248468079,0.9767829481616217,130.8414285714286,-107.89392857142849,871.240021879051,0.9862860659400549,-7.097892857142858,-8.3735,38.59814082310183,0.9926835383213273,99.03993217472767,CRITICAL
Node04,325,375.845,601.065,4543.3,149.141,100.0,CRITICAL,-18.202142857142853,-0.3114999999999952,62.89449232037805,0.999054731445606,0.4228214285714407,0.12696428571429003,89.31608322479802,0.9646839550917669,115.48285714285718,-15.358571428571409,863.1607177775675,0.9861572920886569,-7.456964285714285,-0.3590714285714274,38.586609809868605,0.9923431234682677,98.77481547004416,CRITICAL
Node04,326,568.518,589.414,3944.31,167.236,100.0,CRITICAL,0.9512857142857213,19.153428571428574,84.67008935217183,0.9931436265962199,-4.576000000000001,-4.998821428571442,88.72636292181335,0.9895664578042007,-42.99178571428566,-158.47464285714284,803.9987064636595,0.9944000383271588,2.5457499999999995,10.002714285714285,31.024027337502382,0.9862974778293765,99.28594352620998,CRITICAL
Node04,327,417.014,770.705,4111.55,239.025,100.0,CRITICAL,6.5143928571428615,5.56310714285714,81.28980802746958,0.9955621854529512,23.48317857142857,28.05917857142857,107.36082128793095,0.9902888894263939,58.50821428571432,101.49999999999997,697.9387270111213,0.9530777979605989,19.232142857142858,16.68639285714286,45.36551369865503,0.9935936925464898,98.40227805732415,CRITICAL
Node04,328,375.5,710.926,5475.25,200.008,100.0,CRITICAL,1.2801071428571456,-5.234285714285716,83.56699611460884,0.9930616088745237,14.009035714285716,-9.474142857142855,92.75571898784666,0.993024189984853,89.0796428571429,30.571428571428584,754.0885977977464,0.9632714363594572,17.004392857142857,-2.2277500000000003,41.92705152773713,0.9901555041025122,98.61273936795166,CRITICAL
Node04,329,617.638,839.84,6599.84,92.107,100.0,CRITICAL,32.33342857142857,31.053321428571426,111.08804989886777,0.9976961363933151,47.345142857142854,33.33610714285714,114.12387086386609,0.99241384108336,183.40785714285718,94.32821428571428,974.0190353376056,0.9725562708054453,1.4371785714285719,-15.567214285714286,46.54039638646757,0.9712462036707401,98.71361960339173,CRITICAL
Node04,330,517.673,713.619,4991.66,129.722,100.0,CRITICAL,23.610750000000003,-8.722678571428567,100.04159097404964,0.9974849774777498,31.414428571428573,-15.93071428571428,93.84230529888704,0.9945261339029344,278.8242857142856,95.41642857142844,937.0365502196908,0.9725436763133343,-5.1113214285714275,-6.548499999999999,47.65751278804694,0.991382142713316,99.00953333670478,CRITICAL
Node04,331,446.627,891.259,6369.03,222.971,100.0,CRITICAL,11.117142857142854,-12.49360714285715,95.57379588369946,0.9966332306315191,42.43310714285714,11.018678571428566,113.0931325189659,0.9923680033000312,359.2921428571428,80.46785714285716,1050.3212645571602,0.9770998765400172,-0.016285714285711857,5.095035714285715,52.58063621035518,0.9283403083248071,98.25435323414112,CRITICAL
Node04,332,641.685,849.721,4824.26,125.542,100.0,CRITICAL,15.032142857142848,3.914999999999994,102.5769723652392,0.9971520446846234,36.59721428571429,-5.835892857142852,104.18837230662913,0.9951639365410335,238.25785714285712,-121.03428571428566,1028.5104285139284,0.9891260176184807,-8.124142857142855,-8.107857142857144,54.95306844849304,0.9923812631975291,99.45018534599461,CRITICAL
Node04,333,663.799,884.004,6653.07,129.426,100.0,CRITICAL,39.34692857142856,24.314785714285716,116.6662678604068,0.9978969039554462,23.889499999999995,-12.707714285714292,76.57542809979364,0.994603956246148,217.56321428571422,-20.694642857142895,991.5095934218784,0.9903238086328368,-12.388035714285717,-4.263892857142862,56.87527392294057,0.9933720824870909,99.50045629294226,CRITICAL
Node04,334,511.308,847.642,6982.3,84.014,100.0,CRITICAL,22.27707142857142,-17.069857142857142,107.07429466140832,0.9974265585879517,22.6635,-1.2259999999999955,75.74978441773503,0.9944142605494752,159.2932142857143,-58.269999999999925,871.8102644388584,0.9896117999103171,-9.911571428571433,2.4764642857142842,52.18196856468444,0.987546078110767,99.39199367429447,CRITICAL
Node04,335,459.417,648.226,5097.74,261.389,100.0,CRITICAL,-9.650750000000007,-31.927821428571427,88.83986674241201,0.998955639773368,-11.216107142857144,-33.87960714285714,92.57626583782796,0.9923404262942985,-8.606428571428589,-167.89964285714288,919.0021016013071,0.9919404403419704,11.531607142857142,21.443178571428575,66.91708427954846,0.9928317937194914,99.51368947161849,CRITICAL
Node04,336,649.579,880.008,6636.38,199.98,100.0,CRITICAL,10.390035714285707,20.040785714285715,93.52015239941348,0.9968368199304978,0.39364285714285885,11.609750000000004,95.87571249874944,0.9694672042778119,162.4864285714286,171.09285714285718,923.5261267271322,0.9716383900034196,8.788642857142856,-2.7429642857142866,63.901281572587,0.9880249538592702,98.39461410592408,CRITICAL
Node04,337,704.642,780.675,5498.67,256.328,100.0,CRITICAL,20.90896428571429,10.518928571428583,106.62224742631388,0.997526081370878,-18.105571428571434,-18.49921428571429,86.82266119099158,0.9938895373497836,-19.363214285714257,-181.84964285714287,854.3814859383867,0.9938812937131856,13.603928571428568,4.815285714285713,69.97308437875374,0.9931161877647098,99.56327212732657,CRITICAL
Node04,338,437.977,718.541,7538.31,230.234,100.0,CRITICAL,-13.970249999999993,-34.87921428571428,108.49229120541239,0.9990448835796576,-20.279714285714284,-2.1741428571428507,89.6596860594867,0.9938689701374113,195.9796428571429,215.34285714285716,1032.325458135314,0.9746100812460047,24.42307142857143,10.819142857142861,70.71778501130223,0.9939332083546667,99.12056562499637,CRITICAL
Node04,339,612.735,791.969,7122.03,321.308,100.0,CRITICAL,-1.9510357142857089,12.019214285714284,106.33266468762753,0.9980418961981435,-14.352071428571426,5.9276428571428585,87.07706355429137,0.9902875317881948,104.27964285714289,-91.7,885.864082603883,0.9883241010885989,30.82232142857143,6.399250000000002,81.6783073051719,0.9951254626734645,99.38379263039775,CRITICAL
Node04,340,496.894,814.623,5765.13,165.902,100.0,CRITICAL,1.8497142857142908,3.80075,102.27813390246926,0.9940268109251847,0.9629285714285751,15.315000000000001,78.52168475802144,0.9756719734242748,46.392857142857146,-57.88678571428574,923.7361615691335,0.9836987911094193,14.134142857142853,-16.68817857142858,76.54882025310943,0.9886954825559974,98.77089968973722,CRITICAL
Node04,341,708.465,1120.616,6844.52,299.623,100.0,CRITICAL,12.49525000000001,10.64553571428572,115.14891454547023,0.9971211008774098,46.34621428571428,45.383285714285705,150.61074891919233,0.9932899959426597,182.90000000000006,136.50714285714292,910.061110036024,0.9729695950272925,3.983071428571427,-10.151071428571427,54.23564697336105,0.9873538311676201,98.93348650673857,CRITICAL
Node04,342,762.53,951.3,5385.18,130.68,100.0,CRITICAL,14.47914285714286,1.98389285714285,118.57935799206169,0.9973348049172667,35.35142857142856,-10.994785714285719,135.0578373978031,0.9953550638298282,-101.25285714285711,-284.15285714285716,848.1206838202977,0.9962308139670991,-6.630071428571426,-10.613142857142854,69.21813193741046,0.9920502342266527,99.635858874325,CRITICAL
Node04,343,818.51,1134.049,7334.01,88.023,100.0,CRITICAL,38.801428571428566,24.322285714285705,139.78357630927007,0.9980779750609731,66.22453571428571,30.873107142857144,169.40483894547654,0.9939993354260329,32.937500000000036,134.19035714285715,918.7649243024962,0.9569037545749404,-25.91814285714285,-19.288071428571424,87.58079663645559,0.9936768613553354,98.64389996579952,CRITICAL
Node04,344,819.555,1052.845,7016.86,202.395,100.0,CRITICAL,65.06857142857142,26.26714285714285,153.50579724774784,0.998354595590339,65.13389285714285,-1.0906428571428535,168.23261406825398,0.9963023999448849,-54.29785714285718,-87.23535714285723,817.0327555536675,0.9959689265797229,-20.903892857142857,5.014249999999993,85.49747294009839,0.9932662520464401,99.69082052775748,CRITICAL
Node04,345,712.094,989.457,8458.27,348.576,100.0,CRITICAL,37.623,-27.44557142857142,116.3312777557511,0.9981046362466565,38.6550357142857,-26.47885714285715,136.88493106968485,0.9955564567161332,250.0596428571429,304.3575000000001,1020.2310969812767,0.9775276978296327,-2.0289285714285676,18.874964285714288,101.43020216127044,0.9894300795460597,99.14943273837547,CRITICAL
Node04,346,840.978,999.702,9497.72,385.597,100.0,CRITICAL,39.161964285714284,1.538964285714286,118.3271310882311,0.9981064883623378,14.087999999999997,-24.567035714285705,109.23814495818189,0.9940220787891825,573.4624999999999,323.402857142857,1437.1075358146436,0.9832755955601796,29.59664285714286,31.62557142857143,114.0131033079302,0.9954534631852366,99.34024396990608,CRITICAL
Node04,347,752.425,1031.622,9014.44,403.149,100.0,CRITICAL,6.512857142857135,-32.64910714285715,53.64231496815601,0.9968747779802896,-11.241785714285701,-25.3297857142857,67.85465904135874,0.9937834367606057,566.3964285714285,-7.066071428571377,1426.4168140567501,0.9936470404924524,38.605892857142855,9.009249999999994,125.89232610543858,0.9958834117467297,99.5737179019886,CRITICAL
Node04,348,650.23,1253.883,8049.56,107.693,100.0,CRITICAL,-15.987392857142854,-22.50024999999999,68.00417168681285,0.9992322875613192,23.205428571428588,34.44721428571429,103.56233531182124,0.9921591056875247,494.1021428571429,-72.29428571428559,1385.1022535108923,0.9930388593805546,26.58903571428571,-12.016857142857145,137.56479065326343,0.988634763872925,99.49138848225748,CRITICAL
Node04,349,675.532,1011.421,6423.82,176.64,100.0,CRITICAL,-25.97332142857142,-9.985928571428566,76.0454367595609,0.9993475422772781,2.7270357142857256,-20.47839285714286,95.30782769156852,0.9903040803090978,-3.892857142857143,-497.99500000000006,1108.5387755724284,0.9907991984819632,4.679285714285707,-21.909750000000003,132.59503062888967,0.9847503653942952,99.34827075470623,CRITICAL
Node04,350,776.201,1240.927,9868.35,322.106,100.0,CRITICAL,-14.06907142857142,11.904250000000001,71.49381722185755,0.9990259452078643,30.79839285714285,28.071357142857124,114.38471356598059,0.9927593229590376,108.47892857142863,112.37178571428576,1268.2964816991635,0.9731883961261476,-9.380107142857145,-14.059392857142853,114.862333555891,0.9952148157648502,99.0765902178987,CRITICAL
Node04,351,771.135,970.901,7118.46,320.019,100.0,CRITICAL,-1.0472857142857126,13.021785714285707,65.35043546326291,0.9978727274211204,14.520749999999989,-16.27764285714286,121.91118181946659,0.9939976688991334,-209.59964285714287,-318.0785714285715,1251.1941982286173,0.9973256894835547,-15.684357142857143,-6.304249999999998,110.47464656610023,0.9958839115797229,99.69752996781726,CRITICAL
Node04,352,714.636,1124.5,10808.4,151.499,100.0,CRITICAL,-7.7012499999999955,-6.653964285714283,65.17765654183734,0.999084169645746,8.571285714285702,-5.949464285714287,117.43547836395705,0.9934233506024476,69.95964285714285,279.5592857142857,1562.526098084521,0.9707213299489552,-23.36217857142857,-7.677821428571425,119.25662896519782,0.9948887070442508,99.0251174547811,CRITICAL
Node04,353,856.148,1243.239,9417.16,131.748,100.0,CRITICAL,19.128000000000004,26.82925,69.21555611964973,0.9976722324838939,11.984464285714276,3.413178571428574,122.06312003046385,0.9904200507362017,265.01714285714274,195.0574999999999,1555.8071959367496,0.9789299895228422,-20.829,2.533178571428568,115.60601378203225,0.9918305708098183,99.09562251714124,CRITICAL
Node04,354,894.494,1251.59,7163.13,274.637,100.0,CRITICAL,36.87353571428571,17.745535714285705,90.28979580666646,0.9981247864823288,12.154642857142846,0.17017857142857018,122.26739981793222,0.9904885629744147,152.40857142857138,-112.60857142857137,1642.7113349856925,0.9895941572206448,8.587178571428572,29.416178571428574,91.23764483557682,0.9923451996724263,99.38711632345557,CRITICAL
Node04,355,764.359,1391.984,9264.26,217.344,100.0,CRITICAL,21.002857142857145,-15.870678571428563,75.7441372466417,0.9978139579004215,51.26260714285713,39.10796428571428,148.8302691860765,0.9940911551938011,193.19928571428574,40.79071428571436,1662.698159903841,0.9767154427146688,-5.753464285714285,-14.340642857142857,78.91569380403007,0.9933964363005637,99.14074132638527,CRITICAL
Node04,356,852.521,1252.654,8458.6,426.812,100.0,CRITICAL,14.116642857142855,-6.88621428571429,64.12588208842861,0.997655798800931,35.87275,-15.389857142857124,131.1502718836025,0.9959125249516275,-127.96142857142854,-321.1607142857143,1375.9517820991782,0.9971317328073614,8.282357142857142,14.035821428571428,104.44861297854968,0.993647359515193,99.69922704505225,CRITICAL
Node04,357,736.051,1080.049,8793.89,161.024,100.0,CRITICAL,2.8117500000000057,-11.30489285714285,68.68272964317956,0.9959428730823586,26.160607142857145,-9.712142857142858,138.86571681509957,0.9951994215443696,6.206785714285713,134.16821428571424,1304.236226289803,0.9359248821028321,5.687035714285715,-2.5953214285714274,107.08373129605502,0.985000167437024,97.96936759986227,CRITICAL
Node04,358,708.13,1372.587,11859.52,517.293,100.0,CRITICAL,-10.774464285714284,-13.58621428571429,76.54181815190962,0.9991684447776729,14.962321428571427,-11.198285714285719,115.26532224683477,0.9949060476580358,114.36750000000006,108.16071428571435,1544.2670479535716,0.9756475696741197,46.71817857142857,41.031142857142854,149.19594188946868,0.9965229947396473,99.20523006418446,CRITICAL
Node04,359,1165.008,1449.363,10782.09,383.467,100.0,CRITICAL,18.76942857142857,29.543892857142854,153.6217413361236,0.9979616819164444,19.586821428571437,4.62450000000001,123.64950372187778,0.9922704499908515,464.90000000000003,350.53249999999997,1540.2805053934944,0.9831804778060428,42.29103571428571,-4.427142857142854,144.53426967529683,0.9943900021039104,99.28334466205386,CRITICAL
Node04,360,849.694,1456.706,12049.68,139.122,100.0,CRITICAL,18.66096428571428,-0.10846428571429101,153.62477919423085,0.9971506920325027,30.358535714285722,10.771714285714285,135.48089834082919,0.9932315243925894,753.4367857142859,288.5367857142858,1839.9010428462364,0.9861183549665203,0.577928571428572,-41.71310714285714,143.10846180831817,0.9687110628800575,99.03059664353836,CRITICAL
Node04,361,1131.492,1317.813,9655.17,188.132,100.0,CRITICAL,54.453642857142846,35.79267857142857,186.84475845981004,0.9984987864371766,19.81803571428573,-10.54049999999999,132.0014233758034,0.9952296978574502,369.3960714285714,-384.04071428571444,1452.3002738053995,0.9930026540927495,-15.73475,-16.31267857142857,149.53774168273182,0.994781282447286,99.61537916418682,CRITICAL
Node04,362,935.508,1641.746,9081.48,483.799,100.0,CRITICAL,42.19310714285714,-12.260535714285709,179.20135563462046,0.9983801178498055,61.675821428571446,41.85778571428571,177.09796198902652,0.994806809054051,135.0485714285714,-234.34750000000003,1471.8315574011538,0.990298301937248,-5.464071428571431,10.270678571428569,161.2775074188527,0.9931997413325114,99.51424109895797,CRITICAL
Node04,363,766.341,1162.351,11024.66,515.471,100.0,CRITICAL,18.289642857142855,-23.903464285714282,186.70777505005745,0.9977241970446401,23.345500000000023,-38.33032142857142,189.6808165364974,0.9951943520204108,0.3324999999999818,-134.7160714285714,1305.8976875551566,0.9656111900707453,28.607785714285715,34.07185714285715,173.31513718025187,0.9959676908163627,98.91152040978467,CRITICAL
Node04,364,1211.283,1302.79,10254.08,174.973,100.0,CRITICAL,28.49782142857142,10.208178571428565,203.29321374790743,0.9982324857309611,-21.370535714285705,-44.716035714285724,150.66083149657078,0.9953774688118778,-260.692142857143,-261.02464285714296,1094.1547754730484,0.9978741883802811,-14.938392857142857,-43.54617857142857,170.96267404305647,0.9945245673657347,99.73267963600219,CRITICAL
Node04,365,1083.864,1920.227,9192.22,493.196,100.0,CRITICAL,4.092678571428569,-24.405142857142852,170.59213002823847,0.996951844747623,33.90350000000001,55.274035714285716,251.11561090196417,0.994212550292131,-249.6900000000001,11.002142857142871,1076.1257602312724,0.9950089982959354,26.00814285714286,40.946535714285716,167.070796434155,0.9957682624869728,99.61806353802743,CRITICAL
